{"type":"FeatureCollection","features":[{"type":"Feature","properties":{"level":"village","regency":"Surabaya","district":"Gubeng","village":"Airlangga"},"geometry":{"type":"MultiPolygon","coordinates":[[[[112.7608,-7.2659],[112.7608,-7.2671],[112.7607,-7.2687],[112.7607,-7.2701],[112.7605,-7.2712],[112.7611,-7.2721],[112.7618,-7.2732],[112.7623,-7.2741],[112.7624,-7.2751],[112.7624,-7.2761],[112.7622,-7.2772],[112.7622,-7.2788],[112.7609,-7.2791],[112.7592,-7.2788],[112.7569,-7.2785],[112.7558,-7.2784],[112.7546,-7.2781],[112.7523,-7.2777],[112.7525,-7.2762],[112.7527,-7.2749],[112.7529,-7.2737],[112.7538,-7.273],[112.7544,-7.272],[112.7542,-7.2706],[112.7544,-7.269],[112.7552,-7.2681],[112.7553,-7.267],[112.756,-7.2662],[112.7571,-7.2657],[112.7586,-7.2658],[112.7599,-7.2658],[112.7608,-7.2659]]]]}},{"type":"Feature","properties":{"level":"village","regency":"Surabaya","district":"Bubutan","village":"Alon-Alon Contong"},"geometry":{"type":"MultiPolygon","coordinates":[[[[112.7422,-7.2477],[112.7418,-7.2486],[112.7411,-7.2493],[112.7402,-7.25],[112.7393,-7.2505],[112.7384,-7.251],[112.7376,-7.2516],[112.7372,-7.2525],[112.7376,-7.2536],[112.7377,-7.2546],[112.7384,-7.2556],[112.7399,-7.2557],[112.741,-7.2557],[112.7422,-7.2557],[112.741,-7.2561],[112.7396,-7.2561],[112.738,-7.256],[112.737,-7.2558],[112.7358,-7.2558],[112.7348,-7.2558],[112.7342,-7.2549],[112.7346,-7.2538],[112.7351,-7.2526],[112.7354,-7.2516],[112.7358,-7.2506],[112.7362,-7.2494],[112.7365,-7.2483],[112.7369,-7.247],[112.7371,-7.2458],[112.7382,-7.2451],[112.7395,-7.245],[112.7408,-7.2446],[112.7418,-7.2442],[112.7428,-7.2443],[112.743,-7.2453],[112.7428,-7.2463],[112.7424,-7.2472],[112.7422,-7.2477]]]]}},{"type":"Feature","properties":{"level":"village","regency":"Surabaya","district":"Semampir","village":"Ampel"},"geometry":{"type":"MultiPolygon","coordinates":[[[[112.7461,-7.2263],[112.7459,-7.2273],[112.7457,-7.2289],[112.7455,-7.23],[112.7449,-7.2309],[112.7442,-7.2318],[112.7436,-7.2327],[112.743,-7.2335],[112.7417,-7.234],[112.7411,-7.2331],[112.741,-7.2321],[112.7409,-7.231],[112.7414,-7.2301],[112.7415,-7.2291],[112.7414,-7.2273],[112.741,-7.2263],[112.7412,-7.2253],[112.7423,-7.2255],[112.7437,-7.2255],[112.7449,-7.2255],[112.7459,-7.2262],[112.7461,-7.2263]]]]}},{"type":"Feature","properties":{"level":"village","regency":"Sidoarjo","district":"Sukodono","village":"Anggaswangi"},"geometry":{"type":"MultiPolygon","coordinates":[[[[112.6854,-7.4115],[112.6848,-7.414],[112.6847,-7.4153],[112.6854,-7.416],[112.6863,-7.4165],[112.6879,-7.4172],[112.6895,-7.4177],[112.6904,-7.4185],[112.6911,-7.4193],[112.692,-7.4206],[112.6923,-7.4216],[112.6933,-7.4218],[112.6929,-7.4231],[112.6928,-7.4243],[112.6923,-7.4256],[112.6922,-7.4269],[112.692,-7.4279],[112.6901,-7.4278],[112.688,-7.4275],[112.6869,-7.4273],[112.6871,-7.4262],[112.6868,-7.4252],[112.6865,-7.4242],[112.686,-7.4232],[112.6845,-7.4227],[112.6835,-7.4225],[112.6828,-7.4218],[112.6817,-7.4216],[112.6822,-7.4188],[112.6826,-7.4175],[112.6815,-7.4165],[112.6805,-7.4162],[112.6796,-7.4158],[112.6782,-7.4153],[112.6772,-7.4149],[112.6762,-7.4146],[112.6753,-7.4139],[112.6742,-7.4139],[112.674,-7.4129],[112.6734,-7.4121],[112.6737,-7.4109],[112.6744,-7.4099],[112.6759,-7.41],[112.6765,-7.4092],[112.6776,-7.4095],[112.6787,-7.4099],[112.6798,-7.4101],[112.6809,-7.4103],[112.6821,-7.4106],[112.6832,-7.4108],[112.6843,-7.4109],[112.6852,-7.4115],[112.6854,-7.4115]]]]}},{"type":"Feature","properties":{"level":"village","regency":"Surabaya","district":"Asemrowo","village":"Asemrowo"},"geometry":{"type":"MultiPolygon","coordinates":[[[[112.704,-7.2328],[112.704,-7.2343],[112.704,-7.2357],[112.704,-7.2368],[112.7039,-7.2382],[112.7037,-7.2392],[112.704,-7.2421],[112.706,-7.2425],[112.7077,-7.2428],[112.7104,-7.2435],[112.7124,-7.2442],[112.7134,-7.2446],[112.7148,-7.245],[112.7158,-7.2451],[112.7172,-7.2451],[112.7177,-7.246],[112.7172,-7.247],[112.7167,-7.2479],[112.7163,-7.2488],[112.7159,-7.2497],[112.7158,-7.2511],[112.7158,-7.2523],[112.7153,-7.254],[112.7151,-7.2551],[112.7149,-7.2561],[112.7139,-7.2559],[112.713,-7.2552],[112.7125,-7.2542],[112.7117,-7.2534],[112.7109,-7.2526],[112.7099,-7.2532],[112.7089,-7.2535],[112.7079,-7.2541],[112.7066,-7.2542],[112.7054,-7.2547],[112.7044,-7.2547],[112.7026,-7.2549],[112.7024,-7.2538],[112.7014,-7.2537],[112.7011,-7.2526],[112.7005,-7.2516],[112.7002,-7.2505],[112.7011,-7.2499],[112.7014,-7.2489],[112.7003,-7.249],[112.6992,-7.2492],[112.6983,-7.2497],[112.699,-7.2507],[112.6981,-7.2514],[112.697,-7.2504],[112.696,-7.2499],[112.6956,-7.2489],[112.6952,-7.2479],[112.694,-7.2476],[112.6928,-7.2475],[112.6929,-7.2464],[112.6936,-7.2457],[112.6941,-7.2447],[112.6938,-7.2437],[112.6958,-7.2434],[112.6968,-7.2428],[112.699,-7.2421],[112.699,-7.241],[112.6979,-7.241],[112.6968,-7.241],[112.6969,-7.2399],[112.6959,-7.2398],[112.6943,-7.2397],[112.6931,-7.2397],[112.6918,-7.2394],[112.6915,-7.2382],[112.6922,-7.2366],[112.6931,-7.236],[112.6941,-7.2357],[112.6949,-7.2363],[112.6956,-7.237],[112.6962,-7.2378],[112.6971,-7.2375],[112.698,-7.2369],[112.6978,-7.2359],[112.6973,-7.235],[112.6966,-7.2343],[112.6956,-7.2344],[112.6947,-7.234],[112.6948,-7.233],[112.6955,-7.2322],[112.6961,-7.2313],[112.6972,-7.2307],[112.6984,-7.2308],[112.6994,-7.231],[112.7006,-7.2311],[112.7017,-7.2313],[112.7024,-7.2323],[112.7033,-7.2328],[112.704,-7.2328]]]]}},{"type":"Feature","properties":{"level":"village","regency":"Surabaya","district":"Pakal","village":"Babat Jerawat"},"geometry":{"type":"MultiPolygon","coordinates":[[[[112.6374,-7.2219],[112.6369,-7.2228],[112.6361,-7.2234],[112.6355,-7.2243],[112.6351,-7.2253],[112.6348,-7.2263],[112.6344,-7.2275],[112.6349,-7.2286],[112.6346,-7.2298],[112.6346,-7.2308],[112.6345,-7.2321],[112.6343,-7.2334],[112.6343,-7.2349],[112.6356,-7.2351],[112.6354,-7.2361],[112.6351,-7.2372],[112.6349,-7.2383],[112.6346,-7.2394],[112.6336,-7.2395],[112.6318,-7.2432],[112.633,-7.2438],[112.6342,-7.2445],[112.6337,-7.2458],[112.6333,-7.247],[112.633,-7.248],[112.6328,-7.249],[112.6321,-7.2499],[112.6317,-7.2508],[112.6311,-7.2524],[112.6305,-7.2537],[112.6309,-7.2549],[112.6313,-7.256],[112.6317,-7.2573],[112.6321,-7.2583],[112.6323,-7.2594],[112.6317,-7.2603],[112.6304,-7.26],[112.6293,-7.2597],[112.6286,-7.2606],[112.6276,-7.261],[112.6264,-7.2614],[112.6253,-7.2607],[112.6243,-7.2603],[112.6216,-7.259],[112.6207,-7.2585],[112.6197,-7.2581],[112.6204,-7.2569],[112.6211,-7.256],[112.6228,-7.2569],[112.6239,-7.2568],[112.6238,-7.2556],[112.6227,-7.255],[112.6223,-7.254],[112.6229,-7.2529],[112.6238,-7.2524],[112.6249,-7.2527],[112.6255,-7.2517],[112.626,-7.2507],[112.6267,-7.2499],[112.6276,-7.2483],[112.6278,-7.2472],[112.6272,-7.2463],[112.6262,-7.2458],[112.6258,-7.2448],[112.6261,-7.2437],[112.6258,-7.2426],[112.6261,-7.2415],[112.6253,-7.2407],[112.6243,-7.2402],[112.6232,-7.2397],[112.6232,-7.2381],[112.6237,-7.2369],[112.6244,-7.2351],[112.6245,-7.234],[112.6247,-7.2318],[112.6249,-7.2307],[112.6239,-7.2298],[112.6241,-7.2284],[112.6242,-7.227],[112.6242,-7.2259],[112.6245,-7.2247],[112.6249,-7.2238],[112.6258,-7.2232],[112.6268,-7.2235],[112.6274,-7.2225],[112.6288,-7.223],[112.6296,-7.2222],[112.6313,-7.2225],[112.6323,-7.2232],[112.6334,-7.2226],[112.6339,-7.2218],[112.6348,-7.221],[112.6358,-7.2214],[112.6368,-7.2218],[112.6374,-7.2219]]]]}},{"type":"Feature","properties":{"level":"village","regency":"Surabaya","district":"Wiyung","village":"Babatan"},"geometry":{"type":"MultiPolygon","coordinates":[[[[112.6786,-7.2838],[112.6782,-7.2849],[112.678,-7.2859],[112.6784,-7.2871],[112.6782,-7.2884],[112.6772,-7.2893],[112.6766,-7.2907],[112.6761,-7.292],[112.6757,-7.2934],[112.6765,-7.2943],[112.6769,-7.2956],[112.6799,-7.2966],[112.6825,-7.298],[112.684,-7.2989],[112.6833,-7.3006],[112.6829,-7.3015],[112.6847,-7.3016],[112.6865,-7.3013],[112.6875,-7.3016],[112.6892,-7.303],[112.6903,-7.3045],[112.69,-7.3058],[112.6897,-7.307],[112.689,-7.3089],[112.6886,-7.3101],[112.6883,-7.3113],[112.6879,-7.3123],[112.6875,-7.314],[112.6873,-7.3154],[112.687,-7.317],[112.6867,-7.3181],[112.6865,-7.3192],[112.6861,-7.3203],[112.6859,-7.3216],[112.6841,-7.3211],[112.683,-7.3209],[112.6817,-7.3206],[112.6806,-7.3202],[112.6796,-7.3198],[112.6784,-7.3191],[112.6773,-7.3188],[112.6758,-7.3184],[112.6744,-7.318],[112.6732,-7.3178],[112.6716,-7.3176],[112.6724,-7.3157],[112.6728,-7.3145],[112.6731,-7.3134],[112.6734,-7.3124],[112.6736,-7.3112],[112.6739,-7.31],[112.6741,-7.3089],[112.6742,-7.3079],[112.6744,-7.3065],[112.6743,-7.3055],[112.6743,-7.3043],[112.6741,-7.3031],[112.6738,-7.3019],[112.674,-7.3007],[112.6752,-7.2996],[112.6756,-7.2986],[112.6756,-7.2973],[112.6756,-7.2945],[112.6745,-7.2942],[112.6732,-7.2942],[112.6717,-7.2938],[112.6719,-7.2925],[112.6721,-7.2915],[112.6735,-7.2881],[112.6744,-7.2887],[112.6748,-7.2877],[112.6749,-7.2867],[112.675,-7.2856],[112.6743,-7.2846],[112.6741,-7.283],[112.6753,-7.2829],[112.6764,-7.2833],[112.6776,-7.2836],[112.6786,-7.2838]]]]}},{"type":"Feature","properties":{"level":"village","regency":"Sidoarjo","district":"Balong Bendo","village":"Bakalan Wringinpitu"},"geometry":{"type":"MultiPolygon","coordinates":[[[[112.5379,-7.412],[112.5379,-7.4132],[112.5386,-7.4142],[112.5389,-7.4153],[112.5391,-7.4164],[112.5391,-7.4177],[112.5389,-7.4188],[112.5387,-7.4202],[112.5386,-7.4213],[112.5385,-7.4225],[112.5383,-7.4235],[112.5375,-7.4241],[112.5364,-7.4241],[112.5353,-7.4248],[112.534,-7.4244],[112.533,-7.4244],[112.5326,-7.4235],[112.5329,-7.4224],[112.5333,-7.4213],[112.5343,-7.4202],[112.5349,-7.4191],[112.5352,-7.4178],[112.5339,-7.4175],[112.5326,-7.4167],[112.5316,-7.4165],[112.5304,-7.4164],[112.5291,-7.4161],[112.529,-7.4149],[112.5285,-7.4138],[112.5285,-7.4128],[112.5282,-7.4115],[112.5281,-7.4104],[112.5279,-7.4093],[112.5291,-7.4092],[112.5303,-7.4093],[112.5314,-7.4096],[112.5327,-7.41],[112.5341,-7.4103],[112.5353,-7.4108],[112.5363,-7.4112],[112.5375,-7.4117],[112.5379,-7.412]]]]}},{"type":"Feature","properties":{"level":"village","regency":"Sidoarjo","district":"Balong Bendo","village":"Bakung Pringgodani"},"geometry":{"type":"MultiPolygon","coordinates":[[[[112.5088,-7.4093],[112.5083,-7.4111],[112.5082,-7.4121],[112.5082,-7.4132],[112.5081,-7.4143],[112.5084,-7.4153],[112.5089,-7.4166],[112.509,-7.4194],[112.5097,-7.4203],[112.5107,-7.4208],[112.511,-7.4218],[112.5105,-7.4239],[112.5102,-7.4249],[112.509,-7.4245],[112.5078,-7.4246],[112.5067,-7.4243],[112.5057,-7.4241],[112.5044,-7.4243],[112.5035,-7.4235],[112.5019,-7.4232],[112.5021,-7.4222],[112.5023,-7.4211],[112.5024,-7.42],[112.5026,-7.4188],[112.503,-7.4177],[112.5034,-7.4167],[112.5038,-7.4157],[112.5033,-7.4148],[112.5024,-7.4142],[112.5014,-7.4144],[112.5009,-7.4134],[112.5008,-7.4113],[112.4996,-7.4108],[112.4975,-7.4116],[112.4966,-7.4121],[112.4957,-7.4128],[112.4939,-7.4132],[112.4926,-7.4134],[112.4922,-7.4124],[112.492,-7.4114],[112.4918,-7.4103],[112.493,-7.4099],[112.494,-7.409],[112.4953,-7.4081],[112.4964,-7.4081],[112.4975,-7.4078],[112.5001,-7.4075],[112.5027,-7.4071],[112.5046,-7.4068],[112.5067,-7.4065],[112.5087,-7.4064],[112.5087,-7.4076],[112.5088,-7.4093]]]]}},{"type":"Feature","properties":{"level":"village","regency":"Sidoarjo","district":"Balong Bendo","village":"Bakung Temenggungan"},"geometry":{"type":"MultiPolygon","coordinates":[[[[112.5019,-7.4232],[112.5009,-7.4232],[112.4998,-7.4232],[112.4985,-7.423],[112.4973,-7.4229],[112.4962,-7.423],[112.4956,-7.424],[112.4955,-7.4251],[112.4942,-7.426],[112.4924,-7.4263],[112.4922,-7.4275],[112.492,-7.429],[112.4919,-7.4301],[112.4916,-7.4313],[112.4915,-7.4325],[112.4915,-7.4337],[112.4904,-7.4335],[112.4893,-7.4332],[112.4872,-7.4326],[112.4843,-7.4317],[112.4842,-7.429],[112.4842,-7.426],[112.4839,-7.4243],[112.4836,-7.4233],[112.4849,-7.423],[112.4858,-7.4223],[112.4867,-7.4215],[112.4879,-7.4205],[112.4889,-7.4196],[112.4898,-7.4188],[112.4907,-7.4182],[112.4919,-7.4184],[112.4935,-7.418],[112.4946,-7.4176],[112.4956,-7.4168],[112.4965,-7.4164],[112.4975,-7.4165],[112.4985,-7.4162],[112.4996,-7.4157],[112.5006,-7.4157],[112.5004,-7.4145],[112.5015,-7.4143],[112.5026,-7.4143],[112.5035,-7.4149],[112.5036,-7.4161],[112.5031,-7.4174],[112.5027,-7.4187],[112.5025,-7.42],[112.5023,-7.4211],[112.5021,-7.4222],[112.5019,-7.4232]]]]}},{"type":"Feature","properties":{"level":"village","regency":"Surabaya","district":"Wiyung","village":"Balas Klumprik"},"geometry":{"type":"MultiPolygon","coordinates":[[[[112.6859,-7.3216],[112.6871,-7.3218],[112.6882,-7.322],[112.69,-7.3223],[112.6903,-7.3243],[112.692,-7.3242],[112.6926,-7.325],[112.6953,-7.3264],[112.6951,-7.3275],[112.6949,-7.3286],[112.6954,-7.3295],[112.6956,-7.3305],[112.6963,-7.3312],[112.696,-7.333],[112.6955,-7.3344],[112.6941,-7.3342],[112.6922,-7.3334],[112.6904,-7.333],[112.6892,-7.3327],[112.6874,-7.3324],[112.6863,-7.3322],[112.6853,-7.3319],[112.6843,-7.3317],[112.6823,-7.3327],[112.6809,-7.3334],[112.6798,-7.3338],[112.6784,-7.3337],[112.677,-7.3335],[112.6759,-7.3334],[112.6754,-7.332],[112.6763,-7.3303],[112.6776,-7.3302],[112.6786,-7.3296],[112.6792,-7.3288],[112.6794,-7.3274],[112.6795,-7.3256],[112.6795,-7.3237],[112.6792,-7.3195],[112.6805,-7.32],[112.6817,-7.3206],[112.6827,-7.3208],[112.6841,-7.3211],[112.6851,-7.3214],[112.6859,-7.3216]]]]}},{"type":"Feature","properties":{"level":"village","regency":"Sidoarjo","district":"Balong Bendo","village":"Balongbendo"},"geometry":{"type":"MultiPolygon","coordinates":[[[[112.5588,-7.4109],[112.5575,-7.4112],[112.5563,-7.4116],[112.555,-7.4117],[112.554,-7.412],[112.5529,-7.4122],[112.5519,-7.4124],[112.5517,-7.4134],[112.5503,-7.4138],[112.5491,-7.4137],[112.5476,-7.4135],[112.5469,-7.4143],[112.5462,-7.4134],[112.545,-7.4133],[112.5441,-7.4127],[112.543,-7.4125],[112.5418,-7.4128],[112.5409,-7.4124],[112.5408,-7.4109],[112.5414,-7.409],[112.5424,-7.4072],[112.5434,-7.4074],[112.5447,-7.4074],[112.546,-7.4075],[112.547,-7.4075],[112.5486,-7.4076],[112.5503,-7.4076],[112.5513,-7.4072],[112.5523,-7.4067],[112.5533,-7.4063],[112.5543,-7.4059],[112.5555,-7.4055],[112.5564,-7.405],[112.5576,-7.4047],[112.5579,-7.4063],[112.5582,-7.4086],[112.5584,-7.4097],[112.5588,-7.4107],[112.5588,-7.4109]]]]}},{"type":"Feature","properties":{"level":"village","regency":"Sidoarjo","district":"Candi","village":"Balongdowo"},"geometry":{"type":"MultiPolygon","coordinates":[[[[112.7321,-7.4896],[112.7334,-7.4899],[112.733,-7.4911],[112.7332,-7.4922],[112.7336,-7.4933],[112.7337,-7.4947],[112.7346,-7.4953],[112.7356,-7.496],[112.7365,-7.4967],[112.7372,-7.4975],[112.7376,-7.4984],[112.7372,-7.4997],[112.7368,-7.5009],[112.7365,-7.5023],[112.7357,-7.503],[112.7347,-7.5024],[112.7337,-7.5019],[112.7331,-7.5011],[112.7322,-7.5005],[112.7312,-7.5001],[112.7303,-7.4996],[112.7293,-7.4996],[112.7279,-7.4998],[112.727,-7.5006],[112.7261,-7.5],[112.725,-7.5005],[112.7239,-7.5007],[112.7229,-7.5003],[112.7221,-7.4991],[112.7232,-7.4984],[112.7239,-7.4974],[112.7246,-7.4965],[112.7254,-7.495],[112.7263,-7.4935],[112.7275,-7.4918],[112.7277,-7.4901],[112.7275,-7.4888],[112.7275,-7.4871],[112.7283,-7.4865],[112.7302,-7.4854],[112.7302,-7.4864],[112.7297,-7.4882],[112.7302,-7.4891],[112.7313,-7.4894],[112.7321,-7.4896]]]]}},{"type":"Feature","properties":{"level":"village","regency":"Sidoarjo","district":"Candi","village":"Balonggabus"},"geometry":{"type":"MultiPolygon","coordinates":[[[[112.7224,-7.5001],[112.7213,-7.5003],[112.7201,-7.4996],[112.719,-7.4997],[112.7194,-7.4985],[112.7198,-7.4974],[112.7203,-7.4958],[112.7208,-7.4947],[112.7206,-7.4929],[112.7207,-7.4919],[112.7216,-7.4913],[112.7226,-7.4912],[112.7238,-7.4913],[112.7251,-7.4916],[112.7261,-7.4921],[112.7267,-7.4908],[112.7271,-7.4898],[112.7276,-7.4911],[112.7265,-7.4932],[112.7258,-7.4941],[112.7249,-7.496],[112.7239,-7.4974],[112.7232,-7.4984],[112.7222,-7.4991],[112.7225,-7.5001],[112.7224,-7.5001]]]]}},{"type":"Feature","properties":{"level":"village","regency":"Sidoarjo","district":"Krembung","village":"Balonggarut"},"geometry":{"type":"MultiPolygon","coordinates":[[[[112.6417,-7.4971],[112.6414,-7.4982],[112.6436,-7.4989],[112.646,-7.4995],[112.6455,-7.5009],[112.6451,-7.502],[112.6441,-7.5026],[112.6431,-7.503],[112.6421,-7.5027],[112.6409,-7.503],[112.6397,-7.5028],[112.6389,-7.5036],[112.6376,-7.5036],[112.6362,-7.5032],[112.6331,-7.5024],[112.6319,-7.5022],[112.6319,-7.5012],[112.6322,-7.5001],[112.633,-7.4994],[112.6339,-7.4987],[112.6361,-7.4996],[112.637,-7.4985],[112.6374,-7.4973],[112.6378,-7.4964],[112.6389,-7.4966],[112.6399,-7.4968],[112.6414,-7.4971],[112.6417,-7.4971]]]]}},{"type":"Feature","properties":{"level":"village","regency":"Sidoarjo","district":"Tarik","village":"Balongmacekan"},"geometry":{"type":"MultiPolygon","coordinates":[[[[112.5013,-7.445],[112.503,-7.4452],[112.5043,-7.4454],[112.5058,-7.4456],[112.5068,-7.4458],[112.5079,-7.4459],[112.5089,-7.4461],[112.5101,-7.4463],[112.5114,-7.4466],[112.5131,-7.4469],[112.5143,-7.447],[112.5155,-7.4471],[112.5169,-7.4471],[112.518,-7.4472],[112.5191,-7.4472],[112.5203,-7.4473],[112.5211,-7.4481],[112.5205,-7.4494],[112.5201,-7.4505],[112.5195,-7.4517],[112.5191,-7.4527],[112.5185,-7.4539],[112.5172,-7.4539],[112.5162,-7.4535],[112.5154,-7.4529],[112.5156,-7.4516],[112.5147,-7.451],[112.5145,-7.452],[112.5137,-7.4526],[112.5127,-7.4522],[112.5117,-7.4519],[112.5101,-7.4512],[112.5087,-7.4507],[112.5079,-7.4515],[112.5072,-7.4524],[112.5062,-7.4522],[112.5051,-7.452],[112.5044,-7.4513],[112.5029,-7.4509],[112.5018,-7.4507],[112.5004,-7.4504],[112.4993,-7.4501],[112.4991,-7.4491],[112.4988,-7.4481],[112.4999,-7.4461],[112.5001,-7.445],[112.5012,-7.445],[112.5013,-7.445]]]]}},{"type":"Feature","properties":{"level":"village","regency":"Surabaya","district":"Tandes","village":"Balongsari"},"geometry":{"type":"MultiPolygon","coordinates":[[[[112.6813,-7.2557],[112.6808,-7.2571],[112.6805,-7.2582],[112.6798,-7.259],[112.6798,-7.2602],[112.68,-7.2612],[112.679,-7.2615],[112.6789,-7.2629],[112.6785,-7.2638],[112.6783,-7.2648],[112.6789,-7.2657],[112.6786,-7.2672],[112.6774,-7.2668],[112.6764,-7.2665],[112.6763,-7.2655],[112.6761,-7.2643],[112.6763,-7.2633],[112.6761,-7.2623],[112.6761,-7.2612],[112.6767,-7.2603],[112.6771,-7.2594],[112.6772,-7.2584],[112.6775,-7.2573],[112.6777,-7.2556],[112.6773,-7.2546],[112.6771,-7.2536],[112.6772,-7.2525],[112.6773,-7.2515],[112.6763,-7.2514],[112.6754,-7.2507],[112.675,-7.2496],[112.6745,-7.2482],[112.6744,-7.2472],[112.6743,-7.246],[112.6739,-7.245],[112.6755,-7.2454],[112.6767,-7.2457],[112.6778,-7.2462],[112.6775,-7.2473],[112.677,-7.2487],[112.678,-7.2494],[112.6796,-7.2496],[112.6815,-7.2498],[112.6822,-7.251],[112.6821,-7.2524],[112.6818,-7.254],[112.6813,-7.2555],[112.6813,-7.2557]]]]}},{"type":"Feature","properties":{"level":"village","regency":"Sidoarjo","district":"Jabon","village":"Balongtani"},"geometry":{"type":"MultiPolygon","coordinates":[[[[112.7532,-7.546],[112.7524,-7.5475],[112.7518,-7.5487],[112.7515,-7.5499],[112.7503,-7.5499],[112.7493,-7.5503],[112.7483,-7.5508],[112.7473,-7.5502],[112.7467,-7.5511],[112.7478,-7.5515],[112.7489,-7.5516],[112.7503,-7.5516],[112.7514,-7.5514],[112.7526,-7.5513],[112.7539,-7.551],[112.755,-7.5509],[112.756,-7.5511],[112.7571,-7.5513],[112.7575,-7.55],[112.7559,-7.5494],[112.7557,-7.5482],[112.7563,-7.5468],[112.7571,-7.546],[112.7572,-7.5448],[112.7579,-7.5438],[112.759,-7.5437],[112.7602,-7.5437],[112.7614,-7.544],[112.7627,-7.5446],[112.7636,-7.545],[112.7649,-7.5454],[112.7658,-7.5458],[112.7667,-7.5463],[112.7677,-7.5471],[112.7683,-7.5482],[112.7685,-7.5494],[112.7682,-7.5506],[112.7685,-7.5516],[112.7692,-7.5524],[112.7702,-7.5533],[112.7701,-7.5543],[112.7686,-7.5538],[112.7676,-7.5541],[112.7662,-7.5536],[112.7651,-7.5534],[112.7639,-7.5529],[112.7628,-7.5524],[112.7619,-7.5518],[112.761,-7.5523],[112.7603,-7.5534],[112.7604,-7.5546],[112.7606,-7.5557],[112.7611,-7.5569],[112.7609,-7.5583],[112.7602,-7.5575],[112.7592,-7.5572],[112.7581,-7.5567],[112.7576,-7.5577],[112.7566,-7.5574],[112.756,-7.5584],[112.7551,-7.5576],[112.7545,-7.5584],[112.7538,-7.5593],[112.7536,-7.5583],[112.7531,-7.5573],[112.7521,-7.5574],[112.7511,-7.558],[112.7504,-7.5571],[112.75,-7.5583],[112.7496,-7.5604],[112.7478,-7.5599],[112.7465,-7.5621],[112.7454,-7.5619],[112.7449,-7.5636],[112.7436,-7.5632],[112.742,-7.5627],[112.7427,-7.5616],[112.7435,-7.5602],[112.744,-7.5593],[112.7418,-7.5586],[112.7421,-7.5575],[112.7421,-7.5562],[112.7425,-7.5549],[112.7432,-7.5536],[112.7435,-7.5524],[112.7438,-7.5514],[112.7441,-7.5503],[112.7443,-7.5493],[112.7445,-7.5482],[112.744,-7.5472],[112.7427,-7.547],[112.741,-7.5467],[112.7415,-7.5441],[112.7414,-7.542],[112.7428,-7.5418],[112.7438,-7.5417],[112.7455,-7.5415],[112.7468,-7.5413],[112.7468,-7.5423],[112.7481,-7.5422],[112.749,-7.543],[112.7497,-7.5437],[112.7508,-7.5441],[112.7513,-7.5452],[112.7521,-7.546],[112.7532,-7.546]]]]}},{"type":"Feature","properties":{"level":"village","regency":"Sidoarjo","district":"Gedangan","village":"Bangah"},"geometry":{"type":"MultiPolygon","coordinates":[[[[112.7252,-7.3704],[112.725,-7.3714],[112.7247,-7.3726],[112.7245,-7.3737],[112.7242,-7.3749],[112.724,-7.376],[112.7243,-7.3772],[112.724,-7.3782],[112.7236,-7.3792],[112.7227,-7.3798],[112.7205,-7.3795],[112.7194,-7.3792],[112.7183,-7.3792],[112.7174,-7.3796],[112.7171,-7.3785],[112.7158,-7.3779],[112.714,-7.3778],[112.713,-7.3778],[112.7135,-7.3744],[112.7138,-7.373],[112.7142,-7.3716],[112.7146,-7.3705],[112.7147,-7.3695],[112.7153,-7.3684],[112.7161,-7.3676],[112.7175,-7.3678],[112.7187,-7.3679],[112.7196,-7.3686],[112.7213,-7.3687],[112.7225,-7.3693],[112.7237,-7.37],[112.7252,-7.3704]]]]}},{"type":"Feature","properties":{"level":"village","regency":"Surabaya","district":"Lakarsantri","village":"Bangkingan"},"geometry":{"type":"MultiPolygon","coordinates":[[[[112.6617,-7.3163],[112.6639,-7.3166],[112.6665,-7.3168],[112.6671,-7.3179],[112.667,-7.3191],[112.6668,-7.3204],[112.6666,-7.3215],[112.6663,-7.3226],[112.666,-7.3236],[112.6657,-7.3246],[112.6653,-7.3262],[112.665,-7.3285],[112.6649,-7.33],[112.6646,-7.3311],[112.664,-7.3321],[112.665,-7.3326],[112.6656,-7.3317],[112.6666,-7.3323],[112.6666,-7.3333],[112.6669,-7.3343],[112.6661,-7.3351],[112.6652,-7.3359],[112.6641,-7.3354],[112.6632,-7.3349],[112.6622,-7.3346],[112.6611,-7.3355],[112.6612,-7.3366],[112.6622,-7.3378],[112.6631,-7.3391],[112.6639,-7.3399],[112.665,-7.3403],[112.6651,-7.3415],[112.665,-7.3433],[112.6648,-7.3457],[112.6647,-7.3468],[112.6646,-7.3484],[112.6647,-7.3495],[112.6646,-7.3508],[112.6638,-7.3514],[112.6624,-7.3513],[112.6615,-7.3523],[112.6608,-7.3531],[112.6598,-7.3536],[112.6584,-7.354],[112.6569,-7.3561],[112.656,-7.3569],[112.6547,-7.3567],[112.6552,-7.3532],[112.6557,-7.3492],[112.656,-7.3456],[112.6558,-7.3426],[112.655,-7.3406],[112.6538,-7.339],[112.652,-7.3375],[112.6503,-7.3364],[112.6485,-7.3353],[112.6486,-7.3342],[112.649,-7.333],[112.6491,-7.3317],[112.6491,-7.3305],[112.649,-7.3295],[112.6494,-7.3285],[112.6501,-7.3277],[112.6504,-7.3253],[112.6505,-7.3242],[112.6507,-7.323],[112.6509,-7.3215],[112.6503,-7.3207],[112.6497,-7.3198],[112.6488,-7.3193],[112.6485,-7.3182],[112.6487,-7.3171],[112.649,-7.316],[112.6492,-7.315],[112.6503,-7.3147],[112.6516,-7.3149],[112.6528,-7.3151],[112.6542,-7.3154],[112.656,-7.3156],[112.6576,-7.3158],[112.6594,-7.316],[112.6617,-7.3163]]]]}},{"type":"Feature","properties":{"level":"village","regency":"Sidoarjo","district":"Sukodono","village":"Bangsri"},"geometry":{"type":"MultiPolygon","coordinates":[[[[112.6692,-7.3814],[112.6691,-7.3826],[112.669,-7.3839],[112.6689,-7.3851],[112.6686,-7.3863],[112.6689,-7.3876],[112.6695,-7.3886],[112.6701,-7.3878],[112.6712,-7.3878],[112.672,-7.3871],[112.672,-7.3881],[112.6711,-7.3899],[112.6705,-7.391],[112.6703,-7.392],[112.6692,-7.3916],[112.6683,-7.3907],[112.6661,-7.3897],[112.6651,-7.3892],[112.6639,-7.3887],[112.6629,-7.3891],[112.662,-7.3899],[112.661,-7.3905],[112.6599,-7.3905],[112.6589,-7.3906],[112.6577,-7.3908],[112.6578,-7.3897],[112.658,-7.3883],[112.658,-7.3871],[112.6587,-7.3859],[112.6586,-7.3846],[112.6585,-7.3833],[112.6588,-7.3823],[112.6592,-7.3813],[112.6592,-7.3797],[112.6609,-7.3798],[112.6621,-7.3799],[112.6631,-7.3801],[112.6644,-7.3805],[112.6655,-7.3807],[112.6667,-7.3809],[112.6681,-7.3812],[112.6692,-7.3814],[112.6692,-7.3814]]]]}},{"type":"Feature","properties":{"level":"village","regency":"Sidoarjo","district":"Sedati","village":"Banjar Kemuning"},"geometry":{"type":"MultiPolygon","coordinates":[[[[112.8354,-7.3722],[112.837,-7.3725],[112.8372,-7.3756],[112.8367,-7.3786],[112.836,-7.3806],[112.8349,-7.3824],[112.834,-7.3833],[112.8326,-7.3835],[112.8316,-7.3837],[112.8305,-7.3838],[112.8294,-7.384],[112.8284,-7.3841],[112.8274,-7.3843],[112.8264,-7.3844],[112.8253,-7.3845],[112.8243,-7.3845],[112.8233,-7.3847],[112.8222,-7.3848],[112.8212,-7.3848],[112.8201,-7.3848],[112.8191,-7.3849],[112.8181,-7.385],[112.8171,-7.3851],[112.8162,-7.3855],[112.8153,-7.3861],[112.8144,-7.3867],[112.8135,-7.3872],[112.8125,-7.3876],[112.8115,-7.3881],[112.8122,-7.3873],[112.8112,-7.387],[112.8101,-7.3868],[112.809,-7.3867],[112.8078,-7.3866],[112.8067,-7.3865],[112.8057,-7.3863],[112.8046,-7.386],[112.8049,-7.385],[112.8054,-7.3841],[112.8055,-7.3824],[112.8055,-7.3803],[112.8038,-7.38],[112.8028,-7.3798],[112.8012,-7.3795],[112.8,-7.3794],[112.801,-7.3736],[112.8038,-7.3735],[112.8051,-7.373],[112.808,-7.3729],[112.8107,-7.3741],[112.811,-7.3727],[112.8125,-7.3726],[112.8128,-7.3712],[112.8149,-7.3716],[112.8193,-7.3718],[112.8214,-7.3721],[112.8227,-7.3724],[112.8239,-7.3726],[112.826,-7.3723],[112.8272,-7.3721],[112.8293,-7.3717],[112.832,-7.3717],[112.8332,-7.3718],[112.8348,-7.3721],[112.8354,-7.3722]]]]}},{"type":"Feature","properties":{"level":"village","regency":"Surabaya","district":"Tandes","village":"Banjar Sugihan"},"geometry":{"type":"MultiPolygon","coordinates":[[[[112.6644,-7.2493],[112.6629,-7.2551],[112.6634,-7.2563],[112.6636,-7.2577],[112.6636,-7.2588],[112.6635,-7.2599],[112.6623,-7.2603],[112.6609,-7.2601],[112.6599,-7.2604],[112.6595,-7.2593],[112.6598,-7.2582],[112.6599,-7.2569],[112.6594,-7.256],[112.6584,-7.2558],[112.6577,-7.2549],[112.6566,-7.2547],[112.6555,-7.2545],[112.6547,-7.2537],[112.6551,-7.2522],[112.6551,-7.2508],[112.6551,-7.2494],[112.655,-7.2484],[112.6549,-7.2472],[112.6567,-7.247],[112.6577,-7.2473],[112.6586,-7.2479],[112.6603,-7.2484],[112.6608,-7.2475],[112.6623,-7.2476],[112.663,-7.2489],[112.6642,-7.2493],[112.6644,-7.2493]]]]}},{"type":"Feature","properties":{"level":"village","regency":"Sidoarjo","district":"Tanggulangin","village":"Banjarasri"},"geometry":{"type":"MultiPolygon","coordinates":[[[[112.771,-7.5164],[112.7693,-7.5168],[112.7683,-7.5172],[112.7675,-7.5178],[112.7666,-7.5184],[112.7666,-7.5195],[112.7657,-7.5202],[112.7652,-7.5213],[112.7645,-7.5205],[112.765,-7.519],[112.766,-7.5168],[112.7656,-7.5157],[112.7653,-7.5147],[112.7642,-7.514],[112.7634,-7.5133],[112.7626,-7.5141],[112.7627,-7.5155],[112.7619,-7.5147],[112.7616,-7.5136],[112.7607,-7.5132],[112.7601,-7.5144],[112.7594,-7.5152],[112.7583,-7.5152],[112.7586,-7.5141],[112.7589,-7.5131],[112.7588,-7.512],[112.7588,-7.5108],[112.7577,-7.5102],[112.7565,-7.5103],[112.7555,-7.5107],[112.7546,-7.5113],[112.7536,-7.5112],[112.7525,-7.511],[112.7516,-7.5105],[112.7505,-7.5104],[112.7494,-7.5104],[112.7485,-7.5112],[112.748,-7.5124],[112.7473,-7.5134],[112.7463,-7.5137],[112.7453,-7.5144],[112.7439,-7.5148],[112.7421,-7.5142],[112.7424,-7.5131],[112.7428,-7.5117],[112.7435,-7.5106],[112.7443,-7.5095],[112.7444,-7.5085],[112.7451,-7.5075],[112.7461,-7.5073],[112.7466,-7.5064],[112.746,-7.5053],[112.746,-7.5042],[112.7463,-7.5031],[112.7472,-7.5026],[112.7481,-7.5032],[112.7489,-7.504],[112.7495,-7.5049],[112.7503,-7.5056],[112.7517,-7.5053],[112.7522,-7.5043],[112.7525,-7.5031],[112.7536,-7.5035],[112.7538,-7.5045],[112.7545,-7.5053],[112.7554,-7.5048],[112.7558,-7.5038],[112.7581,-7.5035],[112.7588,-7.5043],[112.7603,-7.5042],[112.7613,-7.5045],[112.7626,-7.5048],[112.7632,-7.5057],[112.7629,-7.5069],[112.7627,-7.5079],[112.7636,-7.5086],[112.7646,-7.509],[112.7654,-7.5096],[112.7659,-7.5105],[112.7657,-7.5116],[112.7666,-7.5122],[112.7675,-7.5127],[112.7684,-7.5133],[112.7682,-7.5146],[112.7692,-7.5148],[112.7703,-7.5147],[112.7709,-7.5161],[112.771,-7.5164]]]]}},{"type":"Feature","properties":{"level":"village","regency":"Sidoarjo","district":"Sidoarjo","village":"Banjarbendo"},"geometry":{"type":"MultiPolygon","coordinates":[[[[112.6909,-7.4471],[112.6917,-7.4478],[112.6926,-7.4481],[112.6935,-7.4486],[112.695,-7.4485],[112.6968,-7.4487],[112.6983,-7.4487],[112.6994,-7.4492],[112.7005,-7.4496],[112.7017,-7.45],[112.7021,-7.4514],[112.7036,-7.452],[112.7049,-7.4526],[112.7062,-7.4532],[112.7064,-7.4549],[112.7061,-7.456],[112.7059,-7.4577],[112.7047,-7.4577],[112.7036,-7.4579],[112.7023,-7.4575],[112.7011,-7.4572],[112.7004,-7.4565],[112.6998,-7.4555],[112.699,-7.4562],[112.6993,-7.4572],[112.6981,-7.4574],[112.697,-7.4572],[112.696,-7.4569],[112.695,-7.4566],[112.6939,-7.456],[112.693,-7.4555],[112.6921,-7.456],[112.6916,-7.4551],[112.6921,-7.454],[112.6924,-7.453],[112.6914,-7.4526],[112.6904,-7.4521],[112.6893,-7.4523],[112.6888,-7.4514],[112.6883,-7.4504],[112.688,-7.4493],[112.6875,-7.4484],[112.6882,-7.4474],[112.6892,-7.4469],[112.6905,-7.4471],[112.6909,-7.4471]]]]}},{"type":"Feature","properties":{"level":"village","regency":"Sidoarjo","district":"Buduran","village":"Banjarkemantren"},"geometry":{"type":"MultiPolygon","coordinates":[[[[112.7309,-7.4138],[112.7305,-7.4148],[112.7301,-7.4157],[112.7295,-7.4172],[112.7289,-7.4182],[112.7284,-7.4192],[112.7272,-7.4189],[112.7259,-7.4185],[112.7256,-7.4203],[112.7251,-7.4231],[112.7238,-7.4229],[112.7226,-7.4226],[112.7223,-7.4216],[112.7216,-7.4209],[112.7208,-7.4202],[112.7199,-7.4197],[112.7183,-7.4192],[112.7173,-7.4187],[112.7173,-7.4176],[112.7163,-7.4175],[112.7153,-7.4171],[112.7143,-7.4178],[112.7129,-7.4173],[112.7119,-7.417],[112.7109,-7.4166],[112.7095,-7.4162],[112.7087,-7.4156],[112.7086,-7.4146],[112.7087,-7.4134],[112.709,-7.4122],[112.7097,-7.4114],[112.7105,-7.4098],[112.7119,-7.4095],[112.7129,-7.4099],[112.714,-7.4102],[112.7144,-7.4112],[112.714,-7.4124],[112.7154,-7.4129],[112.7165,-7.4132],[112.7174,-7.4126],[112.7186,-7.4126],[112.7197,-7.4132],[112.7201,-7.412],[112.7223,-7.4125],[112.7233,-7.4128],[112.7238,-7.4118],[112.7236,-7.4108],[112.7242,-7.4098],[112.7247,-7.4087],[112.7263,-7.4088],[112.7275,-7.4093],[112.7292,-7.4103],[112.7291,-7.4113],[112.7305,-7.4116],[112.7305,-7.4135],[112.7309,-7.4138]]]]}},{"type":"Feature","properties":{"level":"village","regency":"Sidoarjo","district":"Tanggulangin","village":"Banjarpanji"},"geometry":{"type":"MultiPolygon","coordinates":[[[[112.7812,-7.5111],[112.7801,-7.5112],[112.7794,-7.5121],[112.7794,-7.5132],[112.7786,-7.5145],[112.7774,-7.5147],[112.7764,-7.5148],[112.7753,-7.5142],[112.7743,-7.5137],[112.7742,-7.5149],[112.7738,-7.5161],[112.7726,-7.5169],[112.7715,-7.5167],[112.7707,-7.5154],[112.7699,-7.5147],[112.7688,-7.5147],[112.7684,-7.5136],[112.7675,-7.5127],[112.7666,-7.5122],[112.7657,-7.5117],[112.7659,-7.5105],[112.7654,-7.5096],[112.7646,-7.509],[112.7637,-7.5086],[112.7627,-7.5084],[112.7628,-7.5072],[112.7631,-7.5061],[112.7632,-7.5051],[112.7622,-7.5047],[112.7612,-7.5044],[112.7595,-7.5042],[112.7585,-7.5038],[112.7564,-7.5034],[112.7554,-7.5048],[112.7545,-7.5053],[112.7538,-7.5045],[112.7536,-7.5035],[112.7528,-7.5028],[112.7523,-7.5037],[112.7522,-7.5048],[112.7513,-7.5055],[112.7503,-7.5056],[112.7495,-7.5049],[112.7489,-7.504],[112.7481,-7.5032],[112.7472,-7.5026],[112.7466,-7.5017],[112.7466,-7.5006],[112.7469,-7.4994],[112.747,-7.4983],[112.7479,-7.4978],[112.748,-7.4965],[112.752,-7.4973],[112.7525,-7.4963],[112.7529,-7.4946],[112.754,-7.4944],[112.755,-7.4947],[112.7563,-7.4948],[112.7575,-7.4948],[112.7584,-7.4956],[112.7593,-7.4961],[112.7598,-7.4971],[112.7609,-7.4972],[112.7619,-7.4973],[112.7627,-7.4982],[112.7637,-7.4983],[112.7646,-7.4976],[112.7655,-7.4984],[112.7664,-7.4992],[112.7673,-7.4998],[112.7686,-7.4998],[112.7694,-7.5005],[112.77,-7.5014],[112.7698,-7.5024],[112.7708,-7.5027],[112.7714,-7.5018],[112.7717,-7.5008],[112.7728,-7.501],[112.7739,-7.5012],[112.7749,-7.5011],[112.7758,-7.5016],[112.7754,-7.503],[112.776,-7.5039],[112.7773,-7.504],[112.7784,-7.5042],[112.7788,-7.5052],[112.7799,-7.5057],[112.7804,-7.5066],[112.7815,-7.5067],[112.7812,-7.5077],[112.7812,-7.5089],[112.7817,-7.5099],[112.7812,-7.5109],[112.7812,-7.5111]]]]}},{"type":"Feature","properties":{"level":"village","regency":"Sidoarjo","district":"Buduran","village":"Banjarsari"},"geometry":{"type":"MultiPolygon","coordinates":[[[[112.7405,-7.4091],[112.7405,-7.4102],[112.7413,-7.411],[112.7422,-7.4114],[112.7433,-7.4117],[112.7448,-7.412],[112.7458,-7.4123],[112.7474,-7.4127],[112.7488,-7.413],[112.7488,-7.414],[112.7485,-7.4151],[112.7477,-7.4162],[112.7458,-7.4165],[112.7454,-7.4183],[112.7448,-7.4211],[112.7437,-7.4206],[112.742,-7.4198],[112.741,-7.4193],[112.7397,-7.4184],[112.7387,-7.4175],[112.7377,-7.417],[112.7364,-7.4162],[112.7355,-7.4157],[112.7341,-7.415],[112.7347,-7.4133],[112.7351,-7.4123],[112.7354,-7.4112],[112.737,-7.4106],[112.7373,-7.4095],[112.7389,-7.4094],[112.74,-7.409],[112.7405,-7.4091]]]]}},{"type":"Feature","properties":{"level":"village","regency":"Sidoarjo","district":"Tarik","village":"Banjarwungu"},"geometry":{"type":"MultiPolygon","coordinates":[[[[112.5406,-7.4416],[112.5417,-7.4418],[112.5432,-7.4421],[112.5432,-7.4431],[112.5431,-7.4445],[112.543,-7.4456],[112.5429,-7.4468],[112.5427,-7.4481],[112.5432,-7.4491],[112.543,-7.4503],[112.542,-7.451],[112.5412,-7.4517],[112.5406,-7.4527],[112.5398,-7.4533],[112.5391,-7.4541],[112.5375,-7.4546],[112.5362,-7.4544],[112.5352,-7.4544],[112.5341,-7.4542],[112.5329,-7.4541],[112.5323,-7.4533],[112.5314,-7.4528],[112.5298,-7.4519],[112.5303,-7.4453],[112.5304,-7.4439],[112.5307,-7.4428],[112.5316,-7.4424],[112.5327,-7.4426],[112.5337,-7.4422],[112.5339,-7.4406],[112.5341,-7.4396],[112.5343,-7.4386],[112.5354,-7.4385],[112.5364,-7.4384],[112.5375,-7.4382],[112.5381,-7.439],[112.5386,-7.4399],[112.5392,-7.4409],[112.5403,-7.4408],[112.5406,-7.4416]]]]}},{"type":"Feature","properties":{"level":"village","regency":"Surabaya","district":"Sawahan","village":"Banyu Urip"},"geometry":{"type":"MultiPolygon","coordinates":[[[[112.7268,-7.2746],[112.7271,-7.2757],[112.7277,-7.2767],[112.7275,-7.2778],[112.726,-7.2789],[112.7248,-7.2792],[112.7242,-7.2783],[112.7232,-7.2779],[112.7222,-7.2774],[112.7207,-7.2762],[112.7202,-7.2751],[112.7194,-7.2744],[112.7183,-7.2737],[112.7174,-7.2728],[112.7165,-7.272],[112.715,-7.2715],[112.7149,-7.2727],[112.7136,-7.2723],[112.7125,-7.2719],[112.7111,-7.2715],[112.7114,-7.2705],[112.7117,-7.2693],[112.712,-7.2682],[112.7133,-7.2682],[112.7143,-7.2686],[112.7154,-7.269],[112.7165,-7.2694],[112.7176,-7.2696],[112.7186,-7.2701],[112.7196,-7.2704],[112.7207,-7.2704],[112.7217,-7.2707],[112.7225,-7.2713],[112.7234,-7.2719],[112.7241,-7.2726],[112.7248,-7.2734],[112.7254,-7.2742],[112.7261,-7.2749],[112.7268,-7.2746]]]]}},{"type":"Feature","properties":{"level":"village","regency":"Surabaya","district":"Gubeng","village":"Baratajaya"},"geometry":{"type":"MultiPolygon","coordinates":[[[[112.7632,-7.2875],[112.7632,-7.2885],[112.763,-7.2895],[112.7627,-7.291],[112.7626,-7.292],[112.7625,-7.2932],[112.7623,-7.2946],[112.7622,-7.2957],[112.7621,-7.2972],[112.762,-7.2986],[112.762,-7.2997],[112.762,-7.3012],[112.7621,-7.3033],[112.7621,-7.305],[112.7619,-7.3062],[112.7609,-7.3059],[112.7598,-7.3056],[112.7588,-7.3053],[112.7578,-7.305],[112.7568,-7.3047],[112.7558,-7.3045],[112.7548,-7.3042],[112.7546,-7.3031],[112.7549,-7.302],[112.7552,-7.3007],[112.7555,-7.2997],[112.7558,-7.2987],[112.7562,-7.2973],[112.7565,-7.2961],[112.7569,-7.2947],[112.7571,-7.2936],[112.7575,-7.2921],[112.7577,-7.2908],[112.7577,-7.2894],[112.7577,-7.2883],[112.7577,-7.2873],[112.7591,-7.2873],[112.7602,-7.2873],[112.7613,-7.2874],[112.7629,-7.2875],[112.7632,-7.2875]]]]}},{"type":"Feature","properties":{"level":"village","regency":"Sidoarjo","district":"Krian","village":"Barengkrajan"},"geometry":{"type":"MultiPolygon","coordinates":[[[[112.6156,-7.3722],[112.6145,-7.3724],[112.6136,-7.3733],[112.6126,-7.3734],[112.6115,-7.3736],[112.6105,-7.374],[112.6094,-7.3745],[112.6081,-7.3745],[112.6071,-7.3741],[112.6071,-7.3752],[112.6071,-7.3763],[112.6072,-7.3774],[112.6077,-7.3784],[112.6087,-7.3785],[112.6089,-7.3808],[112.6088,-7.3822],[112.6073,-7.3828],[112.6067,-7.3838],[112.6067,-7.385],[112.6065,-7.3862],[112.6065,-7.3872],[112.6057,-7.388],[112.6048,-7.3886],[112.6037,-7.3891],[112.6027,-7.3888],[112.6001,-7.3884],[112.5991,-7.3878],[112.5984,-7.3869],[112.5975,-7.3859],[112.5972,-7.3846],[112.597,-7.3835],[112.5972,-7.3825],[112.5974,-7.3814],[112.5975,-7.3803],[112.5975,-7.379],[112.5981,-7.3778],[112.598,-7.3766],[112.5994,-7.3767],[112.6001,-7.3759],[112.6009,-7.3752],[112.602,-7.3748],[112.603,-7.3745],[112.6041,-7.3745],[112.6038,-7.373],[112.6036,-7.372],[112.6042,-7.371],[112.6056,-7.3706],[112.6072,-7.37],[112.6084,-7.3696],[112.6097,-7.3692],[112.6111,-7.3689],[112.6131,-7.3687],[112.6146,-7.3681],[112.6153,-7.3688],[112.6155,-7.3702],[112.6156,-7.3722]]]]}},{"type":"Feature","properties":{"level":"village","regency":"Sidoarjo","district":"Taman","village":"Bebekan"},"geometry":{"type":"MultiPolygon","coordinates":[[[[112.7113,-7.3446],[112.711,-7.3459],[112.7099,-7.3456],[112.7089,-7.3454],[112.7078,-7.3454],[112.7067,-7.3455],[112.7057,-7.3452],[112.7047,-7.3449],[112.7037,-7.3447],[112.7027,-7.3445],[112.7016,-7.345],[112.7006,-7.3451],[112.7003,-7.3461],[112.6998,-7.347],[112.6995,-7.348],[112.6987,-7.3494],[112.6977,-7.3498],[112.6967,-7.3501],[112.6975,-7.3492],[112.6984,-7.3485],[112.6988,-7.3473],[112.6985,-7.3463],[112.6977,-7.3452],[112.6965,-7.3444],[112.6955,-7.3438],[112.6961,-7.3429],[112.697,-7.3425],[112.6981,-7.3417],[112.6991,-7.3407],[112.7,-7.3411],[112.7009,-7.3406],[112.7009,-7.3417],[112.7017,-7.3423],[112.7027,-7.3424],[112.7036,-7.3418],[112.7045,-7.3424],[112.7043,-7.3435],[112.7062,-7.3438],[112.7074,-7.3439],[112.7087,-7.3439],[112.7097,-7.3442],[112.7108,-7.3445],[112.7113,-7.3446]]]]}},{"type":"Feature","properties":{"level":"village","regency":"Sidoarjo","district":"Wonoayu","village":"Becirongengor"},"geometry":{"type":"MultiPolygon","coordinates":[[[[112.6503,-7.4076],[112.648,-7.4153],[112.6472,-7.4161],[112.6469,-7.4172],[112.6465,-7.4185],[112.6463,-7.4196],[112.6457,-7.4205],[112.6445,-7.4204],[112.6432,-7.4199],[112.6427,-7.4186],[112.642,-7.4177],[112.641,-7.4176],[112.6399,-7.418],[112.6394,-7.419],[112.6383,-7.4189],[112.6372,-7.4188],[112.6365,-7.418],[112.6356,-7.4172],[112.6352,-7.4158],[112.6349,-7.4142],[112.6352,-7.4132],[112.6352,-7.4122],[112.6356,-7.4113],[112.6359,-7.4102],[112.6355,-7.409],[112.6367,-7.4082],[112.6381,-7.4084],[112.6394,-7.4086],[112.6403,-7.4081],[112.6407,-7.4071],[112.6419,-7.4074],[112.6431,-7.4076],[112.6441,-7.407],[112.6463,-7.4076],[112.6474,-7.4072],[112.6486,-7.4068],[112.6499,-7.4068],[112.6503,-7.4076]]]]}},{"type":"Feature","properties":{"level":"village","regency":"Sidoarjo","district":"Prambon","village":"Bendotretek"},"geometry":{"type":"MultiPolygon","coordinates":[[[[112.5646,-7.4375],[112.5658,-7.4379],[112.5668,-7.4379],[112.5677,-7.4386],[112.5686,-7.4393],[112.5682,-7.4402],[112.568,-7.4413],[112.5676,-7.4424],[112.5676,-7.4434],[112.5679,-7.4444],[112.569,-7.4448],[112.5689,-7.4459],[112.5687,-7.4469],[112.5684,-7.4479],[112.5674,-7.4481],[112.5664,-7.4482],[112.5659,-7.4494],[112.5649,-7.4501],[112.5645,-7.451],[112.5632,-7.451],[112.5621,-7.4513],[112.5614,-7.4504],[112.5605,-7.4508],[112.5605,-7.4519],[112.5593,-7.4519],[112.5583,-7.4521],[112.5573,-7.4526],[112.5575,-7.4515],[112.5582,-7.4495],[112.559,-7.4478],[112.5595,-7.4469],[112.5584,-7.4464],[112.5549,-7.4452],[112.5552,-7.4441],[112.5556,-7.442],[112.556,-7.4407],[112.5567,-7.4397],[112.5571,-7.4387],[112.5576,-7.4376],[112.5581,-7.4364],[112.5587,-7.4354],[112.5602,-7.4361],[112.5612,-7.4364],[112.5623,-7.437],[112.5634,-7.4373],[112.5645,-7.4374],[112.5646,-7.4375]]]]}},{"type":"Feature","properties":{"level":"village","regency":"Surabaya","district":"Wonocolo","village":"Bendul Merisi"},"geometry":{"type":"MultiPolygon","coordinates":[[[[112.747,-7.3059],[112.7481,-7.3066],[112.7492,-7.3067],[112.7492,-7.3079],[112.7492,-7.3089],[112.7492,-7.3102],[112.7489,-7.3114],[112.7487,-7.3125],[112.7484,-7.3135],[112.7474,-7.3136],[112.7457,-7.3133],[112.7439,-7.313],[112.743,-7.3126],[112.7421,-7.3132],[112.7409,-7.3133],[112.74,-7.3129],[112.7391,-7.3123],[112.7392,-7.3109],[112.7404,-7.311],[112.7408,-7.3098],[112.741,-7.3088],[112.7414,-7.3078],[112.7416,-7.3066],[112.7424,-7.3059],[112.7434,-7.3059],[112.7445,-7.3059],[112.7456,-7.3059],[112.7467,-7.3059],[112.747,-7.3059]]]]}},{"type":"Feature","properties":{"level":"village","regency":"Surabaya","district":"Pakal","village":"Benowo"},"geometry":{"type":"MultiPolygon","coordinates":[[[[112.6163,-7.2269],[112.617,-7.2279],[112.6178,-7.2287],[112.6192,-7.2292],[112.6174,-7.2348],[112.617,-7.2358],[112.6166,-7.2368],[112.6154,-7.2372],[112.6144,-7.2374],[112.6134,-7.2382],[112.6129,-7.2391],[112.6125,-7.24],[112.6119,-7.2409],[112.6111,-7.2419],[112.6108,-7.243],[112.6105,-7.244],[112.6101,-7.245],[112.6094,-7.2467],[112.609,-7.2477],[112.6078,-7.2484],[112.6067,-7.2486],[112.6056,-7.2484],[112.6045,-7.2481],[112.6035,-7.2476],[112.6027,-7.247],[112.6022,-7.2461],[112.603,-7.2451],[112.6036,-7.244],[112.6041,-7.2431],[112.6051,-7.2428],[112.606,-7.2422],[112.6063,-7.2412],[112.6064,-7.2401],[112.6057,-7.2392],[112.6046,-7.2385],[112.6042,-7.2376],[112.604,-7.2362],[112.6043,-7.2349],[112.6046,-7.2334],[112.6056,-7.2331],[112.6079,-7.2315],[112.6089,-7.231],[112.6094,-7.2301],[112.6103,-7.2295],[112.6111,-7.2281],[112.6121,-7.2286],[112.6131,-7.2279],[112.6136,-7.2266],[112.6148,-7.2267],[112.6163,-7.2269],[112.6163,-7.2269]]]]}},{"type":"Feature","properties":{"level":"village","regency":"Sidoarjo","district":"Waru","village":"Berbek"},"geometry":{"type":"MultiPolygon","coordinates":[[[[112.7644,-7.3384],[112.764,-7.3398],[112.7642,-7.3411],[112.7639,-7.3422],[112.7646,-7.343],[112.7656,-7.3435],[112.7653,-7.3445],[112.7659,-7.3455],[112.766,-7.3467],[112.7665,-7.3477],[112.7663,-7.3488],[112.7662,-7.3499],[112.7653,-7.3503],[112.7643,-7.3502],[112.7634,-7.3498],[112.7625,-7.3493],[112.7614,-7.3493],[112.7606,-7.3499],[112.7596,-7.3503],[112.7587,-7.3507],[112.7587,-7.3494],[112.7585,-7.3484],[112.7582,-7.3473],[112.7587,-7.3464],[112.7589,-7.3454],[112.7578,-7.3451],[112.7567,-7.3448],[112.7551,-7.3443],[112.7536,-7.344],[112.7538,-7.3428],[112.7537,-7.3418],[112.7538,-7.3407],[112.7541,-7.3391],[112.7545,-7.3377],[112.7551,-7.3368],[112.7564,-7.3369],[112.7576,-7.3372],[112.7593,-7.3375],[112.7605,-7.3378],[112.7617,-7.3381],[112.7628,-7.3385],[112.7643,-7.3384],[112.7644,-7.3384]]]]}},{"type":"Feature","properties":{"level":"village","regency":"Sidoarjo","district":"Jabon","village":"Besuki"},"geometry":{"type":"MultiPolygon","coordinates":[[[[112.7274,-7.5352],[112.7283,-7.5362],[112.7283,-7.5372],[112.7273,-7.5394],[112.7272,-7.5419],[112.7269,-7.5434],[112.7252,-7.5435],[112.7234,-7.5435],[112.7223,-7.5434],[112.7212,-7.5433],[112.7197,-7.5433],[112.7183,-7.5432],[112.7172,-7.5431],[112.716,-7.5431],[112.7139,-7.543],[112.7138,-7.5419],[112.7126,-7.5415],[112.7122,-7.5405],[112.7132,-7.5395],[112.714,-7.5389],[112.7149,-7.538],[112.7157,-7.5372],[112.7157,-7.5362],[112.7145,-7.5354],[112.7153,-7.5343],[112.7164,-7.5347],[112.7175,-7.5346],[112.7185,-7.5342],[112.7196,-7.5339],[112.7206,-7.5338],[112.7216,-7.5341],[112.7227,-7.5338],[112.7238,-7.5341],[112.7258,-7.5347],[112.727,-7.5351],[112.7274,-7.5352]]]]}},{"type":"Feature","properties":{"level":"village","regency":"Sidoarjo","district":"Sedati","village":"Betro"},"geometry":{"type":"MultiPolygon","coordinates":[[[[112.7681,-7.374],[112.7698,-7.3743],[112.7711,-7.3745],[112.7726,-7.3749],[112.7737,-7.3751],[112.7749,-7.3754],[112.776,-7.3755],[112.7772,-7.3757],[112.7784,-7.3759],[112.7795,-7.3761],[112.781,-7.3763],[112.7832,-7.3767],[112.7849,-7.377],[112.7863,-7.3772],[112.7887,-7.3776],[112.7905,-7.3779],[112.7915,-7.378],[112.7927,-7.3782],[112.7937,-7.3784],[112.7957,-7.3787],[112.7979,-7.3791],[112.7994,-7.3793],[112.8012,-7.3795],[112.8024,-7.3798],[112.8038,-7.38],[112.805,-7.3802],[112.8055,-7.3815],[112.8054,-7.3838],[112.8049,-7.385],[112.8046,-7.386],[112.8035,-7.386],[112.8025,-7.386],[112.8015,-7.3858],[112.8004,-7.3856],[112.7994,-7.3855],[112.7983,-7.3853],[112.7973,-7.3851],[112.7963,-7.385],[112.7951,-7.3848],[112.7932,-7.3842],[112.7899,-7.3837],[112.7871,-7.3833],[112.7856,-7.3829],[112.785,-7.3837],[112.7849,-7.3847],[112.7847,-7.3857],[112.7837,-7.3863],[112.7824,-7.3861],[112.7818,-7.3871],[112.7815,-7.388],[112.7811,-7.389],[112.7808,-7.3902],[112.7805,-7.3912],[112.7794,-7.3919],[112.7782,-7.3927],[112.7771,-7.3935],[112.7758,-7.3944],[112.7755,-7.3932],[112.7742,-7.3927],[112.7729,-7.3926],[112.7715,-7.3926],[112.7715,-7.3937],[112.7715,-7.395],[112.7704,-7.3949],[112.7705,-7.3933],[112.7706,-7.3923],[112.7706,-7.3912],[112.7707,-7.3892],[112.7699,-7.3906],[112.7697,-7.3916],[112.7698,-7.3931],[112.7696,-7.3941],[112.7685,-7.3943],[112.7675,-7.3939],[112.7662,-7.3935],[112.7642,-7.3935],[112.7638,-7.3954],[112.7633,-7.3965],[112.7617,-7.3962],[112.7605,-7.396],[112.7572,-7.3954],[112.7574,-7.3944],[112.7576,-7.3929],[112.7565,-7.3926],[112.7555,-7.3925],[112.7541,-7.3924],[112.7529,-7.3919],[112.753,-7.3907],[112.7534,-7.3894],[112.7539,-7.3885],[112.7545,-7.3874],[112.755,-7.3865],[112.7554,-7.3855],[112.7555,-7.3844],[112.7567,-7.3843],[112.7588,-7.3844],[112.7587,-7.3855],[112.7599,-7.3856],[112.7611,-7.3858],[112.7625,-7.386],[112.763,-7.3848],[112.7639,-7.3838],[112.7647,-7.383],[112.7653,-7.382],[112.7656,-7.3803],[112.7659,-7.3779],[112.7662,-7.3765],[112.7665,-7.3748],[112.7672,-7.374],[112.7681,-7.374]]]]}},{"type":"Feature","properties":{"level":"village","regency":"Sidoarjo","district":"Candi","village":"Bligo"},"geometry":{"type":"MultiPolygon","coordinates":[[[[112.7274,-7.471],[112.7273,-7.4724],[112.727,-7.4741],[112.7269,-7.4751],[112.726,-7.4759],[112.7252,-7.4766],[112.724,-7.4765],[112.7229,-7.4766],[112.7217,-7.4763],[112.7206,-7.4775],[112.7197,-7.4781],[112.7186,-7.478],[112.7175,-7.4779],[112.7166,-7.4775],[112.7162,-7.4765],[112.7155,-7.4755],[112.7144,-7.4754],[112.7134,-7.4756],[112.7134,-7.4745],[112.7137,-7.4735],[112.7141,-7.4724],[112.7145,-7.4714],[112.7157,-7.4715],[112.7168,-7.4717],[112.7175,-7.4725],[112.7187,-7.4728],[112.7197,-7.4731],[112.7208,-7.4732],[112.7218,-7.473],[112.7231,-7.4733],[112.7237,-7.4722],[112.7242,-7.4707],[112.7257,-7.4705],[112.7268,-7.4708],[112.7274,-7.471]]]]}},{"type":"Feature","properties":{"level":"village","regency":"Sidoarjo","district":"Sidoarjo","village":"Bluru Kidul"},"geometry":{"type":"MultiPolygon","coordinates":[[[[112.7539,-7.4494],[112.7541,-7.4504],[112.7521,-7.4508],[112.7514,-7.4498],[112.7508,-7.4489],[112.7496,-7.4488],[112.7486,-7.4497],[112.7478,-7.4505],[112.7458,-7.4509],[112.7457,-7.4524],[112.7468,-7.4527],[112.748,-7.4534],[112.7491,-7.454],[112.7488,-7.4551],[112.7478,-7.4553],[112.7471,-7.4538],[112.7456,-7.4537],[112.744,-7.4538],[112.743,-7.4545],[112.743,-7.4555],[112.744,-7.4557],[112.745,-7.4559],[112.7434,-7.4571],[112.7424,-7.4581],[112.741,-7.4577],[112.7403,-7.4563],[112.7393,-7.4552],[112.7383,-7.4546],[112.7378,-7.4555],[112.7373,-7.4565],[112.7363,-7.4562],[112.7349,-7.457],[112.734,-7.4566],[112.7339,-7.4552],[112.7328,-7.4556],[112.7318,-7.4562],[112.7306,-7.4558],[112.7302,-7.4546],[112.729,-7.4544],[112.728,-7.454],[112.7282,-7.4527],[112.7272,-7.4524],[112.7281,-7.45],[112.7286,-7.4485],[112.7277,-7.448],[112.7268,-7.4475],[112.7264,-7.4465],[112.7252,-7.446],[112.725,-7.4446],[112.7241,-7.444],[112.7228,-7.4436],[112.7221,-7.4427],[112.7237,-7.442],[112.7247,-7.4415],[112.7257,-7.441],[112.7266,-7.4404],[112.7273,-7.442],[112.727,-7.4439],[112.7302,-7.4452],[112.7318,-7.4452],[112.734,-7.4455],[112.7352,-7.4458],[112.7356,-7.4445],[112.7355,-7.4435],[112.7367,-7.4448],[112.7379,-7.4451],[112.7389,-7.4456],[112.7402,-7.4458],[112.7414,-7.4457],[112.7428,-7.4458],[112.7439,-7.4459],[112.7455,-7.4452],[112.7466,-7.4454],[112.7477,-7.4452],[112.7476,-7.4466],[112.7472,-7.4475],[112.7481,-7.4488],[112.7491,-7.4484],[112.7499,-7.447],[112.7511,-7.4473],[112.7527,-7.4485],[112.7533,-7.4493],[112.7539,-7.4494]]]]}},{"type":"Feature","properties":{"level":"village","regency":"Sidoarjo","district":"Balong Bendo","village":"Bogem Pinggir"},"geometry":{"type":"MultiPolygon","coordinates":[[[[112.5249,-7.4039],[112.5235,-7.4045],[112.5236,-7.4065],[112.5194,-7.4078],[112.5183,-7.4082],[112.5169,-7.4083],[112.5158,-7.4084],[112.5138,-7.4086],[112.5127,-7.4087],[112.5116,-7.4089],[112.5105,-7.409],[112.5092,-7.4093],[112.5087,-7.4076],[112.5087,-7.4064],[112.5114,-7.4062],[112.5133,-7.4061],[112.5164,-7.4054],[112.5183,-7.405],[112.5205,-7.4042],[112.5238,-7.4036],[112.5249,-7.4039]]]]}},{"type":"Feature","properties":{"level":"village","regency":"Sidoarjo","district":"Taman","village":"Bohar"},"geometry":{"type":"MultiPolygon","coordinates":[[[[112.7129,-7.3777],[112.714,-7.3778],[112.7158,-7.3779],[112.717,-7.378],[112.717,-7.379],[112.718,-7.3794],[112.7194,-7.3792],[112.7197,-7.3802],[112.7193,-7.3813],[112.7194,-7.3823],[112.7181,-7.3823],[112.7166,-7.3822],[112.7162,-7.3834],[112.7138,-7.3834],[112.7128,-7.3832],[112.7113,-7.3835],[112.7103,-7.3837],[112.7094,-7.3846],[112.708,-7.3844],[112.7059,-7.3841],[112.7048,-7.3865],[112.7036,-7.3862],[112.7024,-7.3862],[112.701,-7.3856],[112.6992,-7.3851],[112.6992,-7.3839],[112.6997,-7.383],[112.7003,-7.3816],[112.7007,-7.3805],[112.7017,-7.3801],[112.7027,-7.3799],[112.7036,-7.3795],[112.7036,-7.3779],[112.7069,-7.3775],[112.7082,-7.3775],[112.7095,-7.3775],[112.7109,-7.3778],[112.7123,-7.3774],[112.7129,-7.3777]]]]}},{"type":"Feature","properties":{"level":"village","regency":"Surabaya","district":"Pabean Cantian","village":"Bongkaran"},"geometry":{"type":"MultiPolygon","coordinates":[[[[112.7448,-7.2384],[112.7451,-7.2394],[112.7454,-7.2404],[112.746,-7.2418],[112.747,-7.2428],[112.7473,-7.2438],[112.7474,-7.245],[112.7475,-7.2461],[112.7473,-7.2473],[112.7468,-7.2483],[112.7457,-7.2482],[112.7445,-7.2481],[112.7435,-7.2481],[112.7424,-7.2478],[112.7426,-7.2468],[112.743,-7.2458],[112.743,-7.2448],[112.7425,-7.2439],[112.7415,-7.2437],[112.7405,-7.2436],[112.7396,-7.2431],[112.7391,-7.2422],[112.7389,-7.2412],[112.7386,-7.2402],[112.738,-7.2393],[112.7378,-7.2383],[112.7381,-7.2373],[112.7392,-7.2369],[112.7405,-7.2372],[112.7419,-7.2376],[112.7431,-7.238],[112.7448,-7.2384],[112.7448,-7.2384]]]]}},{"type":"Feature","properties":{"level":"village","regency":"Sidoarjo","district":"Tanggulangin","village":"Boro"},"geometry":{"type":"MultiPolygon","coordinates":[[[[112.6948,-7.4921],[112.6959,-7.4923],[112.6978,-7.4927],[112.6988,-7.4927],[112.6997,-7.4935],[112.7002,-7.4944],[112.7011,-7.4949],[112.7024,-7.4958],[112.7036,-7.4962],[112.7047,-7.4966],[112.7058,-7.497],[112.7072,-7.4975],[112.7081,-7.498],[112.7092,-7.4982],[112.7088,-7.4992],[112.7083,-7.5007],[112.708,-7.5018],[112.7068,-7.5017],[112.7056,-7.5013],[112.7046,-7.5009],[112.7037,-7.5005],[112.7026,-7.5002],[112.7017,-7.4997],[112.7005,-7.4992],[112.6995,-7.4988],[112.6984,-7.4991],[112.6978,-7.4982],[112.6967,-7.4975],[112.6963,-7.4964],[112.696,-7.4955],[112.6958,-7.4944],[112.6953,-7.4935],[112.6947,-7.4922],[112.6948,-7.4921]]]]}},{"type":"Feature","properties":{"level":"village","regency":"Surabaya","district":"Sambikerep","village":"Bringin"},"geometry":{"type":"MultiPolygon","coordinates":[[[[112.6465,-7.2576],[112.6477,-7.2584],[112.6488,-7.2585],[112.6498,-7.2582],[112.6509,-7.258],[112.652,-7.2577],[112.6526,-7.2587],[112.6523,-7.2599],[112.6524,-7.2609],[112.6515,-7.2616],[112.6514,-7.2626],[112.6514,-7.2636],[112.6518,-7.2646],[112.6509,-7.2651],[112.6501,-7.2659],[112.6491,-7.2662],[112.6482,-7.2669],[112.6489,-7.2679],[112.6491,-7.269],[112.6485,-7.2698],[112.6487,-7.2709],[112.6477,-7.2712],[112.647,-7.2703],[112.6459,-7.2701],[112.645,-7.2695],[112.6441,-7.2701],[112.6432,-7.2696],[112.6421,-7.2691],[112.6414,-7.2683],[112.6404,-7.2681],[112.6384,-7.2683],[112.6371,-7.2679],[112.6365,-7.2669],[112.6363,-7.2654],[112.6364,-7.2644],[112.6364,-7.2634],[112.6368,-7.2623],[112.6378,-7.2616],[112.6388,-7.2616],[112.6393,-7.2607],[112.6396,-7.2596],[112.6406,-7.2594],[112.6416,-7.2595],[112.643,-7.2596],[112.644,-7.2599],[112.6453,-7.2595],[112.6462,-7.2585],[112.6465,-7.2576]]]]}},{"type":"Feature","properties":{"level":"village","regency":"Sidoarjo","district":"Taman","village":"Bringinbendo"},"geometry":{"type":"MultiPolygon","coordinates":[[[[112.6657,-7.3687],[112.6655,-7.3697],[112.6652,-7.3708],[112.6646,-7.3719],[112.6642,-7.3733],[112.6638,-7.3748],[112.6627,-7.3751],[112.6616,-7.3752],[112.6605,-7.3754],[112.6595,-7.3758],[112.6587,-7.3766],[112.6585,-7.3777],[112.6583,-7.3788],[112.6596,-7.3795],[112.6592,-7.3807],[112.659,-7.3818],[112.6585,-7.3832],[112.6586,-7.3842],[112.6541,-7.3844],[112.6542,-7.3821],[112.6543,-7.3808],[112.6531,-7.3803],[112.6515,-7.3803],[112.6506,-7.3807],[112.6496,-7.3804],[112.6498,-7.379],[112.65,-7.3778],[112.6505,-7.3769],[112.6509,-7.3756],[112.6509,-7.3746],[112.6498,-7.3739],[112.6486,-7.3735],[112.6482,-7.3722],[112.6491,-7.3713],[112.6498,-7.3702],[112.6506,-7.3695],[112.6511,-7.368],[112.6521,-7.3685],[112.6532,-7.3681],[112.6543,-7.3682],[112.6555,-7.3684],[112.6571,-7.3677],[112.6568,-7.3665],[112.6581,-7.3664],[112.6591,-7.3661],[112.6603,-7.3663],[112.6616,-7.3662],[112.663,-7.3657],[112.6653,-7.3649],[112.6652,-7.3664],[112.665,-7.3677],[112.6656,-7.3687],[112.6657,-7.3687]]]]}},{"type":"Feature","properties":{"level":"village","regency":"Surabaya","district":"Bubutan","village":"Bubutan"},"geometry":{"type":"MultiPolygon","coordinates":[[[[112.7372,-7.2449],[112.737,-7.2464],[112.7367,-7.2475],[112.7364,-7.2486],[112.7361,-7.2497],[112.7357,-7.2507],[112.7353,-7.2519],[112.735,-7.2529],[112.7345,-7.2541],[112.7342,-7.2553],[112.7333,-7.2559],[112.7322,-7.2559],[112.7312,-7.2562],[112.73,-7.2561],[112.7288,-7.256],[112.7278,-7.2559],[112.728,-7.2549],[112.7283,-7.2539],[112.7287,-7.2528],[112.7291,-7.2519],[112.7295,-7.2509],[112.7306,-7.25],[112.7321,-7.2488],[112.733,-7.2479],[112.7334,-7.2467],[112.7344,-7.246],[112.7354,-7.2455],[112.736,-7.2446],[112.7371,-7.2448],[112.7372,-7.2449]]]]}},{"type":"Feature","properties":{"level":"village","regency":"Sidoarjo","district":"Buduran","village":"Buduran"},"geometry":{"type":"MultiPolygon","coordinates":[[[[112.7251,-7.4231],[112.7263,-7.4234],[112.7273,-7.4237],[112.727,-7.4265],[112.7267,-7.4279],[112.7264,-7.4291],[112.7249,-7.4304],[112.7238,-7.4309],[112.723,-7.4318],[112.7221,-7.4326],[112.7203,-7.4325],[112.7203,-7.4309],[112.7196,-7.4297],[112.7191,-7.4276],[112.7201,-7.4274],[112.7205,-7.4258],[112.7211,-7.4248],[112.7218,-7.4241],[112.7231,-7.4227],[112.7244,-7.423],[112.7251,-7.4231]]]]}},{"type":"Feature","properties":{"level":"village","regency":"Surabaya","district":"Bulak","village":"Bulak"},"geometry":{"type":"MultiPolygon","coordinates":[[[[112.7862,-7.2261],[112.7872,-7.2259],[112.7888,-7.2259],[112.7905,-7.2265],[112.7905,-7.2276],[112.7902,-7.2286],[112.7899,-7.2301],[112.7901,-7.2312],[112.7896,-7.2322],[112.7884,-7.2323],[112.7865,-7.2322],[112.7855,-7.2318],[112.7849,-7.2326],[112.7844,-7.2336],[112.7841,-7.2346],[112.7831,-7.235],[112.782,-7.2349],[112.7811,-7.2354],[112.7801,-7.2354],[112.7802,-7.2344],[112.7795,-7.2337],[112.7786,-7.2333],[112.7776,-7.2337],[112.7777,-7.2349],[112.7768,-7.2353],[112.7759,-7.2358],[112.7753,-7.2366],[112.7743,-7.2368],[112.7733,-7.2364],[112.7723,-7.2361],[112.7711,-7.2359],[112.7708,-7.2347],[112.7713,-7.233],[112.7725,-7.2332],[112.7732,-7.2323],[112.7746,-7.2322],[112.7752,-7.2312],[112.7755,-7.2301],[112.7765,-7.2292],[112.7774,-7.2289],[112.7784,-7.2289],[112.7801,-7.2293],[112.781,-7.2289],[112.7814,-7.2299],[112.7823,-7.2307],[112.7834,-7.2313],[112.7838,-7.2304],[112.7838,-7.2292],[112.7841,-7.2282],[112.7834,-7.2272],[112.7835,-7.2259],[112.7845,-7.2253],[112.7856,-7.2256],[112.7862,-7.2261]]]]}},{"type":"Feature","properties":{"level":"village","regency":"Surabaya","district":"Kenjeran","village":"Bulak Banteng"},"geometry":{"type":"MultiPolygon","coordinates":[[[[112.7725,-7.2022],[112.7718,-7.2035],[112.7716,-7.2047],[112.7719,-7.206],[112.7715,-7.2074],[112.7711,-7.2089],[112.7707,-7.2103],[112.7704,-7.2114],[112.7702,-7.2124],[112.77,-7.2135],[112.7697,-7.2148],[112.7707,-7.2152],[112.7705,-7.2162],[112.7702,-7.2173],[112.7697,-7.2182],[112.7687,-7.2201],[112.7699,-7.2204],[112.7696,-7.2214],[112.7685,-7.2212],[112.7676,-7.2221],[112.7666,-7.2224],[112.7656,-7.2227],[112.7646,-7.223],[112.7636,-7.2234],[112.7638,-7.2224],[112.764,-7.2213],[112.7642,-7.2202],[112.7644,-7.2191],[112.7646,-7.2181],[112.7648,-7.2171],[112.765,-7.2161],[112.7653,-7.2151],[112.7654,-7.214],[112.7645,-7.2134],[112.7635,-7.2133],[112.7622,-7.2131],[112.7612,-7.213],[112.761,-7.212],[112.7614,-7.2108],[112.7617,-7.2098],[112.762,-7.2084],[112.7611,-7.2073],[112.7601,-7.2058],[112.7588,-7.2044],[112.758,-7.2035],[112.7585,-7.2022],[112.7578,-7.2011],[112.7575,-7.1996],[112.7569,-7.1983],[112.7573,-7.1973],[112.7586,-7.1965],[112.76,-7.1959],[112.7617,-7.1958],[112.763,-7.1958],[112.7648,-7.1963],[112.7658,-7.1968],[112.7671,-7.1978],[112.768,-7.1984],[112.7696,-7.1994],[112.7704,-7.2001],[112.7719,-7.2012],[112.7725,-7.2021],[112.7725,-7.2022]]]]}},{"type":"Feature","properties":{"level":"village","regency":"Sidoarjo","district":"Prambon","village":"Bulang"},"geometry":{"type":"MultiPolygon","coordinates":[[[[112.6058,-7.4875],[112.6057,-7.4885],[112.6072,-7.4893],[112.6089,-7.49],[112.608,-7.4919],[112.6075,-7.4928],[112.6062,-7.4924],[112.6057,-7.4936],[112.6047,-7.4958],[112.6042,-7.4978],[112.603,-7.5006],[112.6016,-7.5006],[112.6,-7.5004],[112.5988,-7.5003],[112.5977,-7.5001],[112.5967,-7.4992],[112.5961,-7.4982],[112.5954,-7.4975],[112.5946,-7.4966],[112.5933,-7.4955],[112.5913,-7.4942],[112.5903,-7.4938],[112.5893,-7.4935],[112.5881,-7.4934],[112.587,-7.4937],[112.586,-7.4937],[112.5845,-7.4933],[112.5849,-7.4922],[112.5853,-7.4911],[112.5858,-7.4897],[112.5868,-7.49],[112.5878,-7.4903],[112.5889,-7.4906],[112.5903,-7.4909],[112.5913,-7.4918],[112.5923,-7.4923],[112.5933,-7.4928],[112.5945,-7.4919],[112.5948,-7.4909],[112.5955,-7.4883],[112.5964,-7.4876],[112.5974,-7.4878],[112.5981,-7.4859],[112.5986,-7.4846],[112.5996,-7.4848],[112.6007,-7.4851],[112.6018,-7.4854],[112.6027,-7.4859],[112.6031,-7.487],[112.6035,-7.488],[112.6046,-7.488],[112.6057,-7.4876],[112.6058,-7.4875]]]]}},{"type":"Feature","properties":{"level":"village","regency":"Sidoarjo","district":"Sidoarjo","village":"Bulusidokare"},"geometry":{"type":"MultiPolygon","coordinates":[[[[112.7306,-7.4558],[112.7303,-7.4581],[112.7301,-7.4598],[112.73,-7.4608],[112.7299,-7.4623],[112.7306,-7.4631],[112.7304,-7.4643],[112.7294,-7.4639],[112.7283,-7.4637],[112.7273,-7.4633],[112.726,-7.4627],[112.725,-7.4623],[112.7239,-7.462],[112.7231,-7.4613],[112.7221,-7.461],[112.7211,-7.4609],[112.7202,-7.4615],[112.7192,-7.4618],[112.7181,-7.462],[112.7171,-7.4623],[112.7172,-7.4611],[112.7174,-7.4601],[112.7173,-7.459],[112.7173,-7.4579],[112.7183,-7.4576],[112.7193,-7.4576],[112.7202,-7.4583],[112.7211,-7.4574],[112.7221,-7.4572],[112.7223,-7.4587],[112.7233,-7.4586],[112.7244,-7.4589],[112.7262,-7.4591],[112.727,-7.4584],[112.7273,-7.4574],[112.7279,-7.4564],[112.7285,-7.4555],[112.7295,-7.4544],[112.7304,-7.4552],[112.7306,-7.4558]]]]}},{"type":"Feature","properties":{"level":"village","regency":"Sidoarjo","district":"Sedati","village":"Buncitan"},"geometry":{"type":"MultiPolygon","coordinates":[[[[112.7924,-7.3972],[112.7922,-7.3984],[112.7914,-7.3991],[112.7913,-7.4003],[112.7905,-7.4012],[112.7896,-7.4017],[112.7885,-7.4019],[112.7874,-7.4016],[112.7861,-7.401],[112.785,-7.4005],[112.7838,-7.3999],[112.7821,-7.3991],[112.7823,-7.4001],[112.7819,-7.4011],[112.7824,-7.402],[112.7831,-7.4027],[112.7829,-7.4037],[112.7836,-7.4048],[112.7831,-7.4059],[112.7832,-7.407],[112.7838,-7.4079],[112.7829,-7.4083],[112.7819,-7.4083],[112.7808,-7.4084],[112.7797,-7.4082],[112.7793,-7.4071],[112.7789,-7.4062],[112.7781,-7.4055],[112.7779,-7.4045],[112.7768,-7.4041],[112.7764,-7.403],[112.7756,-7.4022],[112.7757,-7.4006],[112.7758,-7.399],[112.7758,-7.3975],[112.776,-7.3954],[112.7748,-7.3953],[112.7759,-7.3951],[112.7771,-7.3951],[112.7782,-7.3952],[112.7794,-7.3953],[112.7807,-7.3953],[112.7818,-7.3951],[112.7828,-7.395],[112.7838,-7.3955],[112.7848,-7.3957],[112.7859,-7.3959],[112.7869,-7.3961],[112.788,-7.3963],[112.789,-7.3965],[112.7903,-7.3968],[112.7916,-7.3971],[112.7924,-7.3972]]]]}},{"type":"Feature","properties":{"level":"village","regency":"Sidoarjo","district":"Waru","village":"Bungurasih"},"geometry":{"type":"MultiPolygon","coordinates":[[[[112.7157,-7.3418],[112.7169,-7.3421],[112.7179,-7.3424],[112.7195,-7.3429],[112.7197,-7.3442],[112.7212,-7.3449],[112.7226,-7.3453],[112.724,-7.3457],[112.7242,-7.3469],[112.7253,-7.3479],[112.7272,-7.3484],[112.7271,-7.3509],[112.7262,-7.3527],[112.7259,-7.3545],[112.7247,-7.354],[112.7237,-7.3537],[112.7228,-7.3532],[112.7213,-7.353],[112.7202,-7.3525],[112.719,-7.3522],[112.7179,-7.3521],[112.717,-7.3517],[112.7156,-7.3516],[112.7141,-7.3512],[112.7126,-7.3509],[112.7128,-7.3498],[112.7132,-7.3489],[112.7137,-7.348],[112.7141,-7.3469],[112.7143,-7.3452],[112.7145,-7.3438],[112.7151,-7.3428],[112.7151,-7.3418],[112.7157,-7.3418]]]]}},{"type":"Feature","properties":{"level":"village","regency":"Sidoarjo","district":"Candi","village":"Candi"},"geometry":{"type":"MultiPolygon","coordinates":[[[[112.7131,-7.4755],[112.7144,-7.4754],[112.7155,-7.4755],[112.7162,-7.4765],[112.7166,-7.4775],[112.7164,-7.4786],[112.7157,-7.4793],[112.7148,-7.4798],[112.7146,-7.4808],[112.7135,-7.4806],[112.7127,-7.48],[112.7117,-7.4798],[112.7108,-7.4817],[112.7099,-7.4812],[112.7089,-7.4808],[112.7088,-7.4797],[112.7085,-7.4787],[112.7075,-7.4783],[112.7075,-7.4772],[112.707,-7.4762],[112.7076,-7.4753],[112.7087,-7.4747],[112.7097,-7.4749],[112.7107,-7.4751],[112.7117,-7.4752],[112.7129,-7.4755],[112.7131,-7.4755]]]]}},{"type":"Feature","properties":{"level":"village","regency":"Sidoarjo","district":"Wonoayu","village":"Candinegoro"},"geometry":{"type":"MultiPolygon","coordinates":[[[[112.6256,-7.4074],[112.625,-7.4082],[112.6244,-7.409],[112.6232,-7.4087],[112.6227,-7.4096],[112.6216,-7.4106],[112.6209,-7.4115],[112.6208,-7.4126],[112.6205,-7.414],[112.6195,-7.4137],[112.6185,-7.4138],[112.6183,-7.4148],[112.6181,-7.4159],[112.6171,-7.4163],[112.6162,-7.4166],[112.6151,-7.4165],[112.6134,-7.4162],[112.6136,-7.4137],[112.6137,-7.4126],[112.614,-7.4109],[112.6129,-7.4104],[112.6129,-7.4093],[112.6127,-7.4082],[112.6129,-7.4072],[112.613,-7.4059],[112.6132,-7.4046],[112.6135,-7.4028],[112.6163,-7.4029],[112.6178,-7.4044],[112.6199,-7.4046],[112.62,-7.4032],[112.623,-7.4035],[112.6236,-7.4025],[112.6246,-7.4022],[112.6246,-7.4035],[112.6246,-7.4046],[112.6243,-7.406],[112.6248,-7.407],[112.6256,-7.4074]]]]}},{"type":"Feature","properties":{"level":"village","regency":"Sidoarjo","district":"Porong","village":"Candipari"},"geometry":{"type":"MultiPolygon","coordinates":[[[[112.6858,-7.5138],[112.6855,-7.5149],[112.6852,-7.516],[112.6849,-7.517],[112.6847,-7.5182],[112.6847,-7.5194],[112.6845,-7.5228],[112.6842,-7.5238],[112.6836,-7.5246],[112.6825,-7.5246],[112.6819,-7.5254],[112.681,-7.5258],[112.6806,-7.527],[112.6794,-7.526],[112.6785,-7.5255],[112.6779,-7.5245],[112.6767,-7.5236],[112.6755,-7.5232],[112.6744,-7.5231],[112.6733,-7.5229],[112.6729,-7.522],[112.6735,-7.521],[112.6739,-7.52],[112.675,-7.5203],[112.6761,-7.5204],[112.6771,-7.5201],[112.6782,-7.5193],[112.679,-7.5184],[112.6783,-7.5176],[112.6778,-7.5167],[112.6784,-7.5159],[112.6794,-7.5154],[112.6801,-7.5146],[112.681,-7.514],[112.6816,-7.5132],[112.6827,-7.5132],[112.6838,-7.5136],[112.6848,-7.5138],[112.6858,-7.5138]]]]}},{"type":"Feature","properties":{"level":"village","regency":"Sidoarjo","district":"Krembung","village":"Cangkring"},"geometry":{"type":"MultiPolygon","coordinates":[[[[112.6149,-7.4937],[112.6148,-7.4948],[112.6143,-7.4972],[112.6129,-7.4971],[112.6126,-7.4983],[112.6123,-7.4995],[112.6116,-7.5003],[112.6098,-7.5037],[112.6094,-7.5046],[112.6088,-7.5056],[112.608,-7.5069],[112.6069,-7.5068],[112.6058,-7.5067],[112.605,-7.5059],[112.6044,-7.505],[112.604,-7.5038],[112.6042,-7.5028],[112.6032,-7.5019],[112.6029,-7.5007],[112.6041,-7.498],[112.6049,-7.4959],[112.6053,-7.4944],[112.606,-7.4928],[112.6071,-7.4927],[112.608,-7.4919],[112.6089,-7.4901],[112.6098,-7.4894],[112.611,-7.4898],[112.612,-7.49],[112.6135,-7.4907],[112.6144,-7.4912],[112.6153,-7.4917],[112.615,-7.4932],[112.6149,-7.4937]]]]}},{"type":"Feature","properties":{"level":"village","regency":"Sidoarjo","district":"Sukodono","village":"Cangkringsari"},"geometry":{"type":"MultiPolygon","coordinates":[[[[112.6536,-7.397],[112.6535,-7.398],[112.6531,-7.3992],[112.6529,-7.4002],[112.6534,-7.4014],[112.6532,-7.4034],[112.653,-7.4052],[112.6528,-7.4075],[112.6518,-7.4081],[112.6506,-7.4078],[112.6502,-7.4068],[112.6488,-7.4068],[112.6477,-7.4069],[112.6463,-7.4076],[112.6449,-7.4072],[112.6439,-7.4072],[112.6419,-7.4074],[112.6407,-7.4071],[112.6408,-7.4059],[112.6398,-7.4056],[112.6399,-7.4045],[112.6392,-7.4037],[112.6393,-7.4026],[112.6388,-7.4016],[112.6388,-7.4006],[112.6389,-7.3996],[112.6379,-7.3994],[112.6369,-7.3992],[112.6363,-7.3983],[112.6365,-7.3971],[112.636,-7.3962],[112.6355,-7.3953],[112.6369,-7.3948],[112.6386,-7.3941],[112.6397,-7.3936],[112.6409,-7.3933],[112.6422,-7.3931],[112.6423,-7.3948],[112.6434,-7.3949],[112.6446,-7.3951],[112.6461,-7.3952],[112.6474,-7.3952],[112.6484,-7.3952],[112.649,-7.3961],[112.65,-7.3966],[112.6513,-7.3967],[112.6529,-7.3969],[112.6536,-7.397]]]]}},{"type":"Feature","properties":{"level":"village","regency":"Sidoarjo","district":"Prambon","village":"Cangkringturi"},"geometry":{"type":"MultiPolygon","coordinates":[[[[112.604,-7.4503],[112.6039,-7.4515],[112.6046,-7.4523],[112.6056,-7.4526],[112.6065,-7.4531],[112.6074,-7.4536],[112.6068,-7.4544],[112.606,-7.4554],[112.6048,-7.455],[112.6037,-7.4547],[112.6027,-7.4544],[112.6013,-7.454],[112.6001,-7.4537],[112.599,-7.4534],[112.5978,-7.453],[112.5965,-7.4526],[112.5962,-7.4536],[112.5959,-7.4547],[112.5949,-7.4553],[112.5938,-7.4551],[112.5922,-7.4548],[112.5894,-7.4545],[112.5881,-7.4546],[112.5871,-7.4548],[112.5861,-7.4542],[112.5857,-7.4532],[112.5859,-7.4521],[112.5863,-7.4508],[112.5869,-7.4499],[112.5881,-7.4501],[112.5892,-7.4505],[112.5902,-7.4503],[112.5906,-7.4492],[112.5918,-7.4488],[112.5928,-7.4488],[112.594,-7.4486],[112.5953,-7.4489],[112.5963,-7.4492],[112.5974,-7.4494],[112.5983,-7.4487],[112.599,-7.4479],[112.6003,-7.4477],[112.6014,-7.4481],[112.6024,-7.4482],[112.6034,-7.4489],[112.604,-7.4503]]]]}},{"type":"Feature","properties":{"level":"village","regency":"Sidoarjo","district":"Sidoarjo","village":"Celep"},"geometry":{"type":"MultiPolygon","coordinates":[[[[112.7205,-7.4675],[112.7194,-7.4678],[112.7184,-7.4679],[112.7174,-7.4675],[112.7164,-7.4674],[112.7153,-7.4672],[112.7139,-7.4668],[112.7142,-7.4655],[112.7145,-7.4645],[112.7149,-7.4632],[112.7156,-7.4624],[112.7167,-7.4626],[112.7176,-7.4621],[112.7187,-7.4622],[112.7197,-7.4618],[112.7203,-7.4627],[112.7203,-7.4642],[112.7202,-7.4652],[112.7198,-7.4662],[112.7205,-7.4675]]]]}},{"type":"Feature","properties":{"level":"village","regency":"Sidoarjo","district":"Sedati","village":"Cemandi"},"geometry":{"type":"MultiPolygon","coordinates":[[[[112.7944,-7.3846],[112.7932,-7.3862],[112.793,-7.3876],[112.7956,-7.3881],[112.7954,-7.3892],[112.7952,-7.3902],[112.795,-7.3913],[112.7949,-7.3923],[112.7946,-7.3933],[112.7969,-7.3939],[112.7988,-7.3941],[112.7998,-7.3941],[112.8011,-7.3919],[112.8015,-7.3908],[112.8027,-7.391],[112.8043,-7.3911],[112.806,-7.3913],[112.8071,-7.3918],[112.8071,-7.3933],[112.8072,-7.395],[112.8074,-7.3969],[112.8075,-7.3985],[112.8075,-7.4001],[112.8074,-7.4012],[112.8072,-7.4022],[112.8057,-7.4023],[112.8048,-7.4017],[112.8039,-7.4011],[112.8029,-7.4005],[112.802,-7.3999],[112.801,-7.3994],[112.7999,-7.3989],[112.7988,-7.3986],[112.7975,-7.3982],[112.7963,-7.398],[112.7948,-7.3977],[112.7936,-7.3967],[112.7926,-7.3965],[112.7916,-7.397],[112.7903,-7.3968],[112.789,-7.3965],[112.788,-7.3963],[112.7869,-7.3961],[112.7856,-7.3959],[112.7846,-7.3956],[112.7835,-7.3954],[112.7826,-7.3951],[112.7814,-7.3951],[112.7803,-7.3954],[112.7782,-7.3952],[112.7771,-7.3951],[112.7761,-7.3951],[112.7748,-7.3951],[112.7758,-7.3944],[112.7771,-7.3935],[112.7782,-7.3927],[112.7791,-7.3921],[112.78,-7.3915],[112.7807,-7.3906],[112.781,-7.3896],[112.7814,-7.3884],[112.7818,-7.3871],[112.782,-7.386],[112.7831,-7.3861],[112.7842,-7.3863],[112.7848,-7.3854],[112.7849,-7.3843],[112.785,-7.3833],[112.7871,-7.3833],[112.7899,-7.3837],[112.7932,-7.3842],[112.7942,-7.3844],[112.7944,-7.3846]]]]}},{"type":"Feature","properties":{"level":"village","regency":"Sidoarjo","district":"Sidoarjo","village":"Cemeng Bakalan"},"geometry":{"type":"MultiPolygon","coordinates":[[[[112.6824,-7.4377],[112.6836,-7.4378],[112.6844,-7.4384],[112.6841,-7.4394],[112.6833,-7.4404],[112.6829,-7.4414],[112.6804,-7.441],[112.6793,-7.4409],[112.6782,-7.4415],[112.6757,-7.4415],[112.6745,-7.4413],[112.6733,-7.441],[112.6716,-7.4406],[112.672,-7.4389],[112.6724,-7.4371],[112.673,-7.4351],[112.6717,-7.4348],[112.6708,-7.4345],[112.6698,-7.4345],[112.6696,-7.4335],[112.6697,-7.4325],[112.67,-7.4315],[112.6707,-7.4307],[112.6716,-7.4302],[112.6723,-7.4293],[112.6733,-7.4297],[112.6743,-7.4297],[112.6746,-7.4286],[112.6754,-7.4293],[112.6753,-7.4303],[112.6758,-7.4312],[112.6761,-7.4322],[112.6767,-7.433],[112.6771,-7.434],[112.6778,-7.435],[112.6787,-7.4356],[112.6795,-7.4362],[112.6802,-7.437],[112.6813,-7.4374],[112.6824,-7.4377]]]]}},{"type":"Feature","properties":{"level":"village","regency":"Sidoarjo","district":"Sidoarjo","village":"Cemeng Kalang"},"geometry":{"type":"MultiPolygon","coordinates":[[[[112.6897,-7.4378],[112.6893,-7.4391],[112.6888,-7.4406],[112.6897,-7.4413],[112.6907,-7.4418],[112.6917,-7.4424],[112.6918,-7.4438],[112.6916,-7.4448],[112.6912,-7.4459],[112.691,-7.4469],[112.6895,-7.447],[112.6884,-7.4468],[112.6875,-7.4464],[112.6865,-7.4461],[112.6855,-7.4459],[112.6844,-7.4453],[112.6834,-7.4451],[112.6824,-7.4448],[112.6824,-7.4438],[112.6827,-7.4426],[112.6829,-7.4416],[112.683,-7.4403],[112.6839,-7.4395],[112.6844,-7.4385],[112.685,-7.4376],[112.6862,-7.4373],[112.6878,-7.4375],[112.6891,-7.4377],[112.6897,-7.4378]]]]}},{"type":"Feature","properties":{"level":"village","regency":"Sidoarjo","district":"Buduran","village":"Damarsi"},"geometry":{"type":"MultiPolygon","coordinates":[[[[112.7722,-7.4158],[112.772,-7.4171],[112.7721,-7.4181],[112.773,-7.4193],[112.7744,-7.4193],[112.7756,-7.4194],[112.7771,-7.4198],[112.7782,-7.4199],[112.7794,-7.4201],[112.7806,-7.4204],[112.7824,-7.4207],[112.7838,-7.4213],[112.7848,-7.4215],[112.7859,-7.4214],[112.7872,-7.421],[112.7882,-7.4203],[112.7891,-7.4196],[112.7899,-7.4203],[112.7905,-7.4211],[112.7913,-7.4218],[112.7916,-7.4228],[112.7913,-7.4238],[112.7908,-7.4247],[112.7902,-7.4256],[112.7903,-7.4266],[112.7904,-7.4276],[112.7899,-7.4285],[112.789,-7.429],[112.7866,-7.428],[112.7856,-7.4279],[112.7846,-7.4278],[112.783,-7.428],[112.7818,-7.4283],[112.7803,-7.4285],[112.7791,-7.4283],[112.7781,-7.4275],[112.7771,-7.4276],[112.7756,-7.4277],[112.7747,-7.429],[112.7736,-7.429],[112.7726,-7.428],[112.772,-7.427],[112.7702,-7.4257],[112.7691,-7.4254],[112.7681,-7.4257],[112.7679,-7.4271],[112.7679,-7.4282],[112.7678,-7.4294],[112.7686,-7.43],[112.7695,-7.4304],[112.7693,-7.4315],[112.7681,-7.4321],[112.7669,-7.4316],[112.7657,-7.4312],[112.7647,-7.4309],[112.7641,-7.4297],[112.7635,-7.4289],[112.7625,-7.4286],[112.7615,-7.4283],[112.7607,-7.4277],[112.7597,-7.4273],[112.7592,-7.4263],[112.7586,-7.4254],[112.7578,-7.4248],[112.7577,-7.4238],[112.7579,-7.4224],[112.7583,-7.4214],[112.7585,-7.4202],[112.7586,-7.4192],[112.7576,-7.4186],[112.7572,-7.4176],[112.7565,-7.4167],[112.7569,-7.4154],[112.7573,-7.4144],[112.7572,-7.4134],[112.7574,-7.4123],[112.7578,-7.4113],[112.7581,-7.4102],[112.7584,-7.4092],[112.7586,-7.4082],[112.7596,-7.4074],[112.7597,-7.4085],[112.7599,-7.4104],[112.761,-7.4105],[112.7621,-7.4105],[112.7632,-7.4106],[112.7644,-7.4106],[112.7647,-7.4116],[112.7649,-7.4127],[112.7651,-7.4138],[112.7659,-7.4145],[112.7674,-7.4147],[112.7688,-7.4149],[112.77,-7.4148],[112.7712,-7.4151],[112.7722,-7.4158]]]]}},{"type":"Feature","properties":{"level":"village","regency":"Surabaya","district":"Wonokromo","village":"Darmo"},"geometry":{"type":"MultiPolygon","coordinates":[[[[112.7391,-7.2892],[112.7401,-7.2894],[112.7411,-7.2897],[112.7421,-7.2902],[112.7422,-7.2919],[112.7421,-7.2934],[112.7421,-7.2948],[112.7419,-7.2964],[112.7414,-7.2979],[112.7399,-7.2991],[112.7388,-7.2998],[112.7375,-7.2997],[112.7376,-7.2986],[112.7368,-7.2979],[112.7359,-7.2974],[112.7349,-7.2968],[112.7341,-7.2962],[112.7333,-7.2955],[112.7324,-7.2949],[112.7315,-7.2942],[112.7304,-7.2933],[112.7294,-7.2926],[112.7291,-7.2915],[112.7295,-7.2905],[112.7302,-7.2896],[112.7303,-7.2886],[112.7297,-7.2877],[112.7297,-7.2861],[112.7301,-7.2852],[112.7302,-7.2841],[112.7298,-7.2831],[112.7293,-7.2821],[112.7291,-7.2809],[112.7281,-7.2798],[112.7277,-7.2788],[112.7275,-7.2778],[112.7277,-7.2767],[112.7286,-7.2774],[112.7296,-7.2787],[112.7305,-7.2797],[112.7312,-7.2805],[112.7324,-7.2826],[112.733,-7.2837],[112.7336,-7.2849],[112.7343,-7.2863],[112.7347,-7.2872],[112.7357,-7.2891],[112.7367,-7.2893],[112.7383,-7.2892],[112.7391,-7.2892]]]]}},{"type":"Feature","properties":{"level":"village","regency":"Surabaya","district":"Tegalsari","village":"Dr. Sutomo"},"geometry":{"type":"MultiPolygon","coordinates":[[[[112.7346,-7.2758],[112.7358,-7.276],[112.7378,-7.2765],[112.7389,-7.2768],[112.7402,-7.2771],[112.7413,-7.2773],[112.741,-7.2786],[112.7408,-7.2798],[112.7406,-7.2808],[112.7404,-7.282],[112.7402,-7.2832],[112.7399,-7.285],[112.7396,-7.2862],[112.7393,-7.2879],[112.7392,-7.289],[112.7377,-7.2892],[112.7363,-7.2895],[112.7352,-7.2881],[112.7347,-7.2872],[112.7343,-7.2863],[112.7338,-7.2853],[112.7331,-7.284],[112.7324,-7.2826],[112.7317,-7.2812],[112.7309,-7.2802],[112.7302,-7.2793],[112.729,-7.278],[112.7282,-7.277],[112.7275,-7.2761],[112.7268,-7.2751],[112.727,-7.2741],[112.7281,-7.2743],[112.7293,-7.2746],[112.7311,-7.275],[112.7321,-7.2752],[112.7333,-7.2755],[112.7346,-7.2758]]]]}},{"type":"Feature","properties":{"level":"village","regency":"Surabaya","district":"Dukuh Pakis","village":"Dukuh Kupang"},"geometry":{"type":"MultiPolygon","coordinates":[[[[112.7164,-7.2822],[112.716,-7.2836],[112.7156,-7.2848],[112.7152,-7.2857],[112.7135,-7.2858],[112.7126,-7.2867],[112.7113,-7.2865],[112.7102,-7.2862],[112.7093,-7.2867],[112.7076,-7.2865],[112.7078,-7.2853],[112.7081,-7.2841],[112.7071,-7.2836],[112.705,-7.2831],[112.7032,-7.2838],[112.7023,-7.2846],[112.7012,-7.2841],[112.7003,-7.2836],[112.6995,-7.2821],[112.7011,-7.2808],[112.7025,-7.2797],[112.703,-7.2787],[112.704,-7.2779],[112.7049,-7.2772],[112.7062,-7.2789],[112.7072,-7.2789],[112.7081,-7.2784],[112.7082,-7.2772],[112.7082,-7.2761],[112.7094,-7.2756],[112.7097,-7.277],[112.7108,-7.2779],[112.7118,-7.2782],[112.7128,-7.2788],[112.7139,-7.2787],[112.7155,-7.279],[112.7165,-7.2793],[112.7171,-7.2802],[112.7167,-7.2812],[112.7164,-7.2822],[112.7164,-7.2822]]]]}},{"type":"Feature","properties":{"level":"village","regency":"Surabaya","district":"Gayungan","village":"Dukuh Menanggal"},"geometry":{"type":"MultiPolygon","coordinates":[[[[112.7378,-7.3449],[112.7368,-7.3448],[112.7363,-7.346],[112.7353,-7.3463],[112.7339,-7.3465],[112.7333,-7.3473],[112.7313,-7.3482],[112.7296,-7.3482],[112.7283,-7.3484],[112.7272,-7.3484],[112.7258,-7.3483],[112.7249,-7.3476],[112.7242,-7.3465],[112.7235,-7.3456],[112.7217,-7.345],[112.72,-7.3446],[112.72,-7.3433],[112.7179,-7.3424],[112.7169,-7.3421],[112.7157,-7.3418],[112.7159,-7.3407],[112.717,-7.3402],[112.7181,-7.3406],[112.7194,-7.341],[112.7204,-7.3413],[112.7215,-7.3416],[112.7227,-7.3419],[112.7238,-7.3422],[112.7252,-7.3427],[112.7264,-7.3431],[112.7287,-7.3438],[112.7293,-7.3429],[112.7293,-7.3418],[112.7293,-7.34],[112.7302,-7.3396],[112.7315,-7.3396],[112.7328,-7.3397],[112.7342,-7.34],[112.7352,-7.3402],[112.7363,-7.3405],[112.7375,-7.3405],[112.7377,-7.3415],[112.7375,-7.3429],[112.7373,-7.344],[112.7378,-7.3449]]]]}},{"type":"Feature","properties":{"level":"village","regency":"Surabaya","district":"Dukuh Pakis","village":"Dukuh Pakis"},"geometry":{"type":"MultiPolygon","coordinates":[[[[112.7149,-7.2862],[112.7144,-7.2874],[112.7138,-7.2886],[112.7135,-7.2897],[112.7148,-7.2908],[112.7158,-7.2912],[112.7169,-7.2914],[112.7181,-7.2916],[112.7185,-7.2929],[112.7183,-7.2946],[112.7182,-7.2967],[112.718,-7.2986],[112.7169,-7.298],[112.7141,-7.2973],[112.713,-7.2971],[112.7115,-7.2975],[112.7107,-7.2981],[112.7092,-7.2994],[112.7082,-7.3004],[112.7075,-7.3012],[112.7051,-7.3001],[112.7044,-7.3015],[112.7033,-7.3019],[112.7012,-7.302],[112.6986,-7.3018],[112.6975,-7.3017],[112.6971,-7.3007],[112.6976,-7.2998],[112.6975,-7.2964],[112.6974,-7.295],[112.6974,-7.2932],[112.6978,-7.2915],[112.7,-7.2922],[112.7029,-7.2929],[112.704,-7.2921],[112.7047,-7.2914],[112.7053,-7.2903],[112.7069,-7.2897],[112.7068,-7.2883],[112.7075,-7.2865],[112.7092,-7.287],[112.7095,-7.286],[112.7105,-7.2863],[112.7118,-7.2866],[112.7132,-7.2857],[112.7149,-7.2862]]]]}},{"type":"Feature","properties":{"level":"village","regency":"Surabaya","district":"Tambaksari","village":"Dukuh Setro"},"geometry":{"type":"MultiPolygon","coordinates":[[[[112.784,-7.2351],[112.7837,-7.2367],[112.7834,-7.238],[112.7835,-7.2395],[112.7836,-7.2413],[112.7836,-7.2424],[112.7832,-7.2442],[112.7832,-7.2426],[112.7834,-7.2412],[112.7796,-7.2405],[112.7767,-7.24],[112.774,-7.2395],[112.7721,-7.2392],[112.7704,-7.2388],[112.7716,-7.2359],[112.7728,-7.2361],[112.7736,-7.2368],[112.7746,-7.2369],[112.7756,-7.2363],[112.7762,-7.2353],[112.7772,-7.2351],[112.7774,-7.2341],[112.7779,-7.2331],[112.7788,-7.2335],[112.7798,-7.2339],[112.7802,-7.2349],[112.7808,-7.2357],[112.7816,-7.2348],[112.7827,-7.235],[112.7838,-7.2351],[112.784,-7.2351]]]]}},{"type":"Feature","properties":{"level":"village","regency":"Surabaya","district":"Mulyorejo","village":"Dukuh Sutorejo"},"geometry":{"type":"MultiPolygon","coordinates":[[[[112.7926,-7.2512],[112.7915,-7.251],[112.7926,-7.2515],[112.7934,-7.2523],[112.7945,-7.2527],[112.7956,-7.2528],[112.797,-7.2533],[112.7986,-7.2538],[112.8,-7.2542],[112.8012,-7.2546],[112.8029,-7.2552],[112.804,-7.2554],[112.8058,-7.2556],[112.81,-7.2544],[112.8104,-7.2564],[112.8061,-7.2596],[112.8051,-7.2598],[112.8041,-7.2601],[112.8031,-7.2601],[112.802,-7.26],[112.801,-7.2597],[112.8001,-7.2592],[112.8003,-7.2582],[112.8,-7.2572],[112.7995,-7.2563],[112.7986,-7.2557],[112.7976,-7.2553],[112.7971,-7.2544],[112.7961,-7.2547],[112.796,-7.2557],[112.7962,-7.2568],[112.7959,-7.2578],[112.795,-7.2583],[112.7939,-7.2591],[112.7934,-7.2604],[112.7949,-7.2603],[112.795,-7.2621],[112.7951,-7.2632],[112.7953,-7.265],[112.7955,-7.2662],[112.796,-7.2688],[112.7968,-7.2705],[112.7971,-7.2716],[112.7959,-7.2712],[112.7943,-7.2707],[112.7929,-7.2703],[112.7917,-7.2699],[112.7905,-7.2695],[112.7895,-7.2693],[112.7859,-7.2693],[112.7849,-7.2674],[112.7853,-7.2643],[112.7856,-7.2624],[112.7861,-7.2615],[112.7869,-7.2608],[112.787,-7.2593],[112.7871,-7.2573],[112.7872,-7.2561],[112.7878,-7.2548],[112.789,-7.2549],[112.7903,-7.255],[112.791,-7.2542],[112.7911,-7.253],[112.7913,-7.2519],[112.7907,-7.2508],[112.7893,-7.2505],[112.789,-7.249],[112.7893,-7.2478],[112.7903,-7.2479],[112.7916,-7.248],[112.7928,-7.2483],[112.7928,-7.2494],[112.7927,-7.2505],[112.7926,-7.2512]]]]}},{"type":"Feature","properties":{"level":"village","regency":"Sidoarjo","district":"Jabon","village":"Dukuhsari"},"geometry":{"type":"MultiPolygon","coordinates":[[[[112.7262,-7.552],[112.7256,-7.5546],[112.7246,-7.5548],[112.7246,-7.5528],[112.7231,-7.5523],[112.7224,-7.5534],[112.7207,-7.5529],[112.7195,-7.5525],[112.7183,-7.5522],[112.718,-7.5505],[112.7186,-7.5495],[112.7208,-7.549],[112.7209,-7.548],[112.721,-7.5469],[112.7222,-7.5465],[112.7238,-7.5472],[112.7253,-7.5473],[112.7263,-7.5474],[112.7276,-7.5474],[112.7291,-7.5477],[112.7282,-7.5488],[112.7269,-7.5502],[112.7261,-7.5509],[112.7254,-7.5517],[112.7262,-7.552]]]]}},{"type":"Feature","properties":{"level":"village","regency":"Sidoarjo","district":"Buduran","village":"Dukuhtengah"},"geometry":{"type":"MultiPolygon","coordinates":[[[[112.7537,-7.4062],[112.7549,-7.4068],[112.7559,-7.4069],[112.7574,-7.407],[112.7587,-7.4072],[112.7585,-7.4083],[112.7583,-7.4093],[112.7581,-7.4104],[112.7577,-7.4115],[112.7574,-7.4124],[112.7572,-7.4134],[112.7573,-7.4144],[112.7569,-7.4154],[112.7565,-7.4167],[112.7571,-7.4176],[112.7576,-7.4186],[112.7586,-7.4192],[112.7585,-7.4202],[112.7583,-7.4214],[112.7579,-7.4224],[112.7577,-7.4234],[112.7576,-7.4244],[112.7563,-7.4243],[112.7555,-7.4234],[112.7549,-7.422],[112.7546,-7.421],[112.7536,-7.4208],[112.7524,-7.4198],[112.7523,-7.4188],[112.7514,-7.418],[112.7505,-7.4185],[112.7495,-7.4191],[112.7487,-7.4209],[112.7478,-7.4217],[112.7468,-7.4215],[112.7452,-7.421],[112.7454,-7.4183],[112.7458,-7.4165],[112.7475,-7.4165],[112.7483,-7.4158],[112.7486,-7.4147],[112.7492,-7.4133],[112.7494,-7.4114],[112.7498,-7.4104],[112.7502,-7.4087],[112.7506,-7.4069],[112.7509,-7.4058],[112.7521,-7.4058],[112.7531,-7.406],[112.7537,-7.4062]]]]}},{"type":"Feature","properties":{"level":"village","regency":"Surabaya","district":"Krembangan","village":"Dupak"},"geometry":{"type":"MultiPolygon","coordinates":[[[[112.7206,-7.2361],[112.7204,-7.2377],[112.7205,-7.2391],[112.7207,-7.2407],[112.7207,-7.2418],[112.7208,-7.243],[112.7209,-7.244],[112.7209,-7.2452],[112.7209,-7.2465],[112.72,-7.2471],[112.7189,-7.2471],[112.7179,-7.2471],[112.7177,-7.2461],[112.7177,-7.245],[112.7174,-7.244],[112.7171,-7.243],[112.7165,-7.2422],[112.7159,-7.2414],[112.7154,-7.2405],[112.7148,-7.2396],[112.7146,-7.2386],[112.7148,-7.2375],[112.7151,-7.2365],[112.716,-7.236],[112.717,-7.2361],[112.718,-7.2364],[112.719,-7.2364],[112.7199,-7.2359],[112.7206,-7.2361]]]]}},{"type":"Feature","properties":{"level":"village","regency":"Sidoarjo","district":"Candi","village":"Durungbanjar"},"geometry":{"type":"MultiPolygon","coordinates":[[[[112.6799,-7.4693],[112.6809,-7.4696],[112.682,-7.4699],[112.6832,-7.4703],[112.6851,-7.4711],[112.6862,-7.4708],[112.6867,-7.4698],[112.6877,-7.4698],[112.6892,-7.4697],[112.6904,-7.47],[112.6907,-7.4722],[112.6905,-7.4732],[112.6902,-7.4743],[112.6896,-7.4753],[112.6883,-7.4795],[112.6872,-7.4796],[112.6863,-7.4791],[112.6853,-7.4791],[112.6843,-7.479],[112.6833,-7.4787],[112.6823,-7.4785],[112.6822,-7.4774],[112.6812,-7.477],[112.6805,-7.4762],[112.6795,-7.4756],[112.6791,-7.4747],[112.6782,-7.4741],[112.6786,-7.4705],[112.6791,-7.4691],[112.6799,-7.4693]]]]}},{"type":"Feature","properties":{"level":"village","regency":"Sidoarjo","district":"Candi","village":"Durungbedug"},"geometry":{"type":"MultiPolygon","coordinates":[[[[112.6761,-7.4609],[112.6779,-7.4612],[112.6789,-7.4616],[112.6788,-7.4626],[112.6787,-7.4638],[112.6795,-7.4649],[112.6792,-7.4669],[112.6798,-7.468],[112.6799,-7.4693],[112.6787,-7.4701],[112.678,-7.4738],[112.677,-7.4734],[112.676,-7.4731],[112.6749,-7.4728],[112.674,-7.4723],[112.6728,-7.4719],[112.6728,-7.4703],[112.6703,-7.4683],[112.6692,-7.4675],[112.6681,-7.4673],[112.6671,-7.4672],[112.666,-7.4672],[112.665,-7.4672],[112.664,-7.4672],[112.664,-7.4662],[112.6642,-7.4652],[112.6644,-7.4641],[112.6653,-7.4637],[112.6655,-7.4627],[112.6647,-7.4621],[112.6639,-7.4614],[112.6628,-7.4609],[112.6615,-7.4604],[112.6605,-7.4599],[112.6605,-7.4584],[112.6606,-7.4573],[112.6608,-7.4562],[112.6621,-7.4557],[112.6631,-7.4562],[112.664,-7.4567],[112.6653,-7.4573],[112.6664,-7.4578],[112.6674,-7.4581],[112.6682,-7.4589],[112.669,-7.4582],[112.6701,-7.4587],[112.6711,-7.4592],[112.6723,-7.4596],[112.6753,-7.4606],[112.6761,-7.4609]]]]}},{"type":"Feature","properties":{"level":"village","regency":"Surabaya","district":"Genteng","village":"Embong Kaliasin"},"geometry":{"type":"MultiPolygon","coordinates":[[[[112.7424,-7.2612],[112.7429,-7.2621],[112.7439,-7.2625],[112.7452,-7.2626],[112.7466,-7.2622],[112.7477,-7.2618],[112.7492,-7.2622],[112.75,-7.263],[112.7505,-7.2639],[112.7507,-7.2649],[112.7507,-7.266],[112.7503,-7.267],[112.7494,-7.2681],[112.7486,-7.269],[112.7478,-7.2697],[112.7469,-7.2705],[112.746,-7.2713],[112.7453,-7.272],[112.7447,-7.2728],[112.7441,-7.2738],[112.7426,-7.2735],[112.7419,-7.2744],[112.7417,-7.2754],[112.7414,-7.2767],[112.7402,-7.2771],[112.7391,-7.2768],[112.7381,-7.2766],[112.738,-7.2756],[112.7382,-7.2745],[112.7391,-7.274],[112.7402,-7.2738],[112.7402,-7.2728],[112.7396,-7.2717],[112.7386,-7.2709],[112.7386,-7.2698],[112.7389,-7.2686],[112.7404,-7.2688],[112.7414,-7.269],[112.7411,-7.2671],[112.741,-7.2659],[112.741,-7.2649],[112.741,-7.2636],[112.7407,-7.2626],[112.7403,-7.2616],[112.7424,-7.2612]]]]}},{"type":"Feature","properties":{"level":"village","regency":"Sidoarjo","district":"Buduran","village":"Entalsewu"},"geometry":{"type":"MultiPolygon","coordinates":[[[[112.7079,-7.4257],[112.7075,-7.4271],[112.7072,-7.4283],[112.7068,-7.4294],[112.7054,-7.4319],[112.705,-7.4329],[112.7038,-7.4331],[112.7029,-7.4338],[112.7024,-7.4352],[112.7019,-7.4367],[112.7017,-7.4377],[112.7015,-7.4388],[112.7001,-7.4385],[112.6987,-7.4382],[112.6969,-7.4381],[112.6954,-7.4383],[112.6941,-7.4384],[112.693,-7.4384],[112.6934,-7.4363],[112.6937,-7.435],[112.694,-7.4337],[112.6942,-7.4327],[112.6946,-7.4306],[112.6956,-7.4308],[112.697,-7.431],[112.6981,-7.4314],[112.6991,-7.4311],[112.6994,-7.4289],[112.7,-7.4259],[112.7031,-7.4264],[112.7036,-7.4246],[112.7047,-7.4242],[112.7063,-7.4249],[112.7073,-7.4253],[112.7079,-7.4257]]]]}},{"type":"Feature","properties":{"level":"village","regency":"Sidoarjo","district":"Krembung","village":"Gading"},"geometry":{"type":"MultiPolygon","coordinates":[[[[112.6426,-7.5151],[112.6443,-7.5153],[112.6452,-7.5158],[112.6467,-7.5163],[112.6478,-7.5167],[112.6486,-7.5174],[112.6503,-7.518],[112.6506,-7.5191],[112.6506,-7.5202],[112.6507,-7.5212],[112.6502,-7.5222],[112.6491,-7.5229],[112.6482,-7.5243],[112.6472,-7.5255],[112.6465,-7.5264],[112.6458,-7.5273],[112.6448,-7.5269],[112.644,-7.5263],[112.6431,-7.5258],[112.6422,-7.5252],[112.6408,-7.5241],[112.6399,-7.5234],[112.6382,-7.5224],[112.6381,-7.5206],[112.6385,-7.5182],[112.6388,-7.5171],[112.6391,-7.5161],[112.6396,-7.5144],[112.6407,-7.5146],[112.6419,-7.5149],[112.6426,-7.5151]]]]}},{"type":"Feature","properties":{"level":"village","regency":"Surabaya","district":"Tambaksari","village":"Gading"},"geometry":{"type":"MultiPolygon","coordinates":[[[[112.7832,-7.2442],[112.7829,-7.2456],[112.7828,-7.2473],[112.7841,-7.2474],[112.7856,-7.2475],[112.7872,-7.2476],[112.7887,-7.2477],[112.789,-7.249],[112.7887,-7.2502],[112.7867,-7.2495],[112.7855,-7.2493],[112.7843,-7.2491],[112.7834,-7.2496],[112.7822,-7.2507],[112.7813,-7.2515],[112.7794,-7.2516],[112.7781,-7.2512],[112.7771,-7.2509],[112.7759,-7.2505],[112.7746,-7.2502],[112.7735,-7.2498],[112.7724,-7.2495],[112.7713,-7.2491],[112.7703,-7.2488],[112.7693,-7.2486],[112.7688,-7.2472],[112.7689,-7.2453],[112.769,-7.2439],[112.7691,-7.2427],[112.7696,-7.2412],[112.7704,-7.2388],[112.7721,-7.2392],[112.774,-7.2395],[112.7767,-7.24],[112.7796,-7.2405],[112.7826,-7.241],[112.7833,-7.2419],[112.783,-7.2438],[112.7832,-7.2442]]]]}},{"type":"Feature","properties":{"level":"village","regency":"Sidoarjo","district":"Balong Bendo","village":"Gagang Kepuhsari"},"geometry":{"type":"MultiPolygon","coordinates":[[[[112.534,-7.4244],[112.5352,-7.4248],[112.5362,-7.4251],[112.537,-7.4258],[112.5371,-7.427],[112.5383,-7.4267],[112.5397,-7.4267],[112.5407,-7.4266],[112.5418,-7.4267],[112.5429,-7.4268],[112.5438,-7.4273],[112.5446,-7.4279],[112.5457,-7.428],[112.5469,-7.4283],[112.5483,-7.4282],[112.5494,-7.4281],[112.5504,-7.4285],[112.551,-7.4293],[112.5517,-7.4301],[112.5516,-7.4311],[112.552,-7.4326],[112.551,-7.4324],[112.5499,-7.4322],[112.5487,-7.4324],[112.5477,-7.4324],[112.5465,-7.4325],[112.5455,-7.4326],[112.5447,-7.432],[112.5449,-7.431],[112.5439,-7.4308],[112.5429,-7.4305],[112.5421,-7.4312],[112.5411,-7.4315],[112.54,-7.4313],[112.5388,-7.4311],[112.5377,-7.431],[112.5366,-7.4308],[112.5355,-7.4307],[112.5344,-7.4305],[112.5334,-7.4303],[112.5323,-7.4303],[112.5325,-7.4291],[112.5326,-7.4277],[112.5323,-7.4267],[112.5322,-7.4256],[112.5328,-7.4246],[112.534,-7.4244]]],[[[112.5204,-7.4229],[112.5219,-7.4232],[112.5239,-7.4232],[112.5236,-7.4242],[112.5233,-7.4252],[112.522,-7.4252],[112.5209,-7.4248],[112.5198,-7.4246],[112.519,-7.4238],[112.5204,-7.4229]]]]}},{"type":"Feature","properties":{"level":"village","regency":"Sidoarjo","district":"Prambon","village":"Gampang"},"geometry":{"type":"MultiPolygon","coordinates":[[[[112.5989,-7.479],[112.6,-7.4792],[112.601,-7.4794],[112.6022,-7.48],[112.6034,-7.4803],[112.6042,-7.4797],[112.6048,-7.4788],[112.6053,-7.4801],[112.6056,-7.4812],[112.6053,-7.4822],[112.6056,-7.4832],[112.6063,-7.4841],[112.6062,-7.4853],[112.6062,-7.4864],[112.6058,-7.4875],[112.6046,-7.4879],[112.6035,-7.488],[112.6031,-7.487],[112.6027,-7.4859],[112.6018,-7.4854],[112.6007,-7.4851],[112.5996,-7.4848],[112.5986,-7.4846],[112.5972,-7.4839],[112.5959,-7.4833],[112.5949,-7.4828],[112.5943,-7.4817],[112.5943,-7.4806],[112.5946,-7.4795],[112.5947,-7.4784],[112.5957,-7.4778],[112.5963,-7.4769],[112.5973,-7.4771],[112.5979,-7.478],[112.5988,-7.4789],[112.5989,-7.479]]]]}},{"type":"Feature","properties":{"level":"village","regency":"Sidoarjo","district":"Krian","village":"Gamping"},"geometry":{"type":"MultiPolygon","coordinates":[[[[112.5975,-7.4064],[112.5974,-7.4075],[112.5972,-7.4093],[112.5971,-7.4107],[112.5969,-7.412],[112.5969,-7.4131],[112.5976,-7.414],[112.5986,-7.4143],[112.6001,-7.4146],[112.5998,-7.4163],[112.6023,-7.4179],[112.6026,-7.4189],[112.6029,-7.4211],[112.6019,-7.4211],[112.6016,-7.4229],[112.6002,-7.4235],[112.5991,-7.4232],[112.5984,-7.4242],[112.5981,-7.4255],[112.5968,-7.4254],[112.5957,-7.4251],[112.5947,-7.4249],[112.5941,-7.4235],[112.595,-7.4208],[112.5937,-7.4197],[112.5929,-7.4188],[112.5922,-7.4179],[112.592,-7.4165],[112.5916,-7.4156],[112.592,-7.4145],[112.5926,-7.4121],[112.5928,-7.4076],[112.5951,-7.4074],[112.5965,-7.4072],[112.5972,-7.4063],[112.5975,-7.4064]]]]}},{"type":"Feature","properties":{"level":"village","regency":"Sidoarjo","district":"Tarik","village":"Gampingrowo"},"geometry":{"type":"MultiPolygon","coordinates":[[[[112.4911,-7.4345],[112.491,-7.4356],[112.491,-7.4371],[112.4916,-7.438],[112.4924,-7.4386],[112.4927,-7.4397],[112.4937,-7.4401],[112.4947,-7.4402],[112.4958,-7.4404],[112.4967,-7.4409],[112.4977,-7.4409],[112.4989,-7.4411],[112.5,-7.4409],[112.5011,-7.4409],[112.5013,-7.4435],[112.5013,-7.445],[112.5002,-7.4448],[112.4999,-7.4459],[112.4995,-7.4475],[112.4988,-7.4484],[112.4991,-7.4495],[112.499,-7.4505],[112.496,-7.45],[112.4945,-7.4501],[112.4933,-7.45],[112.4887,-7.4491],[112.4884,-7.448],[112.4886,-7.4469],[112.4889,-7.4459],[112.489,-7.4449],[112.4878,-7.445],[112.4878,-7.4437],[112.4879,-7.4426],[112.488,-7.4414],[112.4885,-7.4401],[112.4888,-7.439],[112.4892,-7.4377],[112.4898,-7.4355],[112.49,-7.4343],[112.4911,-7.4345],[112.4911,-7.4345]]]]}},{"type":"Feature","properties":{"level":"village","regency":"Sidoarjo","district":"Tanggulangin","village":"Ganggang Panjang"},"geometry":{"type":"MultiPolygon","coordinates":[[[[112.6648,-7.479],[112.6663,-7.4795],[112.668,-7.4799],[112.6691,-7.4801],[112.6701,-7.4799],[112.6712,-7.4802],[112.6725,-7.4806],[112.6734,-7.481],[112.6744,-7.4815],[112.6753,-7.4822],[112.6766,-7.4826],[112.6778,-7.4831],[112.6791,-7.4841],[112.6798,-7.485],[112.6809,-7.4848],[112.6816,-7.4856],[112.6827,-7.4857],[112.683,-7.4845],[112.6834,-7.4831],[112.6845,-7.4833],[112.6856,-7.4835],[112.6863,-7.4843],[112.6872,-7.4853],[112.6881,-7.4859],[112.6878,-7.4871],[112.6871,-7.4888],[112.6867,-7.4898],[112.6862,-7.4908],[112.6848,-7.4911],[112.6832,-7.4905],[112.6759,-7.4879],[112.675,-7.49],[112.6745,-7.4911],[112.6741,-7.4922],[112.6733,-7.4928],[112.672,-7.4925],[112.6708,-7.4918],[112.6701,-7.4908],[112.669,-7.4905],[112.6678,-7.491],[112.6674,-7.49],[112.667,-7.4884],[112.6672,-7.4872],[112.6675,-7.4855],[112.6677,-7.4841],[112.6667,-7.4839],[112.6657,-7.4842],[112.6645,-7.4841],[112.6634,-7.4843],[112.6614,-7.4838],[112.6616,-7.4826],[112.6619,-7.4816],[112.6623,-7.4803],[112.6626,-7.4793],[112.663,-7.4783],[112.664,-7.4785],[112.6648,-7.479]]]]}},{"type":"Feature","properties":{"level":"village","regency":"Sidoarjo","district":"Gedangan","village":"Ganting"},"geometry":{"type":"MultiPolygon","coordinates":[[[[112.7073,-7.4017],[112.7061,-7.4018],[112.7044,-7.4018],[112.704,-7.4029],[112.7037,-7.4042],[112.7027,-7.404],[112.7017,-7.4036],[112.7007,-7.4034],[112.701,-7.4022],[112.7013,-7.4012],[112.7018,-7.4002],[112.7016,-7.3988],[112.701,-7.398],[112.6997,-7.3974],[112.6995,-7.3963],[112.6997,-7.3953],[112.7002,-7.3944],[112.7011,-7.394],[112.7024,-7.3941],[112.7034,-7.3938],[112.7037,-7.3926],[112.704,-7.3916],[112.705,-7.391],[112.706,-7.3911],[112.708,-7.3914],[112.7093,-7.3916],[112.7097,-7.3926],[112.7098,-7.3937],[112.7096,-7.3947],[112.7088,-7.3955],[112.7077,-7.3953],[112.707,-7.3962],[112.7076,-7.3971],[112.7076,-7.3982],[112.7087,-7.3987],[112.7091,-7.3997],[112.7079,-7.3997],[112.7074,-7.4006],[112.7073,-7.4017]]]]}},{"type":"Feature","properties":{"level":"village","regency":"Surabaya","district":"Gayungan","village":"Gayungan"},"geometry":{"type":"MultiPolygon","coordinates":[[[[112.7321,-7.3261],[112.7318,-7.3272],[112.7315,-7.3288],[112.7313,-7.3298],[112.731,-7.3311],[112.7303,-7.3338],[112.73,-7.3351],[112.7297,-7.3362],[112.7294,-7.3373],[112.7284,-7.338],[112.7283,-7.3393],[112.7273,-7.3387],[112.7262,-7.3386],[112.7253,-7.3381],[112.7243,-7.3376],[112.7232,-7.3374],[112.7232,-7.3364],[112.722,-7.3362],[112.7209,-7.336],[112.7199,-7.3365],[112.7198,-7.3375],[112.7194,-7.3387],[112.7184,-7.3386],[112.7173,-7.3385],[112.7164,-7.3381],[112.7166,-7.3365],[112.7168,-7.3355],[112.7181,-7.3355],[112.7192,-7.3333],[112.7195,-7.3311],[112.7197,-7.3288],[112.721,-7.3289],[112.722,-7.329],[112.7234,-7.3292],[112.725,-7.3293],[112.7271,-7.3295],[112.7275,-7.3277],[112.7286,-7.3272],[112.7278,-7.3262],[112.7268,-7.3258],[112.7265,-7.3247],[112.728,-7.325],[112.729,-7.3253],[112.7304,-7.3257],[112.7318,-7.3261],[112.7321,-7.3261]]]]}},{"type":"Feature","properties":{"level":"village","regency":"Sidoarjo","district":"Sidoarjo","village":"Gebang"},"geometry":{"type":"MultiPolygon","coordinates":[[[[112.8129,-7.4795],[112.8147,-7.4788],[112.8162,-7.4788],[112.8174,-7.4794],[112.8186,-7.481],[112.8197,-7.4837],[112.8203,-7.486],[112.8203,-7.4871],[112.8209,-7.489],[112.8215,-7.4908],[112.822,-7.4918],[112.8228,-7.4927],[112.8213,-7.4954],[112.8206,-7.497],[112.8213,-7.4988],[112.8233,-7.5],[112.8236,-7.5011],[112.8237,-7.5026],[112.8233,-7.504],[112.8228,-7.5054],[112.8227,-7.5066],[112.8236,-7.5082],[112.8239,-7.5093],[112.8237,-7.5105],[112.8233,-7.5115],[112.8227,-7.5132],[112.8218,-7.5154],[112.8213,-7.5166],[112.8209,-7.5177],[112.8202,-7.5189],[112.8189,-7.5199],[112.8159,-7.5212],[112.8148,-7.5219],[112.8141,-7.523],[112.8138,-7.5249],[112.8127,-7.5256],[112.8115,-7.5256],[112.8106,-7.5252],[112.81,-7.5237],[112.8094,-7.5227],[112.8084,-7.5224],[112.8077,-7.5214],[112.8066,-7.5213],[112.805,-7.521],[112.8035,-7.5205],[112.8024,-7.5203],[112.8013,-7.5203],[112.8001,-7.5198],[112.7989,-7.5203],[112.7973,-7.5211],[112.7962,-7.521],[112.7951,-7.5207],[112.794,-7.5201],[112.7927,-7.5184],[112.7936,-7.5167],[112.7937,-7.5156],[112.7939,-7.5145],[112.7941,-7.5133],[112.7946,-7.512],[112.7941,-7.5111],[112.7936,-7.51],[112.7944,-7.5094],[112.7947,-7.508],[112.7951,-7.5067],[112.7959,-7.5059],[112.7961,-7.5047],[112.7961,-7.5036],[112.7956,-7.5026],[112.796,-7.5015],[112.797,-7.5015],[112.7985,-7.5018],[112.7995,-7.5016],[112.8006,-7.5016],[112.8016,-7.5011],[112.8024,-7.5004],[112.8031,-7.4996],[112.8035,-7.4986],[112.8034,-7.4975],[112.8037,-7.4965],[112.8035,-7.4954],[112.8026,-7.4949],[112.8021,-7.4939],[112.8014,-7.4931],[112.8004,-7.4927],[112.7996,-7.4918],[112.7991,-7.4907],[112.7982,-7.4902],[112.7974,-7.4896],[112.7968,-7.4888],[112.7959,-7.4882],[112.7948,-7.4878],[112.7938,-7.4883],[112.7925,-7.4885],[112.7914,-7.4887],[112.7906,-7.4881],[112.7896,-7.4884],[112.7886,-7.4881],[112.7875,-7.4877],[112.7867,-7.4869],[112.7855,-7.4865],[112.7845,-7.4868],[112.7843,-7.4857],[112.7834,-7.4851],[112.7826,-7.4843],[112.7815,-7.484],[112.7804,-7.484],[112.7799,-7.485],[112.7792,-7.4858],[112.7781,-7.4861],[112.777,-7.486],[112.7764,-7.4851],[112.7752,-7.4844],[112.774,-7.4845],[112.773,-7.4851],[112.7723,-7.486],[112.7727,-7.4875],[112.7734,-7.4883],[112.7737,-7.4894],[112.7737,-7.4904],[112.7735,-7.4917],[112.7724,-7.4917],[112.7714,-7.4912],[112.7709,-7.4903],[112.7703,-7.4895],[112.7693,-7.4896],[112.7693,-7.4886],[112.7686,-7.4877],[112.7676,-7.4876],[112.7664,-7.4874],[112.7656,-7.4868],[112.765,-7.4859],[112.7642,-7.4851],[112.7648,-7.4842],[112.7644,-7.4831],[112.7634,-7.4828],[112.7629,-7.4819],[112.7624,-7.4808],[112.7622,-7.4795],[112.7623,-7.4783],[112.7617,-7.4773],[112.7603,-7.4773],[112.7593,-7.4778],[112.7588,-7.4763],[112.7577,-7.4764],[112.7571,-7.4755],[112.7559,-7.4753],[112.7548,-7.475],[112.7538,-7.475],[112.753,-7.4744],[112.7521,-7.4749],[112.7518,-7.4739],[112.7508,-7.4741],[112.7498,-7.474],[112.7487,-7.4737],[112.7473,-7.4737],[112.7465,-7.4729],[112.7456,-7.4734],[112.7442,-7.4732],[112.7443,-7.4716],[112.7422,-7.4715],[112.7419,-7.4724],[112.7399,-7.4723],[112.7389,-7.4722],[112.7378,-7.4723],[112.7368,-7.4723],[112.7357,-7.4722],[112.7347,-7.4724],[112.7339,-7.4731],[112.7329,-7.4729],[112.7318,-7.4722],[112.7308,-7.4717],[112.7304,-7.4707],[112.7294,-7.4705],[112.7284,-7.4711],[112.7275,-7.4704],[112.7277,-7.4694],[112.7279,-7.4682],[112.7281,-7.4671],[112.7282,-7.4661],[112.7284,-7.4649],[112.7285,-7.4637],[112.7295,-7.464],[112.7306,-7.4631],[112.7318,-7.4633],[112.7328,-7.463],[112.7338,-7.463],[112.7347,-7.4635],[112.7356,-7.4643],[112.7363,-7.4651],[112.7369,-7.4659],[112.7382,-7.4661],[112.7393,-7.4657],[112.7404,-7.4656],[112.7417,-7.4659],[112.7437,-7.4654],[112.7447,-7.4655],[112.7459,-7.4667],[112.7469,-7.465],[112.7474,-7.4639],[112.7482,-7.4633],[112.7489,-7.4624],[112.7502,-7.4627],[112.7505,-7.4638],[112.7503,-7.4649],[112.7499,-7.4659],[112.7497,-7.4669],[112.7493,-7.4679],[112.7502,-7.4686],[112.7516,-7.4684],[112.7529,-7.468],[112.7539,-7.468],[112.755,-7.4679],[112.7561,-7.4677],[112.7572,-7.4676],[112.7582,-7.4678],[112.7592,-7.468],[112.7602,-7.4682],[112.7613,-7.4684],[112.7623,-7.4686],[112.7633,-7.4688],[112.7643,-7.469],[112.7653,-7.4692],[112.7663,-7.4695],[112.7673,-7.4691],[112.7682,-7.4687],[112.769,-7.468],[112.7694,-7.4671],[112.7693,-7.4661],[112.7692,-7.465],[112.7694,-7.464],[112.7704,-7.4638],[112.7714,-7.4643],[112.772,-7.4651],[112.7725,-7.4661],[112.7726,-7.4671],[112.7734,-7.4678],[112.7744,-7.468],[112.7754,-7.4676],[112.776,-7.4668],[112.7767,-7.466],[112.7774,-7.4653],[112.7782,-7.4647],[112.7792,-7.4644],[112.7802,-7.4644],[112.7812,-7.4646],[112.7822,-7.4648],[112.7832,-7.4641],[112.7834,-7.463],[112.7833,-7.4617],[112.783,-7.4606],[112.7824,-7.4596],[112.7819,-7.4585],[112.7817,-7.4567],[112.7827,-7.4567],[112.7837,-7.4568],[112.7848,-7.4569],[112.7858,-7.4571],[112.7867,-7.4576],[112.7876,-7.4581],[112.7883,-7.4588],[112.7889,-7.4597],[112.7895,-7.4606],[112.7902,-7.4615],[112.7909,-7.4624],[112.7916,-7.4632],[112.7924,-7.4639],[112.7933,-7.4646],[112.7942,-7.4652],[112.7951,-7.4658],[112.7959,-7.4666],[112.7967,-7.4673],[112.7975,-7.4679],[112.8013,-7.4715],[112.802,-7.4723],[112.8025,-7.4732],[112.8029,-7.4741],[112.803,-7.4751],[112.803,-7.4763],[112.8029,-7.4774],[112.8029,-7.4784],[112.8032,-7.4794],[112.8041,-7.4799],[112.8051,-7.4801],[112.8062,-7.4802],[112.8072,-7.4802],[112.8082,-7.4802],[112.8093,-7.48],[112.8105,-7.4799],[112.8119,-7.4797],[112.8129,-7.4795],[112.8129,-7.4795]]]]}},{"type":"Feature","properties":{"level":"village","regency":"Surabaya","district":"Sukolilo","village":"Gebang Putih"},"geometry":{"type":"MultiPolygon","coordinates":[[[[112.7815,-7.2878],[112.7817,-7.2864],[112.7818,-7.2854],[112.784,-7.2844],[112.7851,-7.2842],[112.7854,-7.2832],[112.7858,-7.2818],[112.7857,-7.2807],[112.7844,-7.2801],[112.7841,-7.2785],[112.7838,-7.2769],[112.7848,-7.2767],[112.7859,-7.2765],[112.7869,-7.2763],[112.788,-7.2761],[112.789,-7.2759],[112.7899,-7.2769],[112.7901,-7.2792],[112.7904,-7.2802],[112.7903,-7.2815],[112.79,-7.2838],[112.7899,-7.2853],[112.7897,-7.2875],[112.7887,-7.2874],[112.7876,-7.2875],[112.7863,-7.2875],[112.7849,-7.2877],[112.7836,-7.2879],[112.7824,-7.288],[112.7815,-7.2878]]],[[[112.8005,-7.2845],[112.8017,-7.2845],[112.8022,-7.2854],[112.8018,-7.2866],[112.8009,-7.2872],[112.7999,-7.287],[112.7998,-7.286],[112.8002,-7.285],[112.8005,-7.2845]]]]}},{"type":"Feature","properties":{"level":"village","regency":"Sidoarjo","district":"Porong","village":"Gedang"},"geometry":{"type":"MultiPolygon","coordinates":[[[[112.7,-7.5269],[112.7011,-7.527],[112.7021,-7.527],[112.7018,-7.528],[112.7015,-7.5291],[112.7012,-7.5301],[112.7012,-7.5312],[112.7007,-7.5322],[112.7004,-7.5333],[112.7012,-7.5339],[112.7009,-7.5351],[112.7006,-7.5363],[112.7001,-7.5379],[112.6996,-7.5396],[112.6979,-7.5389],[112.6967,-7.5384],[112.6964,-7.5374],[112.6968,-7.5363],[112.6955,-7.536],[112.6944,-7.5362],[112.6935,-7.5357],[112.6943,-7.5343],[112.6943,-7.5332],[112.6943,-7.5321],[112.6943,-7.5309],[112.6954,-7.5307],[112.696,-7.5295],[112.6962,-7.5282],[112.6969,-7.5274],[112.6974,-7.5265],[112.6986,-7.5267],[112.6996,-7.5269],[112.7,-7.5269]]]]}},{"type":"Feature","properties":{"level":"village","regency":"Sidoarjo","district":"Gedangan","village":"Gedangan"},"geometry":{"type":"MultiPolygon","coordinates":[[[[112.7328,-7.3768],[112.7322,-7.3776],[112.7315,-7.3792],[112.7312,-7.3805],[112.7309,-7.3817],[112.7307,-7.3828],[112.7317,-7.3833],[112.7327,-7.3837],[112.7328,-7.3847],[112.7328,-7.3858],[112.7327,-7.3868],[112.7324,-7.3882],[112.7333,-7.3894],[112.7336,-7.3905],[112.734,-7.3914],[112.7336,-7.3925],[112.7337,-7.3939],[112.7336,-7.395],[112.7323,-7.3953],[112.7311,-7.3952],[112.73,-7.395],[112.7289,-7.395],[112.7278,-7.3949],[112.7267,-7.3947],[112.7266,-7.3937],[112.7267,-7.3925],[112.7269,-7.3906],[112.7268,-7.3894],[112.7263,-7.3884],[112.7259,-7.3874],[112.7262,-7.3864],[112.7254,-7.3857],[112.7243,-7.3855],[112.7233,-7.3854],[112.7231,-7.3843],[112.7233,-7.3832],[112.7215,-7.3827],[112.7205,-7.3824],[112.7195,-7.3823],[112.7193,-7.3813],[112.7197,-7.3802],[112.7205,-7.3795],[112.7218,-7.3799],[112.7229,-7.3798],[112.7239,-7.3799],[112.7238,-7.3788],[112.7242,-7.3776],[112.7243,-7.3765],[112.7254,-7.3766],[112.7269,-7.3767],[112.7284,-7.3767],[112.7295,-7.3767],[112.7308,-7.377],[112.732,-7.3771],[112.7328,-7.3768]]]]}},{"type":"Feature","properties":{"level":"village","regency":"Sidoarjo","district":"Prambon","village":"Gedangrowo"},"geometry":{"type":"MultiPolygon","coordinates":[[[[112.5752,-7.4664],[112.5748,-7.4675],[112.5745,-7.4685],[112.5734,-7.4725],[112.5746,-7.4728],[112.5757,-7.4714],[112.576,-7.4702],[112.58,-7.4705],[112.5797,-7.4714],[112.5792,-7.4725],[112.5787,-7.4734],[112.5808,-7.4744],[112.5805,-7.4756],[112.5795,-7.4762],[112.5789,-7.4777],[112.5779,-7.4781],[112.5773,-7.4789],[112.5768,-7.48],[112.5753,-7.4798],[112.5743,-7.4797],[112.5733,-7.4796],[112.5729,-7.4807],[112.5723,-7.4816],[112.5709,-7.4791],[112.5703,-7.4781],[112.5687,-7.4781],[112.5676,-7.4776],[112.5663,-7.4766],[112.5662,-7.4754],[112.5665,-7.4739],[112.5669,-7.4728],[112.5678,-7.4701],[112.5689,-7.4704],[112.5693,-7.4694],[112.5696,-7.4684],[112.5706,-7.4682],[112.5711,-7.4673],[112.5714,-7.4662],[112.5725,-7.4659],[112.5735,-7.466],[112.5744,-7.4666],[112.5752,-7.4664]]]]}},{"type":"Feature","properties":{"level":"village","regency":"Sidoarjo","district":"Candi","village":"Gelam"},"geometry":{"type":"MultiPolygon","coordinates":[[[[112.7146,-7.4808],[112.7156,-7.4815],[112.7153,-7.4828],[112.7153,-7.4841],[112.7152,-7.4851],[112.7151,-7.4866],[112.7161,-7.4869],[112.7179,-7.4873],[112.7174,-7.4886],[112.7174,-7.4896],[112.7169,-7.4905],[112.7158,-7.4901],[112.7152,-7.4892],[112.7142,-7.4887],[112.7132,-7.4884],[112.7126,-7.4901],[112.7119,-7.4921],[112.7108,-7.4921],[112.71,-7.4915],[112.7089,-7.4909],[112.7076,-7.4904],[112.7061,-7.4898],[112.705,-7.4908],[112.7044,-7.4891],[112.7046,-7.4881],[112.7045,-7.487],[112.7061,-7.4867],[112.7073,-7.487],[112.7076,-7.4853],[112.708,-7.4839],[112.7084,-7.4826],[112.7086,-7.4816],[112.7098,-7.4812],[112.7107,-7.4817],[112.7116,-7.4799],[112.7126,-7.4799],[112.7133,-7.4807],[112.7145,-7.4808],[112.7146,-7.4808]]]]}},{"type":"Feature","properties":{"level":"village","regency":"Sidoarjo","district":"Tulangan","village":"Gelang"},"geometry":{"type":"MultiPolygon","coordinates":[[[[112.6598,-7.4971],[112.659,-7.4985],[112.6581,-7.5],[112.6576,-7.5009],[112.6571,-7.5018],[112.6566,-7.5037],[112.656,-7.5046],[112.655,-7.5048],[112.653,-7.5049],[112.6514,-7.5051],[112.6504,-7.5048],[112.6495,-7.5043],[112.6471,-7.5036],[112.6451,-7.5027],[112.6455,-7.5009],[112.6459,-7.4998],[112.6442,-7.499],[112.6416,-7.4983],[112.6418,-7.4973],[112.6422,-7.4957],[112.6424,-7.4947],[112.6433,-7.4934],[112.6442,-7.4941],[112.6452,-7.4945],[112.6463,-7.4933],[112.6469,-7.4924],[112.6481,-7.4922],[112.6507,-7.4922],[112.6517,-7.4893],[112.6528,-7.4891],[112.654,-7.4888],[112.6543,-7.4898],[112.6543,-7.4924],[112.6539,-7.4937],[112.6552,-7.4944],[112.6562,-7.4945],[112.6572,-7.4954],[112.6582,-7.4957],[112.659,-7.4965],[112.6598,-7.4971]]]]}},{"type":"Feature","properties":{"level":"village","regency":"Sidoarjo","district":"Taman","village":"Geluran"},"geometry":{"type":"MultiPolygon","coordinates":[[[[112.6921,-7.3554],[112.6931,-7.3567],[112.6941,-7.3587],[112.6951,-7.3583],[112.6961,-7.3579],[112.6971,-7.3586],[112.6971,-7.3598],[112.6974,-7.361],[112.6979,-7.3623],[112.6967,-7.3623],[112.6966,-7.3638],[112.6973,-7.3647],[112.698,-7.3657],[112.698,-7.3668],[112.6979,-7.3678],[112.6979,-7.3691],[112.6978,-7.3702],[112.6961,-7.3701],[112.6946,-7.3701],[112.6935,-7.3703],[112.6918,-7.3702],[112.6902,-7.37],[112.6883,-7.3696],[112.6881,-7.3669],[112.6885,-7.3644],[112.6886,-7.3629],[112.6893,-7.3617],[112.6901,-7.3593],[112.6898,-7.3578],[112.6891,-7.3564],[112.6897,-7.3555],[112.6907,-7.3551],[112.6918,-7.3549],[112.6921,-7.3554]]]]}},{"type":"Feature","properties":{"level":"village","regency":"Sidoarjo","district":"Tarik","village":"Gempolklutuk"},"geometry":{"type":"MultiPolygon","coordinates":[[[[112.5549,-7.4452],[112.5584,-7.4464],[112.5595,-7.4469],[112.559,-7.4478],[112.5584,-7.4489],[112.5575,-7.4514],[112.5572,-7.4524],[112.5562,-7.4521],[112.5552,-7.4517],[112.5542,-7.4516],[112.5532,-7.4514],[112.5522,-7.4515],[112.5511,-7.4517],[112.5501,-7.4515],[112.5491,-7.4512],[112.5493,-7.4501],[112.5485,-7.4493],[112.5477,-7.4485],[112.5467,-7.4485],[112.5458,-7.448],[112.5448,-7.448],[112.5439,-7.4485],[112.5427,-7.4489],[112.5428,-7.4476],[112.543,-7.4461],[112.5431,-7.4449],[112.5432,-7.4431],[112.5438,-7.4423],[112.5449,-7.4426],[112.5458,-7.4431],[112.5473,-7.4431],[112.5482,-7.4434],[112.5492,-7.4436],[112.5503,-7.4439],[112.5513,-7.4441],[112.5523,-7.4445],[112.5533,-7.4451],[112.5544,-7.4458],[112.5549,-7.4452]]]]}},{"type":"Feature","properties":{"level":"village","regency":"Sidoarjo","district":"Tanggulangin","village":"Gempolsari"},"geometry":{"type":"MultiPolygon","coordinates":[[[[112.7251,-7.5062],[112.7265,-7.5067],[112.7275,-7.5068],[112.7271,-7.5079],[112.7267,-7.509],[112.7262,-7.5102],[112.7255,-7.512],[112.7255,-7.513],[112.7264,-7.5136],[112.7273,-7.5145],[112.7282,-7.5152],[112.7291,-7.5158],[112.7301,-7.5164],[112.7312,-7.5167],[112.7322,-7.517],[112.7333,-7.5172],[112.7336,-7.516],[112.7341,-7.515],[112.7349,-7.5158],[112.7357,-7.5167],[112.7367,-7.5172],[112.7365,-7.5183],[112.7361,-7.5194],[112.7358,-7.5205],[112.7352,-7.5217],[112.7335,-7.522],[112.7324,-7.5217],[112.7314,-7.5214],[112.7296,-7.5213],[112.7286,-7.5211],[112.7266,-7.5206],[112.7255,-7.5203],[112.7244,-7.5193],[112.7222,-7.5186],[112.7222,-7.5172],[112.7226,-7.5156],[112.7215,-7.5153],[112.7205,-7.5151],[112.7189,-7.5147],[112.7176,-7.5145],[112.718,-7.5134],[112.7188,-7.5115],[112.7196,-7.5102],[112.72,-7.5091],[112.7202,-7.5081],[112.7206,-7.5067],[112.7207,-7.5055],[112.7216,-7.506],[112.7227,-7.506],[112.724,-7.5059],[112.7251,-7.5062],[112.7251,-7.5062]]]]}},{"type":"Feature","properties":{"level":"village","regency":"Sidoarjo","district":"Gedangan","village":"Gemurung"},"geometry":{"type":"MultiPolygon","coordinates":[[[[112.7527,-7.3919],[112.7539,-7.3923],[112.755,-7.3924],[112.7563,-7.3926],[112.7573,-7.3929],[112.7574,-7.3939],[112.7573,-7.395],[112.7571,-7.396],[112.7569,-7.397],[112.7566,-7.3983],[112.7563,-7.3996],[112.756,-7.4007],[112.7554,-7.4016],[112.7546,-7.4026],[112.7544,-7.4037],[112.7541,-7.4048],[112.7539,-7.406],[112.7526,-7.4059],[112.7513,-7.4056],[112.7506,-7.4065],[112.7486,-7.4062],[112.7474,-7.406],[112.7463,-7.4062],[112.7454,-7.4053],[112.745,-7.4038],[112.745,-7.4026],[112.745,-7.4016],[112.745,-7.3996],[112.7451,-7.3982],[112.7452,-7.3965],[112.7454,-7.3949],[112.7456,-7.3929],[112.7468,-7.3924],[112.7484,-7.3922],[112.7495,-7.3919],[112.7507,-7.3925],[112.7518,-7.3922],[112.7527,-7.3919]]]]}},{"type":"Feature","properties":{"level":"village","regency":"Surabaya","district":"Genteng","village":"Genteng"},"geometry":{"type":"MultiPolygon","coordinates":[[[[112.7428,-7.2558],[112.7438,-7.2563],[112.744,-7.2575],[112.7435,-7.2588],[112.7429,-7.2596],[112.7424,-7.2607],[112.7405,-7.2611],[112.7388,-7.2609],[112.7375,-7.2603],[112.7363,-7.2598],[112.7353,-7.2593],[112.7342,-7.2588],[112.7332,-7.2584],[112.7338,-7.2572],[112.7342,-7.2562],[112.7358,-7.2558],[112.7369,-7.2558],[112.738,-7.256],[112.7394,-7.2561],[112.741,-7.2561],[112.7421,-7.2561],[112.7428,-7.2558]]]]}},{"type":"Feature","properties":{"level":"village","regency":"Surabaya","district":"Asemrowo","village":"Genting Kalianak"},"geometry":{"type":"MultiPolygon","coordinates":[[[[112.6942,-7.2237],[112.6953,-7.2229],[112.6966,-7.2231],[112.6978,-7.2221],[112.6989,-7.2224],[112.7001,-7.222],[112.7003,-7.2209],[112.7033,-7.2201],[112.704,-7.2209],[112.7053,-7.2213],[112.7057,-7.2224],[112.706,-7.2248],[112.7062,-7.2258],[112.7064,-7.2268],[112.707,-7.2276],[112.7071,-7.2286],[112.7071,-7.2297],[112.7075,-7.2307],[112.7085,-7.2306],[112.7096,-7.2309],[112.7103,-7.2318],[112.7094,-7.2323],[112.7085,-7.2334],[112.7083,-7.2344],[112.708,-7.2355],[112.7082,-7.2366],[112.7093,-7.2364],[112.7105,-7.2357],[112.7113,-7.2365],[112.7112,-7.2379],[112.7102,-7.2381],[112.7094,-7.2374],[112.7096,-7.2385],[112.7098,-7.2395],[112.7105,-7.2403],[112.7115,-7.2405],[112.7125,-7.2408],[112.7134,-7.2402],[112.7131,-7.2412],[112.7138,-7.2428],[112.7149,-7.2427],[112.7164,-7.2429],[112.7173,-7.2435],[112.7175,-7.2445],[112.7158,-7.2451],[112.714,-7.2448],[112.7129,-7.2444],[112.7109,-7.2437],[112.7086,-7.243],[112.7065,-7.2429],[112.704,-7.2421],[112.704,-7.24],[112.7038,-7.2388],[112.704,-7.2377],[112.704,-7.2357],[112.704,-7.2346],[112.704,-7.2331],[112.7023,-7.2328],[112.7016,-7.2321],[112.7014,-7.2311],[112.6994,-7.231],[112.698,-7.2307],[112.6969,-7.2308],[112.6961,-7.2301],[112.6951,-7.23],[112.6941,-7.2302],[112.6936,-7.2311],[112.6935,-7.2321],[112.6933,-7.2331],[112.6925,-7.2337],[112.6915,-7.2338],[112.6905,-7.2335],[112.6896,-7.2329],[112.6893,-7.2319],[112.6889,-7.231],[112.6879,-7.2306],[112.6869,-7.2305],[112.686,-7.2299],[112.6853,-7.2291],[112.6849,-7.2282],[112.6855,-7.2273],[112.686,-7.2264],[112.6863,-7.2254],[112.6865,-7.2244],[112.6878,-7.2239],[112.6887,-7.2233],[112.6898,-7.2234],[112.6912,-7.2236],[112.6923,-7.2234],[112.6933,-7.2237],[112.6942,-7.2237]]]]}},{"type":"Feature","properties":{"level":"village","regency":"Sidoarjo","district":"Taman","village":"Gilang"},"geometry":{"type":"MultiPolygon","coordinates":[[[[112.6696,-7.3573],[112.672,-7.3579],[112.6734,-7.3578],[112.6744,-7.3581],[112.6747,-7.3595],[112.676,-7.3603],[112.6754,-7.3621],[112.6745,-7.363],[112.6736,-7.3635],[112.6744,-7.3646],[112.6734,-7.3662],[112.6722,-7.3663],[112.6714,-7.3671],[112.6704,-7.3674],[112.6693,-7.3669],[112.6682,-7.367],[112.6669,-7.3679],[112.6658,-7.3686],[112.665,-7.3677],[112.6652,-7.3666],[112.6653,-7.3649],[112.6635,-7.3656],[112.6621,-7.3661],[112.6623,-7.365],[112.6628,-7.3639],[112.6634,-7.3626],[112.6643,-7.362],[112.6653,-7.3614],[112.6648,-7.3602],[112.6656,-7.3594],[112.6654,-7.3582],[112.6659,-7.3567],[112.6663,-7.3557],[112.6676,-7.3565],[112.6686,-7.3571],[112.6696,-7.3573]]]]}},{"type":"Feature","properties":{"level":"village","regency":"Sidoarjo","district":"Sedati","village":"Gisik Cemandi"},"geometry":{"type":"MultiPolygon","coordinates":[[[[112.8046,-7.386],[112.8057,-7.3863],[112.8067,-7.3865],[112.8078,-7.3866],[112.809,-7.3867],[112.8101,-7.3868],[112.8112,-7.387],[112.8122,-7.3873],[112.8115,-7.3881],[112.8103,-7.3886],[112.8092,-7.3887],[112.8082,-7.3889],[112.8078,-7.3899],[112.8077,-7.3913],[112.806,-7.3913],[112.8046,-7.3912],[112.8027,-7.391],[112.8015,-7.3908],[112.8011,-7.3919],[112.8005,-7.3937],[112.7994,-7.3942],[112.7975,-7.3939],[112.795,-7.3935],[112.7948,-7.3924],[112.795,-7.3913],[112.7952,-7.3902],[112.7954,-7.3892],[112.7956,-7.3882],[112.793,-7.3876],[112.7932,-7.3862],[112.7944,-7.3846],[112.7955,-7.3848],[112.7965,-7.385],[112.7975,-7.3852],[112.7986,-7.3853],[112.7996,-7.3855],[112.8006,-7.3857],[112.8017,-7.3858],[112.8027,-7.386],[112.8037,-7.386],[112.8046,-7.386]]]]}},{"type":"Feature","properties":{"level":"village","regency":"Sidoarjo","district":"Porong","village":"Glagah Arum"},"geometry":{"type":"MultiPolygon","coordinates":[[[[112.735,-7.5225],[112.736,-7.5227],[112.7353,-7.5241],[112.7348,-7.525],[112.7344,-7.526],[112.734,-7.5271],[112.7336,-7.5283],[112.7333,-7.5294],[112.7331,-7.5311],[112.7329,-7.5322],[112.7317,-7.5321],[112.7307,-7.532],[112.73,-7.533],[112.7296,-7.5341],[112.7288,-7.5348],[112.7277,-7.5347],[112.7262,-7.5348],[112.7247,-7.5343],[112.7235,-7.534],[112.7225,-7.5337],[112.7216,-7.5341],[112.721,-7.5329],[112.7216,-7.5312],[112.7224,-7.5295],[112.7228,-7.5284],[112.7231,-7.5274],[112.7234,-7.5264],[112.7245,-7.5239],[112.7252,-7.5221],[112.7258,-7.5207],[112.7278,-7.5209],[112.7289,-7.5212],[112.7306,-7.5212],[112.7321,-7.5216],[112.7335,-7.522],[112.735,-7.5225]]]]}},{"type":"Feature","properties":{"level":"village","regency":"Sidoarjo","district":"Tulangan","village":"Grabagan"},"geometry":{"type":"MultiPolygon","coordinates":[[[[112.6328,-7.4472],[112.6321,-7.4491],[112.6316,-7.4502],[112.6313,-7.4512],[112.6317,-7.4521],[112.6313,-7.4531],[112.6306,-7.4538],[112.6303,-7.4548],[112.6299,-7.4566],[112.6295,-7.4581],[112.629,-7.459],[112.6279,-7.4604],[112.6268,-7.46],[112.6257,-7.4596],[112.6255,-7.4583],[112.6257,-7.4569],[112.6254,-7.4559],[112.6245,-7.4553],[112.6234,-7.4553],[112.6225,-7.4548],[112.6214,-7.4548],[112.6206,-7.4554],[112.6196,-7.455],[112.6186,-7.4543],[112.6175,-7.4538],[112.6164,-7.4538],[112.6153,-7.4535],[112.6145,-7.4528],[112.6138,-7.4517],[112.6136,-7.4507],[112.6123,-7.4506],[112.6114,-7.4499],[112.6122,-7.4489],[112.6135,-7.4486],[112.6147,-7.4487],[112.6157,-7.4488],[112.6166,-7.4481],[112.6176,-7.4473],[112.6185,-7.4466],[112.6195,-7.4459],[112.6206,-7.4456],[112.6217,-7.445],[112.6227,-7.4456],[112.6237,-7.4458],[112.6244,-7.4466],[112.6253,-7.4459],[112.6262,-7.4452],[112.6272,-7.445],[112.6282,-7.4448],[112.6286,-7.4439],[112.6293,-7.4429],[112.6301,-7.4423],[112.6313,-7.4429],[112.6324,-7.4438],[112.6327,-7.4449],[112.6327,-7.446],[112.6328,-7.4471],[112.6328,-7.4472]]]]}},{"type":"Feature","properties":{"level":"village","regency":"Sidoarjo","district":"Tulangan","village":"Grinting"},"geometry":{"type":"MultiPolygon","coordinates":[[[[112.6438,-7.453],[112.6445,-7.4543],[112.6449,-7.4556],[112.6453,-7.457],[112.6454,-7.4588],[112.6455,-7.4603],[112.6455,-7.4615],[112.6469,-7.4624],[112.6483,-7.4631],[112.6483,-7.4644],[112.6478,-7.4654],[112.6456,-7.4662],[112.6442,-7.4659],[112.6431,-7.4654],[112.6414,-7.4643],[112.6401,-7.464],[112.6388,-7.4634],[112.6378,-7.4632],[112.6361,-7.4626],[112.6351,-7.4628],[112.6351,-7.4615],[112.6356,-7.4591],[112.6358,-7.458],[112.636,-7.4568],[112.6362,-7.4558],[112.6369,-7.4549],[112.6375,-7.4536],[112.6388,-7.4529],[112.6401,-7.4528],[112.6411,-7.4524],[112.6423,-7.4524],[112.6436,-7.4529],[112.6438,-7.453]]]]}},{"type":"Feature","properties":{"level":"village","regency":"Sidoarjo","district":"Tulangan","village":"Grogol"},"geometry":{"type":"MultiPolygon","coordinates":[[[[112.6605,-7.4553],[112.6608,-7.4564],[112.6605,-7.4575],[112.6603,-7.459],[112.6609,-7.4601],[112.6621,-7.4607],[112.6633,-7.4611],[112.6642,-7.4617],[112.6653,-7.4623],[112.6654,-7.4634],[112.6645,-7.4638],[112.6642,-7.4652],[112.664,-7.4662],[112.6638,-7.4672],[112.6628,-7.4671],[112.6616,-7.468],[112.6604,-7.4686],[112.6588,-7.4687],[112.658,-7.468],[112.6555,-7.4663],[112.6546,-7.4658],[112.6537,-7.4649],[112.6537,-7.4639],[112.6544,-7.4613],[112.6531,-7.4611],[112.6521,-7.461],[112.6522,-7.4598],[112.6524,-7.4582],[112.6527,-7.4566],[112.6528,-7.4556],[112.6519,-7.4547],[112.6524,-7.4538],[112.6534,-7.4539],[112.6545,-7.454],[112.6556,-7.4542],[112.6568,-7.4545],[112.659,-7.455],[112.6605,-7.4553]]]]}},{"type":"Feature","properties":{"level":"village","regency":"Surabaya","district":"Gubeng","village":"Gubeng"},"geometry":{"type":"MultiPolygon","coordinates":[[[[112.751,-7.268],[112.7522,-7.2677],[112.7531,-7.2686],[112.754,-7.269],[112.7543,-7.2701],[112.7546,-7.2711],[112.7543,-7.2726],[112.7537,-7.2738],[112.7528,-7.2742],[112.7525,-7.2758],[112.7523,-7.2771],[112.7508,-7.2774],[112.7497,-7.2772],[112.7485,-7.2769],[112.7471,-7.2766],[112.7461,-7.2764],[112.7452,-7.2768],[112.7441,-7.2772],[112.7438,-7.2762],[112.7437,-7.2752],[112.744,-7.274],[112.7445,-7.273],[112.7451,-7.2721],[112.7459,-7.2714],[112.7467,-7.2707],[112.7475,-7.27],[112.7484,-7.2691],[112.7492,-7.2684],[112.75,-7.2676],[112.751,-7.268]]]]}},{"type":"Feature","properties":{"level":"village","regency":"Surabaya","district":"Bubutan","village":"Gundih"},"geometry":{"type":"MultiPolygon","coordinates":[[[[112.7338,-7.2463],[112.7333,-7.2471],[112.7328,-7.2481],[112.7321,-7.2488],[112.7313,-7.2495],[112.7299,-7.2505],[112.7292,-7.2514],[112.7281,-7.2511],[112.727,-7.2514],[112.726,-7.2521],[112.725,-7.2526],[112.724,-7.253],[112.7229,-7.2532],[112.7215,-7.2533],[112.7204,-7.2533],[112.7206,-7.2515],[112.7207,-7.2504],[112.7208,-7.2492],[112.7209,-7.2477],[112.7209,-7.2465],[112.7209,-7.2455],[112.7209,-7.2442],[112.7222,-7.2438],[112.7234,-7.2439],[112.7245,-7.2441],[112.7257,-7.2443],[112.7267,-7.2444],[112.728,-7.245],[112.7291,-7.2451],[112.7303,-7.2454],[112.7315,-7.2456],[112.7326,-7.2458],[112.7335,-7.2461],[112.7338,-7.2463]]]]}},{"type":"Feature","properties":{"level":"village","regency":"Surabaya","district":"Gunung Anyar","village":"Gunung Anyar"},"geometry":{"type":"MultiPolygon","coordinates":[[[[112.7879,-7.332],[112.789,-7.3324],[112.7904,-7.3327],[112.7917,-7.333],[112.794,-7.3333],[112.7955,-7.3333],[112.7969,-7.3331],[112.7984,-7.3329],[112.7994,-7.3328],[112.7998,-7.3338],[112.7998,-7.3351],[112.7989,-7.3362],[112.7999,-7.3367],[112.8001,-7.338],[112.8004,-7.3393],[112.8011,-7.3408],[112.7998,-7.3408],[112.7985,-7.3406],[112.7975,-7.3409],[112.7975,-7.3421],[112.7975,-7.3434],[112.7973,-7.3453],[112.7964,-7.3458],[112.7957,-7.3465],[112.7947,-7.3464],[112.7937,-7.3464],[112.7927,-7.346],[112.7919,-7.3454],[112.7911,-7.3448],[112.7902,-7.3444],[112.7893,-7.344],[112.7883,-7.3441],[112.7873,-7.3444],[112.7864,-7.3448],[112.7854,-7.3451],[112.7845,-7.3455],[112.7834,-7.3454],[112.7823,-7.3453],[112.7812,-7.3451],[112.7802,-7.3449],[112.7794,-7.3443],[112.7794,-7.3433],[112.7788,-7.3424],[112.7778,-7.3422],[112.7775,-7.3412],[112.7775,-7.3402],[112.7778,-7.3392],[112.778,-7.3382],[112.7783,-7.337],[112.7785,-7.336],[112.7793,-7.3353],[112.7803,-7.3354],[112.7804,-7.3343],[112.7804,-7.3332],[112.7807,-7.332],[112.7818,-7.3317],[112.783,-7.3318],[112.784,-7.3319],[112.7853,-7.3319],[112.7867,-7.3319],[112.7878,-7.3319],[112.7879,-7.332]]]]}},{"type":"Feature","properties":{"level":"village","regency":"Surabaya","district":"Gunung Anyar","village":"Gunung Anyar Tambak"},"geometry":{"type":"MultiPolygon","coordinates":[[[[112.8263,-7.3432],[112.8253,-7.3434],[112.8242,-7.3435],[112.8231,-7.3435],[112.8221,-7.3434],[112.8211,-7.3433],[112.8201,-7.3434],[112.819,-7.3435],[112.8178,-7.3439],[112.8169,-7.3444],[112.8159,-7.3448],[112.815,-7.3453],[112.8141,-7.3459],[112.8129,-7.3463],[112.8109,-7.3462],[112.8098,-7.346],[112.8088,-7.3458],[112.8077,-7.3457],[112.8067,-7.3458],[112.8048,-7.3458],[112.8038,-7.3456],[112.8028,-7.3455],[112.8018,-7.3455],[112.8008,-7.3453],[112.7998,-7.3455],[112.7989,-7.345],[112.7979,-7.3452],[112.7974,-7.3442],[112.7975,-7.3431],[112.7975,-7.3421],[112.7975,-7.3409],[112.7985,-7.3406],[112.7996,-7.3408],[112.8011,-7.3408],[112.8011,-7.3398],[112.8002,-7.3386],[112.8001,-7.3375],[112.7994,-7.3366],[112.7989,-7.3356],[112.7998,-7.3352],[112.7998,-7.3339],[112.7996,-7.3328],[112.8012,-7.3325],[112.8034,-7.3322],[112.8045,-7.332],[112.8055,-7.3316],[112.8067,-7.3315],[112.8077,-7.3312],[112.8089,-7.3311],[112.8099,-7.331],[112.8115,-7.3309],[112.8134,-7.3307],[112.8147,-7.3305],[112.8163,-7.3306],[112.8175,-7.3306],[112.8189,-7.3307],[112.8202,-7.3305],[112.8214,-7.3305],[112.8226,-7.3305],[112.8235,-7.3309],[112.8249,-7.3308],[112.8259,-7.331],[112.8264,-7.3319],[112.827,-7.3329],[112.8281,-7.333],[112.8306,-7.3347],[112.8278,-7.338],[112.8275,-7.3407],[112.827,-7.3426],[112.8263,-7.3432]]]]}},{"type":"Feature","properties":{"level":"village","regency":"Surabaya","district":"Dukuh Pakis","village":"Gunungsari"},"geometry":{"type":"MultiPolygon","coordinates":[[[[112.7249,-7.2922],[112.7249,-7.2933],[112.7239,-7.2941],[112.7231,-7.2949],[112.7221,-7.2951],[112.7211,-7.2958],[112.7208,-7.2968],[112.7208,-7.2981],[112.7211,-7.2993],[112.7208,-7.3007],[112.7207,-7.3019],[112.7205,-7.3032],[112.7203,-7.3043],[112.7202,-7.3055],[112.7199,-7.3065],[112.7208,-7.308],[112.718,-7.308],[112.7163,-7.3078],[112.7149,-7.3076],[112.7139,-7.3077],[112.713,-7.307],[112.712,-7.3068],[112.7096,-7.3068],[112.708,-7.3068],[112.7064,-7.3077],[112.7051,-7.3077],[112.7038,-7.3073],[112.7041,-7.3058],[112.7042,-7.3045],[112.7074,-7.3043],[112.7076,-7.3032],[112.7071,-7.3018],[112.7079,-7.3007],[112.7089,-7.2998],[112.71,-7.2988],[112.7108,-7.298],[112.7124,-7.297],[112.7141,-7.2973],[112.7164,-7.2978],[112.7174,-7.2985],[112.7181,-7.2977],[112.7183,-7.2954],[112.7184,-7.2937],[112.7186,-7.2917],[112.7204,-7.2919],[112.7216,-7.2919],[112.7228,-7.292],[112.7238,-7.2921],[112.7249,-7.2922],[112.7249,-7.2922]]]]}},{"type":"Feature","properties":{"level":"village","regency":"Sidoarjo","district":"Balong Bendo","village":"Jabaran"},"geometry":{"type":"MultiPolygon","coordinates":[[[[112.5603,-7.4105],[112.5608,-7.4115],[112.5602,-7.4126],[112.5592,-7.413],[112.5582,-7.4136],[112.5572,-7.414],[112.556,-7.4142],[112.5549,-7.4143],[112.5549,-7.4156],[112.5548,-7.4168],[112.5547,-7.4185],[112.5547,-7.4199],[112.5546,-7.4211],[112.5546,-7.4223],[112.5534,-7.4225],[112.5524,-7.4224],[112.5514,-7.4223],[112.5501,-7.4222],[112.5489,-7.4222],[112.5471,-7.422],[112.5461,-7.422],[112.5458,-7.4209],[112.5457,-7.4192],[112.5452,-7.4178],[112.545,-7.4163],[112.5448,-7.415],[112.5444,-7.4136],[112.5454,-7.4134],[112.5465,-7.4135],[112.5463,-7.4145],[112.5474,-7.4143],[112.5482,-7.4136],[112.5497,-7.4137],[112.5508,-7.4137],[112.5517,-7.4134],[112.5519,-7.4124],[112.5529,-7.4122],[112.554,-7.412],[112.555,-7.4117],[112.5563,-7.4116],[112.5574,-7.4112],[112.5585,-7.4109],[112.5594,-7.4104],[112.5603,-7.4105]]]]}},{"type":"Feature","properties":{"level":"village","regency":"Surabaya","district":"Wonokromo","village":"Jagir"},"geometry":{"type":"MultiPolygon","coordinates":[[[[112.7386,-7.3],[112.74,-7.3004],[112.7413,-7.3007],[112.7442,-7.3013],[112.7465,-7.302],[112.7485,-7.3026],[112.7498,-7.3029],[112.7508,-7.3032],[112.7518,-7.3035],[112.7528,-7.3037],[112.7539,-7.304],[112.7549,-7.3043],[112.7559,-7.3045],[112.7568,-7.305],[112.7564,-7.3059],[112.7554,-7.3058],[112.7544,-7.3057],[112.7533,-7.3058],[112.7522,-7.3058],[112.7511,-7.3059],[112.75,-7.3058],[112.749,-7.3059],[112.7479,-7.3059],[112.7467,-7.3059],[112.7456,-7.3059],[112.7445,-7.3059],[112.7434,-7.3059],[112.7424,-7.3059],[112.7416,-7.3066],[112.7414,-7.3077],[112.741,-7.3088],[112.7406,-7.311],[112.7392,-7.3109],[112.739,-7.312],[112.7379,-7.3118],[112.7365,-7.3115],[112.7352,-7.3112],[112.7354,-7.3099],[112.7356,-7.3086],[112.7359,-7.3076],[112.7362,-7.3059],[112.7364,-7.3049],[112.7366,-7.3036],[112.7369,-7.3024],[112.7371,-7.3014],[112.7374,-7.3001],[112.7386,-7.3]]]]}},{"type":"Feature","properties":{"level":"village","regency":"Surabaya","district":"Wiyung","village":"Jajar Tunggal"},"geometry":{"type":"MultiPolygon","coordinates":[[[[112.7071,-7.3017],[112.7075,-7.303],[112.7074,-7.3043],[112.7044,-7.3039],[112.7042,-7.305],[112.704,-7.3064],[112.7051,-7.3077],[112.7064,-7.308],[112.7073,-7.3073],[112.7096,-7.3068],[112.7115,-7.3068],[112.713,-7.307],[112.7139,-7.3077],[112.7129,-7.3083],[112.7122,-7.3091],[112.7117,-7.3103],[112.7114,-7.312],[112.7097,-7.3128],[112.7085,-7.3128],[112.7071,-7.3128],[112.7059,-7.3129],[112.7048,-7.3131],[112.7038,-7.3138],[112.7032,-7.3146],[112.7023,-7.3153],[112.7014,-7.3158],[112.7008,-7.3167],[112.7003,-7.3176],[112.6997,-7.3185],[112.6991,-7.3176],[112.6992,-7.3158],[112.6991,-7.314],[112.699,-7.3129],[112.6992,-7.3118],[112.6992,-7.3106],[112.6993,-7.3094],[112.6998,-7.3084],[112.7003,-7.3075],[112.7006,-7.3065],[112.6996,-7.3055],[112.6988,-7.3047],[112.6974,-7.3038],[112.6971,-7.3016],[112.6986,-7.3018],[112.7008,-7.302],[112.7025,-7.3021],[112.7041,-7.3017],[112.7048,-7.3009],[112.7071,-7.3017]]]]}},{"type":"Feature","properties":{"level":"village","regency":"Sidoarjo","district":"Candi","village":"Jambangan"},"geometry":{"type":"MultiPolygon","coordinates":[[[[112.6892,-7.4611],[112.6889,-7.4621],[112.6883,-7.463],[112.688,-7.4641],[112.6878,-7.4651],[112.6882,-7.4661],[112.6875,-7.4668],[112.6869,-7.4677],[112.6864,-7.4693],[112.686,-7.4703],[112.6858,-7.4713],[112.6838,-7.4706],[112.6828,-7.4702],[112.6819,-7.4698],[112.6809,-7.4696],[112.6799,-7.4693],[112.6798,-7.468],[112.6799,-7.4669],[112.6795,-7.4655],[112.6791,-7.4642],[112.6787,-7.4632],[112.6788,-7.4621],[112.6793,-7.4604],[112.6822,-7.4599],[112.6837,-7.4599],[112.685,-7.46],[112.6866,-7.4603],[112.688,-7.4605],[112.6892,-7.4611],[112.6892,-7.4611]]]]}},{"type":"Feature","properties":{"level":"village","regency":"Surabaya","district":"Jambangan","village":"Jambangan"},"geometry":{"type":"MultiPolygon","coordinates":[[[[112.7173,-7.3225],[112.7165,-7.3238],[112.7156,-7.3243],[112.7147,-7.3247],[112.7136,-7.3243],[112.7125,-7.3241],[112.7112,-7.3239],[112.7101,-7.3236],[112.7103,-7.3221],[112.7105,-7.3208],[112.7109,-7.3195],[112.7112,-7.3181],[112.7113,-7.3167],[112.7113,-7.3148],[112.7113,-7.3137],[112.7123,-7.3136],[112.7168,-7.3154],[112.7175,-7.3145],[112.7193,-7.3149],[112.719,-7.316],[112.7187,-7.3172],[112.7181,-7.3192],[112.7179,-7.3203],[112.7173,-7.3225]]]]}},{"type":"Feature","properties":{"level":"village","regency":"Sidoarjo","district":"Tarik","village":"Janti"},"geometry":{"type":"MultiPolygon","coordinates":[[[[112.519,-7.4245],[112.5203,-7.4246],[112.5213,-7.4251],[112.5225,-7.425],[112.5236,-7.4253],[112.5242,-7.4263],[112.5252,-7.4271],[112.5247,-7.4304],[112.5244,-7.4315],[112.5239,-7.4329],[112.5236,-7.4342],[112.5233,-7.4355],[112.5231,-7.4369],[112.5227,-7.4388],[112.5219,-7.4395],[112.5212,-7.4385],[112.52,-7.4381],[112.5177,-7.4381],[112.5164,-7.4382],[112.5153,-7.4389],[112.5142,-7.4389],[112.5132,-7.439],[112.5119,-7.439],[112.5103,-7.4392],[112.5093,-7.4391],[112.5096,-7.4369],[112.5102,-7.4334],[112.5104,-7.4319],[112.5109,-7.4288],[112.5113,-7.4261],[112.5123,-7.4257],[112.5135,-7.426],[112.5147,-7.4259],[112.5159,-7.4258],[112.5169,-7.4258],[112.5177,-7.4247],[112.5187,-7.4245],[112.519,-7.4245]]]]}},{"type":"Feature","properties":{"level":"village","regency":"Sidoarjo","district":"Tulangan","village":"Janti"},"geometry":{"type":"MultiPolygon","coordinates":[[[[112.6294,-7.4775],[112.6294,-7.4792],[112.6276,-7.482],[112.6247,-7.4848],[112.6211,-7.4849],[112.6202,-7.4839],[112.6191,-7.4832],[112.618,-7.4829],[112.6168,-7.4826],[112.6158,-7.4823],[112.6149,-7.4817],[112.614,-7.4812],[112.613,-7.4808],[112.6131,-7.479],[112.6133,-7.478],[112.6137,-7.477],[112.6144,-7.4759],[112.6159,-7.4756],[112.6175,-7.476],[112.6186,-7.4763],[112.6206,-7.4765],[112.6263,-7.4771],[112.6294,-7.4775]]]]}},{"type":"Feature","properties":{"level":"village","regency":"Sidoarjo","district":"Waru","village":"Janti"},"geometry":{"type":"MultiPolygon","coordinates":[[[[112.7465,-7.3419],[112.7462,-7.3439],[112.7461,-7.3457],[112.7459,-7.3475],[112.7456,-7.3488],[112.745,-7.3498],[112.7437,-7.3502],[112.7421,-7.3501],[112.7408,-7.3506],[112.7395,-7.351],[112.7384,-7.3506],[112.7374,-7.3513],[112.7365,-7.3504],[112.7363,-7.3488],[112.7364,-7.3475],[112.7365,-7.3465],[112.7364,-7.3455],[112.7372,-7.3448],[112.7389,-7.345],[112.7402,-7.3451],[112.7416,-7.3452],[112.7423,-7.3439],[112.7425,-7.3428],[112.7427,-7.3415],[112.7438,-7.3412],[112.7448,-7.3415],[112.7465,-7.3419],[112.7465,-7.3419]]]]}},{"type":"Feature","properties":{"level":"village","regency":"Sidoarjo","district":"Sidoarjo","village":"Jati"},"geometry":{"type":"MultiPolygon","coordinates":[[[[112.693,-7.4384],[112.6941,-7.4384],[112.6954,-7.4383],[112.6966,-7.4381],[112.6984,-7.4381],[112.7001,-7.4385],[112.7013,-7.4387],[112.7018,-7.4405],[112.7015,-7.4415],[112.701,-7.4428],[112.7007,-7.4441],[112.7012,-7.4453],[112.7024,-7.4457],[112.7031,-7.4465],[112.7028,-7.4476],[112.7024,-7.4502],[112.7013,-7.4498],[112.6998,-7.4493],[112.6987,-7.449],[112.6978,-7.4486],[112.6953,-7.4485],[112.694,-7.4488],[112.693,-7.4485],[112.6921,-7.4481],[112.6914,-7.4474],[112.6912,-7.446],[112.6915,-7.4449],[112.6918,-7.4438],[112.6922,-7.4427],[112.6912,-7.4421],[112.6902,-7.4413],[112.6892,-7.4412],[112.689,-7.4398],[112.6897,-7.4378],[112.6907,-7.4381],[112.6919,-7.4383],[112.693,-7.4384]]]]}},{"type":"Feature","properties":{"level":"village","regency":"Sidoarjo","district":"Prambon","village":"Jati Alun Alun"},"geometry":{"type":"MultiPolygon","coordinates":[[[[112.621,-7.4659],[112.6206,-7.4672],[112.6206,-7.4683],[112.6204,-7.4693],[112.6194,-7.4691],[112.6181,-7.469],[112.617,-7.4686],[112.6162,-7.4677],[112.615,-7.4677],[112.6141,-7.4684],[112.6153,-7.4694],[112.6147,-7.4702],[112.6144,-7.4715],[112.6132,-7.4713],[112.612,-7.4711],[112.611,-7.4708],[112.6099,-7.4706],[112.6096,-7.4717],[112.6084,-7.4714],[112.6074,-7.4712],[112.6064,-7.4709],[112.6053,-7.4705],[112.6042,-7.4703],[112.6029,-7.4701],[112.6018,-7.4699],[112.6011,-7.4691],[112.6014,-7.4681],[112.6024,-7.4679],[112.6034,-7.4679],[112.6028,-7.4671],[112.6031,-7.4658],[112.6034,-7.4647],[112.6036,-7.4637],[112.6042,-7.4628],[112.6052,-7.4624],[112.6063,-7.4626],[112.6073,-7.4628],[112.6083,-7.463],[112.6101,-7.4636],[112.6113,-7.4637],[112.6108,-7.4651],[112.6116,-7.4658],[112.6126,-7.4656],[112.6131,-7.4641],[112.6136,-7.463],[112.6142,-7.462],[112.615,-7.46],[112.6161,-7.4597],[112.6174,-7.4604],[112.6184,-7.4609],[112.6203,-7.4618],[112.6213,-7.4626],[112.6207,-7.4643],[112.6204,-7.4653],[112.621,-7.4659]]]]}},{"type":"Feature","properties":{"level":"village","regency":"Sidoarjo","district":"Prambon","village":"Jatikalang"},"geometry":{"type":"MultiPolygon","coordinates":[[[[112.6011,-7.4694],[112.6028,-7.47],[112.6039,-7.4703],[112.6049,-7.4703],[112.6062,-7.4708],[112.6072,-7.4711],[112.6084,-7.4714],[112.6096,-7.4717],[112.6099,-7.4706],[112.611,-7.4708],[112.612,-7.471],[112.6132,-7.4713],[112.6144,-7.4715],[112.6145,-7.4726],[112.6145,-7.4738],[112.6143,-7.4748],[112.6144,-7.4759],[112.6137,-7.477],[112.6133,-7.478],[112.6122,-7.478],[112.6111,-7.4783],[112.6102,-7.4788],[112.6092,-7.4787],[112.6089,-7.4776],[112.608,-7.4772],[112.6071,-7.4778],[112.6061,-7.4782],[112.6053,-7.4789],[112.6043,-7.4794],[112.6039,-7.4803],[112.6025,-7.4801],[112.601,-7.4794],[112.6,-7.4792],[112.5989,-7.479],[112.5982,-7.4783],[112.5975,-7.4775],[112.5971,-7.4766],[112.5964,-7.4758],[112.5968,-7.4749],[112.5972,-7.4738],[112.5973,-7.4727],[112.5977,-7.4716],[112.598,-7.4706],[112.5993,-7.4705],[112.6003,-7.4705],[112.6011,-7.4694],[112.6011,-7.4694]]]]}},{"type":"Feature","properties":{"level":"village","regency":"Sidoarjo","district":"Krian","village":"Jatikalang"},"geometry":{"type":"MultiPolygon","coordinates":[[[[112.6281,-7.3814],[112.6279,-7.3833],[112.6279,-7.3873],[112.6311,-7.3881],[112.6313,-7.3891],[112.6321,-7.3899],[112.6325,-7.391],[112.6322,-7.392],[112.6314,-7.3929],[112.6306,-7.3936],[112.6296,-7.3941],[112.6285,-7.3942],[112.6274,-7.3942],[112.6261,-7.3941],[112.625,-7.3939],[112.6239,-7.3935],[112.6229,-7.3939],[112.6219,-7.3936],[112.6209,-7.3933],[112.6199,-7.3931],[112.6202,-7.3917],[112.6205,-7.3903],[112.6209,-7.389],[112.6213,-7.3874],[112.6218,-7.3855],[112.6224,-7.3835],[112.6228,-7.3821],[112.6254,-7.3817],[112.6257,-7.3803],[112.6269,-7.3806],[112.628,-7.3814],[112.6281,-7.3814]]]]}},{"type":"Feature","properties":{"level":"village","regency":"Sidoarjo","district":"Porong","village":"Jatirejo"},"geometry":{"type":"MultiPolygon","coordinates":[[[[112.7111,-7.5278],[112.7107,-7.5289],[112.7117,-7.5297],[112.7127,-7.53],[112.7122,-7.5322],[112.7118,-7.5332],[112.7129,-7.5335],[112.7139,-7.5338],[112.715,-7.5342],[112.714,-7.535],[112.7131,-7.5359],[112.712,-7.5369],[112.7114,-7.5378],[112.71,-7.5372],[112.7087,-7.5366],[112.7076,-7.5361],[112.705,-7.535],[112.704,-7.5347],[112.7029,-7.5345],[112.7015,-7.5345],[112.7003,-7.5336],[112.7008,-7.5323],[112.7012,-7.5313],[112.7012,-7.5302],[112.7014,-7.5292],[112.7017,-7.5281],[112.7029,-7.5277],[112.7043,-7.5276],[112.7055,-7.5277],[112.7067,-7.5279],[112.7077,-7.5282],[112.7094,-7.5288],[112.7099,-7.5274],[112.7111,-7.5278]]]]}},{"type":"Feature","properties":{"level":"village","regency":"Sidoarjo","district":"Prambon","village":"Jedongcangkring"},"geometry":{"type":"MultiPolygon","coordinates":[[[[112.6116,-7.4494],[112.6123,-7.4506],[112.6135,-7.4505],[112.6136,-7.4515],[112.6141,-7.4525],[112.6153,-7.4535],[112.6163,-7.4539],[112.6155,-7.4547],[112.6145,-7.455],[112.6134,-7.455],[112.6133,-7.4561],[112.614,-7.4572],[112.614,-7.4584],[112.616,-7.4592],[112.6152,-7.4598],[112.6145,-7.4613],[112.6139,-7.4626],[112.6133,-7.4637],[112.6129,-7.4648],[112.6125,-7.4657],[112.6113,-7.4658],[112.611,-7.4646],[112.6101,-7.4636],[112.6087,-7.4636],[112.6078,-7.4629],[112.6064,-7.4626],[112.6052,-7.4624],[112.6048,-7.4613],[112.6044,-7.4604],[112.6041,-7.4594],[112.6032,-7.4588],[112.602,-7.459],[112.6009,-7.4587],[112.6002,-7.4579],[112.5992,-7.4573],[112.5981,-7.4567],[112.5968,-7.4567],[112.5958,-7.456],[112.5959,-7.4548],[112.5962,-7.4536],[112.5965,-7.4526],[112.5978,-7.453],[112.5989,-7.4533],[112.6001,-7.4537],[112.6013,-7.454],[112.6025,-7.4544],[112.6037,-7.4547],[112.6048,-7.455],[112.606,-7.4554],[112.6067,-7.4545],[112.6073,-7.4536],[112.6062,-7.453],[112.6053,-7.4525],[112.6042,-7.4521],[112.604,-7.4506],[112.6048,-7.4497],[112.6059,-7.4498],[112.6068,-7.4491],[112.608,-7.4488],[112.6091,-7.4491],[112.6101,-7.4495],[112.6111,-7.4493],[112.6116,-7.4494]]]]}},{"type":"Feature","properties":{"level":"village","regency":"Sidoarjo","district":"Jabon","village":"Jemirahan"},"geometry":{"type":"MultiPolygon","coordinates":[[[[112.7417,-7.5573],[112.7388,-7.5563],[112.7382,-7.558],[112.7367,-7.5575],[112.7349,-7.5593],[112.7329,-7.5583],[112.7334,-7.557],[112.7339,-7.5559],[112.7345,-7.5545],[112.7343,-7.5535],[112.7331,-7.5528],[112.731,-7.5518],[112.7301,-7.5513],[112.7291,-7.5508],[112.7294,-7.5498],[112.7284,-7.5502],[112.7273,-7.5509],[112.7263,-7.5518],[112.7269,-7.5502],[112.7276,-7.5494],[112.7286,-7.5484],[112.7276,-7.5474],[112.7263,-7.5474],[112.7253,-7.5473],[112.7238,-7.5472],[112.7225,-7.5471],[112.7215,-7.5464],[112.7209,-7.548],[112.7191,-7.5488],[112.718,-7.5485],[112.7186,-7.5474],[112.7194,-7.5466],[112.7203,-7.5462],[112.7213,-7.5458],[112.7223,-7.5461],[112.7234,-7.5459],[112.7246,-7.5457],[112.7247,-7.5444],[112.7252,-7.5435],[112.7269,-7.5434],[112.7279,-7.5434],[112.729,-7.5434],[112.7304,-7.5433],[112.7315,-7.5431],[112.7327,-7.543],[112.734,-7.5428],[112.7352,-7.5427],[112.7367,-7.5425],[112.738,-7.5423],[112.739,-7.5422],[112.7411,-7.542],[112.7411,-7.544],[112.741,-7.5467],[112.7421,-7.5469],[112.7433,-7.5471],[112.7442,-7.5475],[112.7445,-7.5485],[112.7442,-7.5495],[112.7441,-7.5505],[112.7437,-7.5518],[112.7433,-7.553],[112.743,-7.5541],[112.7421,-7.5562],[112.7417,-7.5573]]]]}},{"type":"Feature","properties":{"level":"village","regency":"Sidoarjo","district":"Taman","village":"Jemundo"},"geometry":{"type":"MultiPolygon","coordinates":[[[[112.6884,-7.3625],[112.6886,-7.3635],[112.6882,-7.366],[112.6877,-7.3696],[112.6894,-7.37],[112.6918,-7.3702],[112.6931,-7.3703],[112.6927,-7.3716],[112.6919,-7.3728],[112.6914,-7.3737],[112.681,-7.3733],[112.6786,-7.3732],[112.6785,-7.3744],[112.6765,-7.3742],[112.6723,-7.374],[112.6716,-7.3695],[112.6759,-7.3695],[112.676,-7.3682],[112.6771,-7.368],[112.6782,-7.3672],[112.6786,-7.3657],[112.6787,-7.3645],[112.6788,-7.3633],[112.68,-7.3633],[112.6836,-7.3639],[112.6838,-7.3629],[112.6855,-7.3626],[112.6878,-7.3624],[112.6884,-7.3625]]]]}},{"type":"Feature","properties":{"level":"village","regency":"Surabaya","district":"Wonocolo","village":"Jemur Wonosari"},"geometry":{"type":"MultiPolygon","coordinates":[[[[112.7475,-7.319],[112.7481,-7.3198],[112.7472,-7.3204],[112.7463,-7.3209],[112.7469,-7.3218],[112.7468,-7.323],[112.7454,-7.3228],[112.7443,-7.3226],[112.7437,-7.3236],[112.7438,-7.3248],[112.7437,-7.3263],[112.7436,-7.3273],[112.7435,-7.3284],[112.743,-7.3292],[112.7419,-7.329],[112.7406,-7.3287],[112.7395,-7.3285],[112.7383,-7.3283],[112.7368,-7.328],[112.7361,-7.3291],[112.7356,-7.33],[112.735,-7.3311],[112.7343,-7.3324],[112.7325,-7.3319],[112.7314,-7.3316],[112.7311,-7.3303],[112.7314,-7.3292],[112.7316,-7.3281],[112.732,-7.3266],[112.7322,-7.3251],[112.7325,-7.324],[112.7328,-7.3225],[112.7331,-7.3211],[112.7334,-7.3199],[112.7341,-7.3191],[112.735,-7.3177],[112.7352,-7.3165],[112.7362,-7.3167],[112.7372,-7.3173],[112.7384,-7.3171],[112.7397,-7.3179],[112.7417,-7.3185],[112.7428,-7.3186],[112.7439,-7.3188],[112.7449,-7.3186],[112.7467,-7.3189],[112.7475,-7.319]]]]}},{"type":"Feature","properties":{"level":"village","regency":"Sidoarjo","district":"Krembung","village":"Jenggot"},"geometry":{"type":"MultiPolygon","coordinates":[[[[112.6549,-7.5105],[112.6554,-7.5114],[112.6554,-7.5125],[112.6565,-7.5127],[112.6577,-7.5129],[112.6588,-7.5131],[112.6596,-7.5138],[112.6605,-7.5143],[112.6613,-7.5149],[112.6608,-7.5163],[112.6603,-7.5173],[112.6598,-7.5185],[112.6593,-7.5197],[112.6597,-7.5207],[112.6591,-7.5226],[112.6555,-7.5219],[112.6542,-7.5215],[112.6532,-7.5214],[112.6521,-7.5219],[112.651,-7.522],[112.6506,-7.5209],[112.6506,-7.5199],[112.6506,-7.5188],[112.651,-7.5179],[112.6517,-7.517],[112.6525,-7.5163],[112.6532,-7.515],[112.6535,-7.514],[112.6541,-7.5125],[112.6547,-7.5108],[112.6549,-7.5105]]]]}},{"type":"Feature","properties":{"level":"village","regency":"Surabaya","district":"Bubutan","village":"Jepara"},"geometry":{"type":"MultiPolygon","coordinates":[[[[112.7254,-7.2375],[112.7265,-7.2378],[112.7263,-7.2392],[112.7267,-7.2407],[112.7273,-7.2417],[112.728,-7.2425],[112.729,-7.243],[112.7302,-7.2433],[112.7313,-7.2436],[112.7326,-7.2439],[112.7336,-7.2441],[112.7347,-7.2443],[112.7359,-7.2446],[112.7354,-7.2455],[112.7344,-7.246],[112.7333,-7.2461],[112.7323,-7.2457],[112.7309,-7.2455],[112.7299,-7.2453],[112.7283,-7.2451],[112.7272,-7.2445],[112.7261,-7.2443],[112.7249,-7.2441],[112.7239,-7.244],[112.7229,-7.2438],[112.7219,-7.2439],[112.7209,-7.2439],[112.7208,-7.2427],[112.7207,-7.2415],[112.7206,-7.2395],[112.7204,-7.2377],[112.7205,-7.2365],[112.7221,-7.2365],[112.7231,-7.2368],[112.7241,-7.2371],[112.7251,-7.2374],[112.7254,-7.2375]]]]}},{"type":"Feature","properties":{"level":"village","regency":"Surabaya","district":"Lakarsantri","village":"Jeruk"},"geometry":{"type":"MultiPolygon","coordinates":[[[[112.6484,-7.2915],[112.6488,-7.2934],[112.6491,-7.295],[112.6494,-7.2964],[112.6497,-7.2979],[112.65,-7.2993],[112.6502,-7.3004],[112.6487,-7.3008],[112.6484,-7.3018],[112.649,-7.3027],[112.6487,-7.3038],[112.6487,-7.305],[112.6486,-7.3066],[112.6483,-7.3082],[112.6483,-7.3099],[112.6482,-7.3116],[112.648,-7.3126],[112.6478,-7.3136],[112.646,-7.3141],[112.6449,-7.3141],[112.6433,-7.3138],[112.642,-7.3136],[112.6409,-7.3136],[112.6397,-7.3135],[112.6387,-7.3131],[112.6375,-7.313],[112.6365,-7.3129],[112.6366,-7.3115],[112.6368,-7.3103],[112.637,-7.3093],[112.637,-7.3083],[112.6368,-7.3073],[112.6364,-7.3063],[112.6367,-7.3053],[112.6371,-7.3043],[112.6378,-7.3036],[112.6387,-7.303],[112.6394,-7.3022],[112.6393,-7.3011],[112.6392,-7.3],[112.6392,-7.2989],[112.6394,-7.2976],[112.6393,-7.2966],[112.639,-7.2956],[112.6392,-7.2946],[112.6401,-7.294],[112.6401,-7.2929],[112.6408,-7.2919],[112.6407,-7.2905],[112.6412,-7.2892],[112.6422,-7.2887],[112.6435,-7.2887],[112.6452,-7.2889],[112.6463,-7.2887],[112.6473,-7.2885],[112.6482,-7.2905],[112.6484,-7.2915]]]]}},{"type":"Feature","properties":{"level":"village","regency":"Sidoarjo","district":"Krian","village":"Jeruk Gamping"},"geometry":{"type":"MultiPolygon","coordinates":[[[[112.5941,-7.4235],[112.5905,-7.4225],[112.5892,-7.4214],[112.5879,-7.421],[112.5862,-7.4205],[112.5846,-7.4202],[112.5848,-7.4217],[112.5841,-7.4209],[112.5839,-7.4198],[112.5835,-7.4185],[112.5831,-7.4176],[112.5827,-7.4162],[112.5827,-7.4149],[112.5827,-7.4139],[112.5839,-7.4136],[112.5849,-7.414],[112.5862,-7.4139],[112.5872,-7.4139],[112.5882,-7.4142],[112.5886,-7.4132],[112.5887,-7.4122],[112.5887,-7.4111],[112.5889,-7.41],[112.5889,-7.4089],[112.5897,-7.408],[112.5914,-7.4078],[112.5926,-7.4077],[112.5926,-7.4121],[112.5924,-7.414],[112.5919,-7.4152],[112.5916,-7.4162],[112.5921,-7.4172],[112.5924,-7.4184],[112.5935,-7.4195],[112.5947,-7.4206],[112.5941,-7.4235],[112.5941,-7.4235]]]]}},{"type":"Feature","properties":{"level":"village","regency":"Sidoarjo","district":"Balong Bendo","village":"Jeruk Legi"},"geometry":{"type":"MultiPolygon","coordinates":[[[[112.5664,-7.403],[112.5652,-7.4035],[112.5644,-7.4043],[112.5631,-7.4046],[112.5618,-7.4047],[112.5603,-7.4047],[112.559,-7.4047],[112.5579,-7.4047],[112.5567,-7.405],[112.5556,-7.4054],[112.5544,-7.4058],[112.5534,-7.4063],[112.5523,-7.4067],[112.5513,-7.4072],[112.5503,-7.4076],[112.549,-7.4076],[112.5478,-7.4076],[112.5464,-7.4075],[112.5454,-7.4074],[112.5435,-7.4074],[112.5424,-7.4071],[112.5425,-7.406],[112.5428,-7.4045],[112.5445,-7.4046],[112.5481,-7.404],[112.5491,-7.4036],[112.5502,-7.4028],[112.5511,-7.4014],[112.5521,-7.4005],[112.5536,-7.4003],[112.5548,-7.4],[112.5563,-7.3995],[112.5575,-7.3995],[112.5586,-7.3998],[112.5599,-7.3995],[112.5613,-7.399],[112.5633,-7.3985],[112.5646,-7.3983],[112.5658,-7.398],[112.5662,-7.4007],[112.5664,-7.403]]]]}},{"type":"Feature","properties":{"level":"village","regency":"Sidoarjo","district":"Tulangan","village":"Jiken"},"geometry":{"type":"MultiPolygon","coordinates":[[[[112.6615,-7.4975],[112.6628,-7.498],[112.664,-7.4981],[112.6648,-7.4987],[112.665,-7.4997],[112.6664,-7.4999],[112.6675,-7.5006],[112.6684,-7.5002],[112.6685,-7.5017],[112.6684,-7.503],[112.6685,-7.5041],[112.6688,-7.5051],[112.6693,-7.5062],[112.6697,-7.5073],[112.6687,-7.5076],[112.6671,-7.5072],[112.6655,-7.5068],[112.6643,-7.5064],[112.6633,-7.5062],[112.6623,-7.506],[112.6616,-7.5068],[112.6605,-7.5087],[112.6595,-7.5084],[112.6585,-7.5082],[112.6573,-7.5082],[112.6564,-7.5077],[112.6546,-7.51],[112.6538,-7.5087],[112.6528,-7.5073],[112.6521,-7.5064],[112.6525,-7.5053],[112.6542,-7.5048],[112.656,-7.5046],[112.6565,-7.5038],[112.6568,-7.5027],[112.6572,-7.5015],[112.6578,-7.5006],[112.6588,-7.4988],[112.6598,-7.4971],[112.661,-7.4972],[112.6615,-7.4975]]]]}},{"type":"Feature","properties":{"level":"village","regency":"Sidoarjo","district":"Wonoayu","village":"Jimbaran Kulon"},"geometry":{"type":"MultiPolygon","coordinates":[[[[112.6344,-7.4349],[112.6334,-7.4368],[112.6352,-7.4373],[112.6364,-7.4376],[112.6356,-7.4385],[112.6346,-7.4394],[112.6338,-7.4401],[112.633,-7.4407],[112.632,-7.441],[112.6309,-7.4416],[112.6296,-7.4418],[112.6302,-7.4405],[112.6289,-7.4401],[112.6288,-7.4382],[112.6294,-7.4368],[112.6301,-7.4349],[112.6307,-7.4337],[112.632,-7.4341],[112.6344,-7.4349]]]]}},{"type":"Feature","properties":{"level":"village","regency":"Sidoarjo","district":"Wonoayu","village":"Jimbaran Wetan"},"geometry":{"type":"MultiPolygon","coordinates":[[[[112.6379,-7.4397],[112.6375,-7.4413],[112.6372,-7.4424],[112.6369,-7.4436],[112.6392,-7.4452],[112.64,-7.4458],[112.641,-7.4454],[112.6413,-7.4469],[112.6413,-7.4483],[112.6418,-7.4493],[112.6407,-7.4489],[112.6395,-7.4489],[112.6378,-7.4492],[112.6367,-7.4493],[112.6356,-7.4488],[112.6347,-7.4482],[112.6337,-7.4478],[112.6328,-7.4472],[112.6327,-7.4462],[112.6328,-7.4452],[112.6326,-7.4442],[112.6319,-7.4433],[112.631,-7.4427],[112.63,-7.4422],[112.6309,-7.4416],[112.632,-7.441],[112.633,-7.4407],[112.6338,-7.4401],[112.6346,-7.4394],[112.6354,-7.4386],[112.6364,-7.4378],[112.6385,-7.4381],[112.6379,-7.4397],[112.6379,-7.4397]]]]}},{"type":"Feature","properties":{"level":"village","regency":"Sidoarjo","district":"Sukodono","village":"Jogosatru"},"geometry":{"type":"MultiPolygon","coordinates":[[[[112.6355,-7.3951],[112.636,-7.3962],[112.6365,-7.3971],[112.6364,-7.3982],[112.6367,-7.3992],[112.6377,-7.3994],[112.639,-7.3996],[112.6388,-7.4009],[112.6392,-7.4019],[112.6383,-7.4024],[112.6371,-7.4023],[112.6362,-7.4017],[112.6361,-7.4006],[112.6351,-7.401],[112.6341,-7.4015],[112.6328,-7.4014],[112.6317,-7.4013],[112.6306,-7.4014],[112.6295,-7.4014],[112.6285,-7.4014],[112.628,-7.4025],[112.6269,-7.4024],[112.6253,-7.4021],[112.6254,-7.4009],[112.6255,-7.3998],[112.6256,-7.3984],[112.6257,-7.3974],[112.6255,-7.3964],[112.6251,-7.3953],[112.6262,-7.3948],[112.6272,-7.3942],[112.6285,-7.3942],[112.6296,-7.3941],[112.6307,-7.394],[112.6321,-7.3939],[112.6333,-7.3944],[112.6342,-7.3948],[112.6355,-7.3951],[112.6355,-7.3951]]]]}},{"type":"Feature","properties":{"level":"village","regency":"Sidoarjo","district":"Sukodono","village":"Jumputrejo"},"geometry":{"type":"MultiPolygon","coordinates":[[[[112.7002,-7.4053],[112.7013,-7.4055],[112.7019,-7.4064],[112.703,-7.4067],[112.7048,-7.4071],[112.7056,-7.4078],[112.7055,-7.4092],[112.7054,-7.4103],[112.7052,-7.4114],[112.7048,-7.4125],[112.7035,-7.4128],[112.7024,-7.4126],[112.7021,-7.4141],[112.7018,-7.4156],[112.7007,-7.4152],[112.7001,-7.4142],[112.6996,-7.4123],[112.6998,-7.411],[112.6983,-7.4111],[112.6965,-7.4108],[112.6953,-7.4106],[112.6953,-7.412],[112.6952,-7.4133],[112.6965,-7.4134],[112.6982,-7.4138],[112.6981,-7.4149],[112.6992,-7.4153],[112.7001,-7.416],[112.7012,-7.4168],[112.7024,-7.4172],[112.7025,-7.4193],[112.7022,-7.4203],[112.701,-7.4201],[112.6997,-7.421],[112.6983,-7.421],[112.6973,-7.4217],[112.696,-7.4223],[112.6949,-7.4226],[112.6939,-7.4231],[112.6933,-7.422],[112.6923,-7.4216],[112.692,-7.4206],[112.6911,-7.4193],[112.6904,-7.4185],[112.6895,-7.4177],[112.6885,-7.4174],[112.6869,-7.4168],[112.6858,-7.4161],[112.6846,-7.4159],[112.6848,-7.414],[112.6851,-7.4123],[112.6855,-7.4112],[112.6865,-7.4108],[112.6871,-7.41],[112.6878,-7.4092],[112.6888,-7.4077],[112.6895,-7.4067],[112.6898,-7.4051],[112.6899,-7.4041],[112.69,-7.4029],[112.6911,-7.4031],[112.6923,-7.4034],[112.6935,-7.4037],[112.6947,-7.404],[112.6959,-7.4044],[112.6971,-7.4048],[112.699,-7.4053],[112.7001,-7.4054],[112.7002,-7.4053]]]]}},{"type":"Feature","properties":{"level":"village","regency":"Sidoarjo","district":"Krian","village":"Junwangi"},"geometry":{"type":"MultiPolygon","coordinates":[[[[112.6135,-7.4026],[112.6132,-7.4046],[112.613,-7.4059],[112.6129,-7.4071],[112.6127,-7.4082],[112.6129,-7.4093],[112.6129,-7.4104],[112.614,-7.4109],[112.6137,-7.4126],[112.6136,-7.4137],[112.6133,-7.4155],[112.6124,-7.4159],[112.6114,-7.4158],[112.6106,-7.4151],[112.6095,-7.4148],[112.6084,-7.4134],[112.6077,-7.4121],[112.6076,-7.4109],[112.6072,-7.4098],[112.6061,-7.4095],[112.6044,-7.4091],[112.603,-7.4087],[112.6019,-7.4085],[112.6017,-7.4071],[112.6006,-7.407],[112.5992,-7.4067],[112.5975,-7.4063],[112.5975,-7.4038],[112.5999,-7.4037],[112.6002,-7.4027],[112.6018,-7.4031],[112.6018,-7.4011],[112.6037,-7.4012],[112.6057,-7.4013],[112.6069,-7.4016],[112.608,-7.4018],[112.6095,-7.402],[112.6107,-7.4022],[112.6119,-7.4024],[112.6133,-7.4026],[112.6135,-7.4026]]]]}},{"type":"Feature","properties":{"level":"village","regency":"Sidoarjo","district":"Porong","village":"Juwet Kenongo"},"geometry":{"type":"MultiPolygon","coordinates":[[[[112.6938,-7.5363],[112.6948,-7.536],[112.6959,-7.5362],[112.6967,-7.5368],[112.6964,-7.5379],[112.6979,-7.5389],[112.6992,-7.5395],[112.6993,-7.5407],[112.699,-7.5417],[112.698,-7.5413],[112.6967,-7.5409],[112.6956,-7.5408],[112.6946,-7.5413],[112.6935,-7.5416],[112.6923,-7.5412],[112.6913,-7.5415],[112.6902,-7.5413],[112.6892,-7.5411],[112.6882,-7.541],[112.687,-7.5409],[112.6854,-7.5406],[112.684,-7.5404],[112.6827,-7.5402],[112.6814,-7.54],[112.6802,-7.5399],[112.6789,-7.5398],[112.6788,-7.5388],[112.679,-7.5378],[112.6789,-7.5368],[112.6792,-7.5357],[112.6803,-7.535],[112.6813,-7.5353],[112.6824,-7.5354],[112.6837,-7.5355],[112.6847,-7.5354],[112.6859,-7.5351],[112.6869,-7.5354],[112.688,-7.5358],[112.6887,-7.5366],[112.6898,-7.5366],[112.6911,-7.5367],[112.6921,-7.5361],[112.6934,-7.5364],[112.6938,-7.5363]]]]}},{"type":"Feature","properties":{"level":"village","regency":"Sidoarjo","district":"Prambon","village":"Kajartengguli"},"geometry":{"type":"MultiPolygon","coordinates":[[[[112.5598,-7.4629],[112.5608,-7.4632],[112.5619,-7.4635],[112.563,-7.4637],[112.564,-7.464],[112.5651,-7.4642],[112.5656,-7.4631],[112.5666,-7.4631],[112.5678,-7.4629],[112.5688,-7.4633],[112.5695,-7.4641],[112.5701,-7.4649],[112.5709,-7.4656],[112.5712,-7.4668],[112.5709,-7.4678],[112.57,-7.4683],[112.5693,-7.4694],[112.5689,-7.4704],[112.5678,-7.4701],[112.5672,-7.472],[112.5667,-7.4734],[112.5664,-7.4745],[112.5661,-7.4758],[112.5651,-7.476],[112.5641,-7.4757],[112.563,-7.4753],[112.5618,-7.4751],[112.5611,-7.4742],[112.5615,-7.4728],[112.5624,-7.4721],[112.5627,-7.4707],[112.5631,-7.4697],[112.5619,-7.4693],[112.5607,-7.469],[112.5594,-7.4686],[112.5598,-7.4675],[112.5602,-7.4663],[112.5605,-7.465],[112.5598,-7.4642],[112.5593,-7.4632],[112.5598,-7.4629]]]]}},{"type":"Feature","properties":{"level":"village","regency":"Sidoarjo","district":"Tulangan","village":"Kajeksan"},"geometry":{"type":"MultiPolygon","coordinates":[[[[112.6349,-7.4629],[112.6353,-7.4643],[112.6351,-7.4658],[112.6357,-7.4667],[112.6364,-7.4658],[112.6373,-7.4665],[112.6377,-7.4677],[112.6373,-7.4689],[112.6373,-7.4703],[112.6374,-7.4713],[112.6368,-7.4721],[112.636,-7.4728],[112.635,-7.4729],[112.6338,-7.4732],[112.6326,-7.4728],[112.6316,-7.4725],[112.63,-7.4721],[112.6288,-7.4719],[112.6267,-7.4712],[112.6256,-7.4709],[112.6247,-7.4705],[112.6236,-7.4701],[112.6226,-7.4697],[112.6213,-7.4696],[112.6206,-7.4683],[112.6206,-7.4672],[112.6207,-7.4661],[112.622,-7.466],[112.6231,-7.4663],[112.6236,-7.4651],[112.6241,-7.464],[112.6265,-7.4653],[112.6284,-7.4663],[112.63,-7.467],[112.6312,-7.4666],[112.6317,-7.4654],[112.6327,-7.4634],[112.6333,-7.4623],[112.6349,-7.4629]]]]}},{"type":"Feature","properties":{"level":"village","regency":"Sidoarjo","district":"Sedati","village":"Kalanganyar"},"geometry":{"type":"MultiPolygon","coordinates":[[[[112.8281,-7.4741],[112.8263,-7.4736],[112.8251,-7.4733],[112.8238,-7.4734],[112.8227,-7.4735],[112.8211,-7.4736],[112.8201,-7.4733],[112.8188,-7.4733],[112.8186,-7.4722],[112.8183,-7.4712],[112.8182,-7.4702],[112.8181,-7.4692],[112.8176,-7.4682],[112.8173,-7.4672],[112.8172,-7.4662],[112.8175,-7.4652],[112.818,-7.4643],[112.8186,-7.4634],[112.8187,-7.4624],[112.8186,-7.4614],[112.8183,-7.4604],[112.8182,-7.4594],[112.8181,-7.4584],[112.8179,-7.4574],[112.8177,-7.4564],[112.8169,-7.4557],[112.8161,-7.4551],[112.8152,-7.4545],[112.8143,-7.454],[112.8136,-7.4532],[112.8129,-7.4524],[112.8126,-7.4514],[112.8122,-7.4505],[112.8117,-7.4496],[112.8112,-7.4486],[112.8105,-7.4478],[112.8096,-7.4473],[112.8092,-7.4463],[112.8089,-7.4453],[112.8087,-7.4443],[112.8087,-7.4432],[112.8077,-7.4419],[112.8071,-7.4409],[112.806,-7.4404],[112.8051,-7.4399],[112.8041,-7.4391],[112.8036,-7.4376],[112.803,-7.4367],[112.8021,-7.4361],[112.801,-7.4365],[112.7999,-7.4365],[112.7989,-7.436],[112.7977,-7.436],[112.7965,-7.4362],[112.7962,-7.4372],[112.796,-7.4385],[112.7945,-7.4392],[112.7932,-7.4395],[112.7921,-7.4396],[112.7911,-7.4394],[112.7902,-7.4389],[112.7895,-7.4381],[112.789,-7.4372],[112.789,-7.4362],[112.7884,-7.4353],[112.7879,-7.4344],[112.7877,-7.4333],[112.7875,-7.4323],[112.7875,-7.4313],[112.7875,-7.4303],[112.7879,-7.4294],[112.7888,-7.429],[112.7898,-7.4287],[112.7903,-7.4278],[112.7904,-7.4268],[112.7902,-7.4258],[112.7906,-7.4249],[112.7912,-7.424],[112.7915,-7.423],[112.7915,-7.422],[112.7908,-7.4213],[112.79,-7.4205],[112.7896,-7.4196],[112.7885,-7.4186],[112.7875,-7.4182],[112.7872,-7.4171],[112.7876,-7.4157],[112.7883,-7.4149],[112.7887,-7.4139],[112.788,-7.413],[112.7874,-7.412],[112.788,-7.4112],[112.7885,-7.4102],[112.7878,-7.409],[112.7867,-7.4087],[112.7848,-7.4087],[112.7839,-7.408],[112.7832,-7.407],[112.7831,-7.4059],[112.7835,-7.405],[112.783,-7.404],[112.7834,-7.403],[112.7826,-7.4025],[112.7823,-7.4015],[112.7822,-7.4004],[112.7821,-7.3994],[112.7833,-7.3997],[112.7845,-7.4002],[112.7858,-7.4009],[112.7874,-7.4016],[112.7885,-7.4019],[112.7896,-7.4023],[112.7905,-7.4012],[112.7913,-7.4004],[112.7913,-7.3992],[112.7921,-7.3985],[112.7924,-7.3972],[112.7933,-7.3967],[112.7944,-7.3968],[112.7948,-7.3977],[112.7963,-7.398],[112.7975,-7.3982],[112.7986,-7.3985],[112.7998,-7.3989],[112.801,-7.3994],[112.802,-7.3999],[112.8029,-7.4005],[112.8038,-7.401],[112.8048,-7.4017],[112.8063,-7.4028],[112.807,-7.4035],[112.8077,-7.4042],[112.8088,-7.4046],[112.81,-7.4053],[112.8112,-7.406],[112.8122,-7.4067],[112.8133,-7.4074],[112.8144,-7.4079],[112.8153,-7.4084],[112.8164,-7.4084],[112.8169,-7.4075],[112.819,-7.4068],[112.82,-7.4067],[112.821,-7.4067],[112.8219,-7.4062],[112.8229,-7.4062],[112.824,-7.4062],[112.8251,-7.4061],[112.8261,-7.406],[112.8272,-7.4059],[112.8282,-7.4058],[112.8292,-7.4057],[112.8302,-7.4056],[112.8312,-7.4054],[112.8326,-7.4051],[112.8348,-7.4057],[112.836,-7.4065],[112.8362,-7.4081],[112.8367,-7.4102],[112.8364,-7.4145],[112.8359,-7.4199],[112.8362,-7.4217],[112.836,-7.4232],[112.8356,-7.4244],[112.835,-7.4255],[112.8348,-7.4265],[112.8357,-7.4281],[112.8357,-7.4292],[112.8361,-7.4313],[112.8366,-7.4349],[112.8365,-7.4372],[112.8373,-7.4384],[112.8376,-7.4406],[112.8375,-7.4427],[112.8378,-7.4445],[112.8383,-7.4588],[112.8389,-7.4678],[112.8405,-7.4778],[112.8407,-7.4798],[112.8401,-7.4824],[112.8391,-7.4833],[112.8369,-7.4842],[112.8354,-7.4843],[112.834,-7.4834],[112.8321,-7.4809],[112.8312,-7.4784],[112.8304,-7.476],[112.829,-7.4745],[112.8281,-7.4741]]]]}},{"type":"Feature","properties":{"level":"village","regency":"Surabaya","district":"Rungkut","village":"Kali Rungkut"},"geometry":{"type":"MultiPolygon","coordinates":[[[[112.7706,-7.3107],[112.7715,-7.3112],[112.7715,-7.3123],[112.7715,-7.3135],[112.7715,-7.3148],[112.773,-7.3148],[112.7729,-7.316],[112.7727,-7.3174],[112.7727,-7.3186],[112.7726,-7.3204],[112.7726,-7.3215],[112.7733,-7.3224],[112.7745,-7.3223],[112.7757,-7.3224],[112.7771,-7.3224],[112.7782,-7.3223],[112.7792,-7.3222],[112.7804,-7.3222],[112.7806,-7.3233],[112.7807,-7.3248],[112.7807,-7.3263],[112.7821,-7.3266],[112.7835,-7.3264],[112.7846,-7.3263],[112.7863,-7.3261],[112.7874,-7.326],[112.7881,-7.3274],[112.7881,-7.3291],[112.787,-7.3292],[112.7836,-7.3291],[112.7813,-7.329],[112.7815,-7.3273],[112.7792,-7.3271],[112.7773,-7.327],[112.7756,-7.327],[112.774,-7.327],[112.7726,-7.327],[112.7713,-7.3269],[112.7704,-7.3272],[112.7693,-7.3271],[112.7682,-7.3273],[112.7672,-7.3275],[112.7663,-7.3281],[112.7653,-7.328],[112.7643,-7.3277],[112.7633,-7.3275],[112.7623,-7.3274],[112.7612,-7.3273],[112.7602,-7.3272],[112.7592,-7.3271],[112.7597,-7.3261],[112.7602,-7.325],[112.7607,-7.324],[112.7614,-7.3227],[112.7623,-7.321],[112.7627,-7.32],[112.7634,-7.3186],[112.7639,-7.3176],[112.7647,-7.3159],[112.7635,-7.3159],[112.7625,-7.3155],[112.7617,-7.3147],[112.7627,-7.3144],[112.7636,-7.315],[112.7644,-7.3143],[112.7639,-7.3134],[112.765,-7.314],[112.7657,-7.3147],[112.7669,-7.3144],[112.7678,-7.3139],[112.7689,-7.3138],[112.7688,-7.3128],[112.7684,-7.3117],[112.7686,-7.3106],[112.7696,-7.3102],[112.7706,-7.3107]]]]}},{"type":"Feature","properties":{"level":"village","regency":"Sidoarjo","district":"Tanggulangin","village":"Kalidawir"},"geometry":{"type":"MultiPolygon","coordinates":[[[[112.7356,-7.5119],[112.7368,-7.5118],[112.7377,-7.5114],[112.7382,-7.5105],[112.739,-7.5097],[112.7399,-7.5091],[112.7409,-7.5097],[112.7412,-7.5109],[112.7412,-7.5123],[112.7418,-7.5132],[112.7421,-7.5142],[112.7419,-7.5153],[112.7409,-7.5163],[112.7399,-7.5166],[112.7385,-7.517],[112.7375,-7.5172],[112.7364,-7.5172],[112.7356,-7.5165],[112.7349,-7.5158],[112.7341,-7.515],[112.7336,-7.516],[112.7333,-7.5172],[112.7322,-7.517],[112.7312,-7.5167],[112.7301,-7.5164],[112.7292,-7.5159],[112.7282,-7.5152],[112.7273,-7.5145],[112.7265,-7.5137],[112.7256,-7.5133],[112.7255,-7.512],[112.7261,-7.5104],[112.7266,-7.5093],[112.7271,-7.5079],[112.7275,-7.5068],[112.7285,-7.5074],[112.7296,-7.5076],[112.7305,-7.5081],[112.7306,-7.5092],[112.7311,-7.5102],[112.7319,-7.5112],[112.7331,-7.5115],[112.7344,-7.5117],[112.7354,-7.5118],[112.7356,-7.5119]]]]}},{"type":"Feature","properties":{"level":"village","regency":"Sidoarjo","district":"Taman","village":"Kalijaten"},"geometry":{"type":"MultiPolygon","coordinates":[[[[112.6966,-7.3502],[112.6958,-7.3512],[112.6957,-7.3524],[112.695,-7.3533],[112.6934,-7.3536],[112.6926,-7.3544],[112.6921,-7.3554],[112.6912,-7.355],[112.6906,-7.3559],[112.6896,-7.3558],[112.6883,-7.356],[112.6873,-7.3564],[112.6863,-7.3566],[112.6852,-7.3567],[112.6842,-7.3569],[112.683,-7.3565],[112.683,-7.3554],[112.6837,-7.3546],[112.6842,-7.3537],[112.6849,-7.3529],[112.6859,-7.3525],[112.6858,-7.3515],[112.6868,-7.351],[112.6878,-7.3506],[112.6894,-7.3503],[112.6908,-7.3502],[112.6922,-7.3502],[112.6932,-7.3502],[112.6942,-7.3501],[112.6952,-7.3502],[112.6963,-7.3502],[112.6966,-7.3502]]]]}},{"type":"Feature","properties":{"level":"village","regency":"Surabaya","district":"Mulyorejo","village":"Kalijudan"},"geometry":{"type":"MultiPolygon","coordinates":[[[[112.7887,-7.2502],[112.7907,-7.2508],[112.7912,-7.2517],[112.7911,-7.253],[112.791,-7.2542],[112.7903,-7.255],[112.789,-7.2549],[112.7878,-7.2548],[112.7876,-7.256],[112.7871,-7.2573],[112.787,-7.2593],[112.7851,-7.2589],[112.784,-7.2596],[112.7823,-7.2596],[112.7812,-7.2598],[112.7806,-7.2614],[112.7798,-7.2632],[112.7785,-7.2633],[112.7769,-7.2626],[112.7755,-7.2618],[112.775,-7.2627],[112.7739,-7.2625],[112.7743,-7.2615],[112.7745,-7.2605],[112.775,-7.2596],[112.7755,-7.2587],[112.776,-7.2577],[112.7764,-7.2567],[112.7768,-7.2557],[112.7774,-7.2548],[112.7785,-7.2544],[112.78,-7.2547],[112.7811,-7.2547],[112.7819,-7.2537],[112.7804,-7.2527],[112.7812,-7.2516],[112.7822,-7.2507],[112.783,-7.2499],[112.7836,-7.2489],[112.7852,-7.2492],[112.7863,-7.2494],[112.788,-7.2498],[112.7887,-7.2502]]]]}},{"type":"Feature","properties":{"level":"village","regency":"Sidoarjo","district":"Tarik","village":"Kalimati"},"geometry":{"type":"MultiPolygon","coordinates":[[[[112.5453,-7.4479],[112.5463,-7.4483],[112.5474,-7.4484],[112.5482,-7.449],[112.5491,-7.4496],[112.5493,-7.4506],[112.5499,-7.4514],[112.5509,-7.4515],[112.5522,-7.4515],[112.5532,-7.4514],[112.5542,-7.4515],[112.5552,-7.4517],[112.5557,-7.4526],[112.5568,-7.4528],[112.558,-7.4522],[112.5591,-7.4519],[112.5601,-7.4521],[112.5605,-7.451],[112.5614,-7.4504],[112.5621,-7.4513],[112.5632,-7.451],[112.5644,-7.4511],[112.5651,-7.452],[112.5641,-7.4523],[112.5631,-7.4527],[112.5621,-7.4531],[112.5616,-7.4542],[112.5612,-7.4554],[112.5609,-7.4565],[112.5607,-7.458],[112.5595,-7.4578],[112.5584,-7.458],[112.5578,-7.459],[112.5571,-7.4597],[112.5559,-7.4598],[112.5546,-7.4595],[112.5534,-7.4593],[112.5521,-7.4591],[112.5508,-7.4589],[112.5496,-7.4587],[112.5483,-7.4581],[112.5472,-7.4582],[112.5457,-7.458],[112.5452,-7.457],[112.5444,-7.4563],[112.5434,-7.456],[112.5421,-7.4556],[112.541,-7.4553],[112.5387,-7.4546],[112.5392,-7.4537],[112.5402,-7.4532],[112.5408,-7.4523],[112.5413,-7.4515],[112.5423,-7.4508],[112.543,-7.4499],[112.5436,-7.4489],[112.5446,-7.4481],[112.5453,-7.4479]]]]}},{"type":"Feature","properties":{"level":"village","regency":"Sidoarjo","district":"Candi","village":"Kalipecabean"},"geometry":{"type":"MultiPolygon","coordinates":[[[[112.7485,-7.4737],[112.7485,-7.475],[112.7495,-7.476],[112.7489,-7.4769],[112.7484,-7.4779],[112.7495,-7.4785],[112.7501,-7.4794],[112.7497,-7.4806],[112.7493,-7.4819],[112.7484,-7.4835],[112.7471,-7.4839],[112.7468,-7.486],[112.7479,-7.4856],[112.7485,-7.4867],[112.7489,-7.4879],[112.7499,-7.4875],[112.7509,-7.4874],[112.7519,-7.4878],[112.7522,-7.4889],[112.7514,-7.4897],[112.7503,-7.49],[112.7495,-7.4907],[112.7494,-7.4919],[112.7493,-7.4929],[112.749,-7.4939],[112.7481,-7.4945],[112.7456,-7.4939],[112.7446,-7.4934],[112.745,-7.4925],[112.7446,-7.4915],[112.7444,-7.4905],[112.745,-7.4897],[112.7457,-7.489],[112.7457,-7.4879],[112.7449,-7.4873],[112.744,-7.4866],[112.7426,-7.4868],[112.7419,-7.488],[112.7414,-7.4901],[112.7399,-7.4897],[112.7395,-7.4906],[112.7401,-7.4925],[112.739,-7.4933],[112.7381,-7.4938],[112.738,-7.4921],[112.7383,-7.4911],[112.7388,-7.4895],[112.7378,-7.4889],[112.7363,-7.4885],[112.7353,-7.4881],[112.7362,-7.4875],[112.7359,-7.4865],[112.736,-7.4854],[112.7365,-7.4845],[112.736,-7.4835],[112.7356,-7.4819],[112.736,-7.481],[112.7366,-7.4801],[112.7366,-7.4791],[112.7402,-7.4803],[112.7413,-7.4801],[112.7428,-7.4807],[112.7423,-7.4798],[112.7428,-7.4787],[112.7437,-7.4782],[112.7445,-7.4776],[112.7458,-7.4765],[112.7446,-7.4768],[112.7439,-7.4778],[112.7428,-7.4779],[112.7423,-7.4769],[112.7426,-7.4759],[112.7435,-7.4754],[112.7444,-7.4759],[112.7454,-7.4757],[112.7456,-7.4747],[112.7456,-7.4737],[112.7464,-7.4728],[112.7469,-7.4737],[112.7482,-7.4737],[112.7485,-7.4737]]]]}},{"type":"Feature","properties":{"level":"village","regency":"Sidoarjo","district":"Tanggulangin","village":"Kalisampurno"},"geometry":{"type":"MultiPolygon","coordinates":[[[[112.7063,-7.5042],[112.706,-7.5056],[112.7056,-7.507],[112.7049,-7.508],[112.7045,-7.509],[112.7033,-7.509],[112.7023,-7.5089],[112.7009,-7.5094],[112.6999,-7.5098],[112.6989,-7.5102],[112.6985,-7.5112],[112.6983,-7.5123],[112.6977,-7.5132],[112.697,-7.514],[112.6967,-7.5151],[112.696,-7.5159],[112.6943,-7.5151],[112.6933,-7.5149],[112.6922,-7.5148],[112.6912,-7.5146],[112.6912,-7.5132],[112.6893,-7.5129],[112.6883,-7.5128],[112.6887,-7.5105],[112.6897,-7.5109],[112.6907,-7.5108],[112.6905,-7.5096],[112.6917,-7.5092],[112.6928,-7.5094],[112.6937,-7.5104],[112.6945,-7.5098],[112.6952,-7.5089],[112.6958,-7.5078],[112.6962,-7.5067],[112.6965,-7.5056],[112.6974,-7.505],[112.698,-7.5042],[112.6989,-7.5038],[112.6999,-7.5043],[112.7009,-7.5043],[112.7019,-7.5039],[112.7027,-7.5033],[112.7052,-7.5039],[112.7063,-7.5042],[112.7063,-7.5042]]]]}},{"type":"Feature","properties":{"level":"village","regency":"Surabaya","district":"Mulyorejo","village":"Kalisari"},"geometry":{"type":"MultiPolygon","coordinates":[[[[112.8061,-7.2596],[112.8109,-7.2573],[112.8129,-7.2549],[112.8149,-7.2523],[112.8161,-7.2517],[112.8175,-7.2519],[112.8205,-7.253],[112.8235,-7.2551],[112.8232,-7.2567],[112.8246,-7.256],[112.8266,-7.2568],[112.8293,-7.2583],[112.8307,-7.2588],[112.8316,-7.2594],[112.8317,-7.2609],[112.8308,-7.2621],[112.8292,-7.2629],[112.8281,-7.2633],[112.8252,-7.2648],[112.8207,-7.2672],[112.8155,-7.2699],[112.8145,-7.2702],[112.8128,-7.2711],[112.8119,-7.2717],[112.8112,-7.2728],[112.8099,-7.2734],[112.8088,-7.2736],[112.8075,-7.2736],[112.8063,-7.2739],[112.8046,-7.2741],[112.8036,-7.2742],[112.8025,-7.2742],[112.8015,-7.2742],[112.8005,-7.2742],[112.7987,-7.2742],[112.7975,-7.2741],[112.7974,-7.2728],[112.7971,-7.2718],[112.7968,-7.2707],[112.7966,-7.2695],[112.7955,-7.2664],[112.7953,-7.2652],[112.7952,-7.2642],[112.7951,-7.2632],[112.795,-7.2621],[112.795,-7.2609],[112.7938,-7.2603],[112.7935,-7.2593],[112.7948,-7.2584],[112.7957,-7.258],[112.7962,-7.257],[112.7961,-7.256],[112.7957,-7.2551],[112.7965,-7.2545],[112.7974,-7.2553],[112.7985,-7.2556],[112.7994,-7.2562],[112.7999,-7.2571],[112.8004,-7.258],[112.7998,-7.2588],[112.8006,-7.2594],[112.8015,-7.2599],[112.8026,-7.2601],[112.8036,-7.2601],[112.8046,-7.2601],[112.8056,-7.2598],[112.8061,-7.2596]]]]}},{"type":"Feature","properties":{"level":"village","regency":"Sidoarjo","district":"Tanggulangin","village":"Kalitengah"},"geometry":{"type":"MultiPolygon","coordinates":[[[[112.7207,-7.5055],[112.7206,-7.5067],[112.7202,-7.5079],[112.72,-7.5091],[112.7196,-7.5102],[112.7188,-7.5115],[112.7182,-7.5129],[112.7178,-7.514],[112.7168,-7.5143],[112.7166,-7.5133],[112.7155,-7.5132],[112.7143,-7.5124],[112.7136,-7.5116],[112.7126,-7.5119],[112.7114,-7.5118],[112.7105,-7.5127],[112.7097,-7.5121],[112.7101,-7.5111],[112.7092,-7.5107],[112.7082,-7.5108],[112.7072,-7.5112],[112.7058,-7.511],[112.7046,-7.5105],[112.7048,-7.5094],[112.705,-7.5084],[112.7051,-7.5074],[112.706,-7.5056],[112.7062,-7.5046],[112.7076,-7.5044],[112.7088,-7.5047],[112.7091,-7.5035],[112.7098,-7.5028],[112.7111,-7.5033],[112.7123,-7.5038],[112.7138,-7.5041],[112.7152,-7.5045],[112.7163,-7.5048],[112.7174,-7.5052],[112.7184,-7.5056],[112.7198,-7.5055],[112.7207,-7.5055]]]]}},{"type":"Feature","properties":{"level":"village","regency":"Sidoarjo","district":"Krembung","village":"Kandangan"},"geometry":{"type":"MultiPolygon","coordinates":[[[[112.638,-7.5036],[112.6375,-7.5053],[112.6372,-7.5064],[112.6367,-7.5087],[112.6364,-7.5098],[112.635,-7.5096],[112.6344,-7.5107],[112.6341,-7.5119],[112.633,-7.5123],[112.6318,-7.5117],[112.6306,-7.5116],[112.6296,-7.5116],[112.6285,-7.5115],[112.6273,-7.5117],[112.6262,-7.5112],[112.6263,-7.5101],[112.6267,-7.509],[112.6269,-7.5079],[112.6276,-7.5058],[112.6283,-7.5039],[112.6303,-7.5038],[112.6314,-7.5039],[112.6317,-7.5028],[112.6326,-7.5023],[112.6353,-7.503],[112.6376,-7.5036],[112.638,-7.5036]]]]}},{"type":"Feature","properties":{"level":"village","regency":"Surabaya","district":"Benowo","village":"Kandangan"},"geometry":{"type":"MultiPolygon","coordinates":[[[[112.6426,-7.2336],[112.6437,-7.2339],[112.6451,-7.2339],[112.6463,-7.2342],[112.6473,-7.2345],[112.6488,-7.2348],[112.6497,-7.2344],[112.651,-7.2344],[112.6521,-7.2343],[112.6531,-7.2341],[112.6542,-7.2343],[112.6551,-7.235],[112.6559,-7.2356],[112.6564,-7.2366],[112.657,-7.2374],[112.6576,-7.2382],[112.6571,-7.2391],[112.6563,-7.2398],[112.6555,-7.2405],[112.6547,-7.2412],[112.6544,-7.2422],[112.6545,-7.2433],[112.6546,-7.2444],[112.6547,-7.2454],[112.6548,-7.2465],[112.655,-7.2476],[112.6551,-7.2487],[112.6552,-7.2499],[112.6552,-7.2512],[112.6549,-7.253],[112.6546,-7.254],[112.6553,-7.2548],[112.6566,-7.255],[112.6576,-7.2553],[112.6589,-7.2559],[112.6599,-7.2561],[112.6599,-7.2572],[112.6596,-7.259],[112.6598,-7.26],[112.6589,-7.2607],[112.6591,-7.2618],[112.6589,-7.2628],[112.6576,-7.2629],[112.6566,-7.263],[112.6556,-7.2639],[112.655,-7.265],[112.6536,-7.2651],[112.6525,-7.2646],[112.6516,-7.2641],[112.6515,-7.263],[112.6511,-7.262],[112.6521,-7.2616],[112.6525,-7.2605],[112.6526,-7.2592],[112.6525,-7.2581],[112.6515,-7.2578],[112.6502,-7.2582],[112.6489,-7.2585],[112.6478,-7.2584],[112.6466,-7.2581],[112.6467,-7.257],[112.6473,-7.2558],[112.6477,-7.2548],[112.6484,-7.2539],[112.6476,-7.2531],[112.6478,-7.2521],[112.6472,-7.2511],[112.6463,-7.2507],[112.6452,-7.2503],[112.6455,-7.2492],[112.6457,-7.2482],[112.646,-7.2471],[112.6463,-7.246],[112.6466,-7.2449],[112.6468,-7.2439],[112.646,-7.2428],[112.6448,-7.2429],[112.6436,-7.2432],[112.6423,-7.2425],[112.6411,-7.2422],[112.6403,-7.2414],[112.6397,-7.2405],[112.6396,-7.2393],[112.639,-7.2381],[112.6393,-7.2371],[112.6398,-7.2356],[112.64,-7.2346],[112.6407,-7.2337],[112.642,-7.2335],[112.6426,-7.2336]]]]}},{"type":"Feature","properties":{"level":"village","regency":"Surabaya","district":"Simokerto","village":"Kapasan"},"geometry":{"type":"MultiPolygon","coordinates":[[[[112.7501,-7.24],[112.7516,-7.2404],[112.7527,-7.2407],[112.7541,-7.241],[112.7552,-7.2414],[112.7567,-7.2418],[112.7566,-7.2429],[112.7561,-7.2439],[112.7553,-7.2446],[112.754,-7.2451],[112.753,-7.2452],[112.7519,-7.2448],[112.7506,-7.244],[112.7494,-7.2437],[112.7483,-7.2436],[112.7473,-7.2433],[112.7464,-7.2422],[112.7456,-7.241],[112.7452,-7.2399],[112.745,-7.2389],[112.7461,-7.2388],[112.7472,-7.2391],[112.7484,-7.2395],[112.7495,-7.2398],[112.7501,-7.24]]]]}},{"type":"Feature","properties":{"level":"village","regency":"Surabaya","district":"Genteng","village":"Kapasari"},"geometry":{"type":"MultiPolygon","coordinates":[[[[112.7521,-7.245],[112.7527,-7.2459],[112.7531,-7.2469],[112.7533,-7.2482],[112.7532,-7.25],[112.7531,-7.2514],[112.752,-7.2514],[112.7509,-7.2514],[112.7497,-7.2514],[112.7487,-7.2514],[112.7473,-7.2514],[112.7462,-7.2514],[112.7451,-7.2513],[112.7458,-7.25],[112.7464,-7.249],[112.747,-7.248],[112.7475,-7.247],[112.7475,-7.2459],[112.7474,-7.2446],[112.7478,-7.2436],[112.749,-7.2437],[112.7501,-7.2439],[112.7512,-7.2443],[112.7521,-7.245]]]]}},{"type":"Feature","properties":{"level":"village","regency":"Surabaya","district":"Tambaksari","village":"Kapasmadya Baru"},"geometry":{"type":"MultiPolygon","coordinates":[[[[112.7706,-7.2357],[112.7704,-7.2388],[112.7696,-7.2412],[112.7691,-7.2427],[112.769,-7.2439],[112.7689,-7.2453],[112.7678,-7.245],[112.766,-7.2445],[112.7647,-7.2441],[112.7636,-7.2438],[112.7626,-7.2435],[112.7613,-7.2431],[112.7612,-7.2416],[112.7616,-7.2404],[112.7622,-7.2391],[112.7627,-7.238],[112.7636,-7.2366],[112.7646,-7.2363],[112.7658,-7.2362],[112.7668,-7.2358],[112.7678,-7.2367],[112.7683,-7.2358],[112.7693,-7.2358],[112.7703,-7.2357],[112.7706,-7.2357]]]]}},{"type":"Feature","properties":{"level":"village","regency":"Surabaya","district":"Jambangan","village":"Karah"},"geometry":{"type":"MultiPolygon","coordinates":[[[[112.7208,-7.308],[112.723,-7.3077],[112.7231,-7.3102],[112.7228,-7.3125],[112.7224,-7.3151],[112.7222,-7.3163],[112.724,-7.317],[112.7253,-7.3175],[112.7263,-7.3178],[112.7254,-7.3193],[112.7247,-7.3201],[112.7241,-7.3209],[112.7232,-7.322],[112.7225,-7.3229],[112.7219,-7.3237],[112.7209,-7.3237],[112.72,-7.3232],[112.7184,-7.3232],[112.7175,-7.3226],[112.7177,-7.3212],[112.718,-7.3201],[112.7184,-7.3181],[112.7189,-7.3163],[112.7193,-7.3151],[112.718,-7.3141],[112.7172,-7.3153],[112.7133,-7.3137],[112.7121,-7.3135],[112.7113,-7.3128],[112.7115,-7.3111],[112.7118,-7.3096],[112.7125,-7.3087],[112.7138,-7.3078],[112.7148,-7.3076],[112.7163,-7.3078],[112.718,-7.308],[112.7208,-7.308]]]]}},{"type":"Feature","properties":{"level":"village","regency":"Surabaya","district":"Karang Pilang","village":"Karang Pilang"},"geometry":{"type":"MultiPolygon","coordinates":[[[[112.6955,-7.3344],[112.6963,-7.3353],[112.6973,-7.3357],[112.6977,-7.3368],[112.6972,-7.3377],[112.698,-7.3383],[112.6983,-7.3393],[112.6987,-7.3403],[112.6983,-7.3415],[112.6971,-7.3424],[112.6961,-7.3429],[112.6952,-7.3434],[112.6941,-7.3438],[112.6927,-7.3444],[112.6917,-7.3449],[112.6902,-7.3455],[112.6887,-7.3459],[112.6871,-7.3463],[112.6856,-7.3467],[112.6838,-7.3473],[112.6828,-7.3476],[112.6831,-7.3466],[112.6834,-7.3452],[112.6829,-7.344],[112.683,-7.3425],[112.6824,-7.3416],[112.6831,-7.3402],[112.6842,-7.3388],[112.6847,-7.3378],[112.6835,-7.3374],[112.683,-7.3361],[112.6838,-7.3355],[112.6828,-7.3346],[112.6834,-7.3335],[112.684,-7.3327],[112.6843,-7.3317],[112.6853,-7.3319],[112.6863,-7.3322],[112.6874,-7.3324],[112.6889,-7.3326],[112.69,-7.3328],[112.6913,-7.3332],[112.6935,-7.334],[112.6947,-7.3343],[112.6955,-7.3344]]]]}},{"type":"Feature","properties":{"level":"village","regency":"Sidoarjo","district":"Gedangan","village":"Karangbong"},"geometry":{"type":"MultiPolygon","coordinates":[[[[112.7193,-7.4023],[112.7194,-7.4035],[112.7193,-7.4045],[112.7199,-7.4055],[112.7201,-7.4065],[112.721,-7.4071],[112.722,-7.4073],[112.7219,-7.4083],[112.7215,-7.4094],[112.7225,-7.41],[112.7235,-7.4101],[112.7238,-7.4112],[112.7236,-7.4128],[112.7224,-7.4126],[112.7201,-7.412],[112.7197,-7.4132],[112.7186,-7.4129],[112.7177,-7.4124],[112.7172,-7.4134],[112.7156,-7.413],[112.7146,-7.4127],[112.7143,-7.4114],[112.7146,-7.4104],[112.7135,-7.41],[112.7125,-7.4099],[112.7107,-7.4092],[112.71,-7.4113],[112.7092,-7.4119],[112.708,-7.4112],[112.707,-7.4109],[112.7059,-7.4105],[112.7055,-7.4092],[112.7055,-7.4081],[112.7048,-7.4071],[112.7038,-7.4068],[112.7028,-7.4066],[112.7017,-7.4064],[112.7012,-7.4054],[112.7002,-7.4053],[112.7001,-7.4042],[112.7007,-7.4034],[112.7017,-7.4036],[112.7027,-7.404],[112.7037,-7.4042],[112.704,-7.403],[112.7043,-7.4018],[112.7054,-7.4018],[112.7064,-7.4018],[112.7076,-7.4018],[112.7086,-7.402],[112.7131,-7.4029],[112.7145,-7.4032],[112.7156,-7.4033],[112.7163,-7.4023],[112.7166,-7.4013],[112.7176,-7.4016],[112.7187,-7.402],[112.7193,-7.4023]]]]}},{"type":"Feature","properties":{"level":"village","regency":"Surabaya","district":"Tandes","village":"Karangpoh"},"geometry":{"type":"MultiPolygon","coordinates":[[[[112.6576,-7.2553],[112.6566,-7.255],[112.6556,-7.2549],[112.6544,-7.2547],[112.6553,-7.2541],[112.6563,-7.2546],[112.6573,-7.2548],[112.6576,-7.2553]]],[[[112.683,-7.2563],[112.6829,-7.2574],[112.6823,-7.2582],[112.6825,-7.2592],[112.6819,-7.2607],[112.682,-7.2618],[112.6817,-7.2629],[112.6818,-7.2641],[112.6821,-7.2652],[112.6831,-7.266],[112.6841,-7.2661],[112.6857,-7.2662],[112.686,-7.2672],[112.6858,-7.2683],[112.6857,-7.2694],[112.6856,-7.2706],[112.6855,-7.2716],[112.6855,-7.2726],[112.6854,-7.2736],[112.6847,-7.2744],[112.6843,-7.2754],[112.6842,-7.2766],[112.6832,-7.2758],[112.6821,-7.2761],[112.6812,-7.2769],[112.6804,-7.2759],[112.6795,-7.2748],[112.6788,-7.2735],[112.678,-7.2719],[112.677,-7.2718],[112.675,-7.2712],[112.6738,-7.2716],[112.6728,-7.2711],[112.6729,-7.2697],[112.6732,-7.2685],[112.6733,-7.2673],[112.6743,-7.2676],[112.6752,-7.2671],[112.6762,-7.2674],[112.6767,-7.2662],[112.6776,-7.2671],[112.6786,-7.2672],[112.6789,-7.2659],[112.6783,-7.2648],[112.6787,-7.2639],[112.6789,-7.2629],[112.6791,-7.2618],[112.68,-7.2614],[112.6797,-7.2604],[112.6798,-7.2593],[112.6804,-7.2585],[112.6807,-7.2575],[112.6812,-7.256],[112.6823,-7.256],[112.683,-7.2563]]]]}},{"type":"Feature","properties":{"level":"village","regency":"Sidoarjo","district":"Wonoayu","village":"Karangpuri"},"geometry":{"type":"MultiPolygon","coordinates":[[[[112.6393,-7.4025],[112.6392,-7.4037],[112.6399,-7.4045],[112.6398,-7.4056],[112.6408,-7.4058],[112.6406,-7.4069],[112.6403,-7.4081],[112.6394,-7.4086],[112.6381,-7.4084],[112.6367,-7.4082],[112.6354,-7.4083],[112.6357,-7.4098],[112.6358,-7.4108],[112.6352,-7.4118],[112.6352,-7.4132],[112.6349,-7.4142],[112.6351,-7.4154],[112.6353,-7.4164],[112.6333,-7.4152],[112.632,-7.415],[112.631,-7.414],[112.6299,-7.4135],[112.6295,-7.4125],[112.6296,-7.4111],[112.6287,-7.4105],[112.6277,-7.41],[112.6269,-7.4093],[112.6263,-7.4082],[112.6256,-7.4074],[112.6243,-7.4069],[112.6244,-7.4049],[112.6246,-7.4038],[112.6248,-7.4027],[112.626,-7.4022],[112.628,-7.4025],[112.6282,-7.4015],[112.6295,-7.4014],[112.6306,-7.4014],[112.6317,-7.4013],[112.6327,-7.4013],[112.6341,-7.4015],[112.6351,-7.4011],[112.6361,-7.4006],[112.6362,-7.4016],[112.6371,-7.4022],[112.6383,-7.4024],[112.6393,-7.4025]]]]}},{"type":"Feature","properties":{"level":"village","regency":"Sidoarjo","district":"Candi","village":"Karangtanjung"},"geometry":{"type":"MultiPolygon","coordinates":[[[[112.6882,-7.4798],[112.6894,-7.48],[112.6903,-7.4805],[112.6913,-7.4811],[112.6923,-7.482],[112.6932,-7.4824],[112.6942,-7.4826],[112.6954,-7.4827],[112.6965,-7.4832],[112.6973,-7.4839],[112.6983,-7.4843],[112.6993,-7.4843],[112.7003,-7.4846],[112.7006,-7.4867],[112.7002,-7.4881],[112.6998,-7.4896],[112.6994,-7.4909],[112.6988,-7.4927],[112.6978,-7.4927],[112.6967,-7.4925],[112.6948,-7.4921],[112.6947,-7.491],[112.6937,-7.4905],[112.6918,-7.4901],[112.691,-7.4895],[112.6913,-7.4884],[112.6912,-7.4874],[112.6901,-7.4867],[112.6895,-7.4858],[112.6887,-7.4851],[112.6878,-7.4856],[112.6867,-7.4845],[112.6858,-7.4839],[112.6848,-7.4837],[112.6841,-7.4829],[112.6839,-7.4818],[112.6828,-7.4813],[112.6828,-7.4797],[112.6826,-7.4786],[112.6835,-7.479],[112.6846,-7.4789],[112.6857,-7.4793],[112.6872,-7.4796],[112.6882,-7.4798]]]]}},{"type":"Feature","properties":{"level":"village","regency":"Sidoarjo","district":"Krian","village":"Katrungan"},"geometry":{"type":"MultiPolygon","coordinates":[[[[112.5825,-7.414],[112.5827,-7.4152],[112.5827,-7.4162],[112.583,-7.4173],[112.5835,-7.4185],[112.5837,-7.4195],[112.5842,-7.4207],[112.5841,-7.4217],[112.5843,-7.4202],[112.5854,-7.4204],[112.5871,-7.4207],[112.5885,-7.4212],[112.5897,-7.422],[112.5892,-7.4229],[112.5887,-7.424],[112.5877,-7.4244],[112.5865,-7.4241],[112.5857,-7.4231],[112.5847,-7.4222],[112.5837,-7.4229],[112.5825,-7.4227],[112.5819,-7.4216],[112.5801,-7.4207],[112.5791,-7.42],[112.5768,-7.4193],[112.5771,-7.4183],[112.5773,-7.4171],[112.5778,-7.4146],[112.5791,-7.4149],[112.5793,-7.4138],[112.5796,-7.4128],[112.5806,-7.4127],[112.5818,-7.4132],[112.5825,-7.414]]]]}},{"type":"Feature","properties":{"level":"village","regency":"Sidoarjo","district":"Porong","village":"Kebakalan"},"geometry":{"type":"MultiPolygon","coordinates":[[[[112.6762,-7.5294],[112.6753,-7.531],[112.6744,-7.5327],[112.6738,-7.5341],[112.6732,-7.5352],[112.6723,-7.5347],[112.6715,-7.5339],[112.6708,-7.5332],[112.67,-7.5325],[112.6693,-7.5317],[112.6685,-7.5308],[112.6677,-7.53],[112.667,-7.5292],[112.6663,-7.5285],[112.6666,-7.5275],[112.667,-7.5264],[112.6679,-7.5259],[112.669,-7.5255],[112.6703,-7.525],[112.6716,-7.5247],[112.6723,-7.5255],[112.6738,-7.5272],[112.6749,-7.5282],[112.6758,-7.529],[112.6762,-7.5294]]]]}},{"type":"Feature","properties":{"level":"village","regency":"Sidoarjo","district":"Tulangan","village":"Kebaron"},"geometry":{"type":"MultiPolygon","coordinates":[[[[112.64,-7.4858],[112.6389,-7.4884],[112.6377,-7.4913],[112.6367,-7.491],[112.6356,-7.4906],[112.6345,-7.4903],[112.6333,-7.4903],[112.6326,-7.4918],[112.632,-7.493],[112.6304,-7.4933],[112.6301,-7.4922],[112.6286,-7.4919],[112.6276,-7.4916],[112.626,-7.4912],[112.6234,-7.4904],[112.6222,-7.4901],[112.6202,-7.4896],[112.6208,-7.4853],[112.6238,-7.4848],[112.6271,-7.4825],[112.6291,-7.4797],[112.6302,-7.4795],[112.6335,-7.4806],[112.6373,-7.4819],[112.6368,-7.4829],[112.6376,-7.4836],[112.6386,-7.4845],[112.64,-7.4856],[112.64,-7.4858]]]]}},{"type":"Feature","properties":{"level":"village","regency":"Sidoarjo","district":"Gedangan","village":"Keboananom"},"geometry":{"type":"MultiPolygon","coordinates":[[[[112.7161,-7.3838],[112.7159,-7.3851],[112.7157,-7.3864],[112.7155,-7.3875],[112.7161,-7.3884],[112.7164,-7.3895],[112.7163,-7.3905],[112.7157,-7.3914],[112.7169,-7.3915],[112.7167,-7.3928],[112.7191,-7.3932],[112.7191,-7.3945],[112.7186,-7.3957],[112.7184,-7.3967],[112.7181,-7.3977],[112.7175,-7.3985],[112.7171,-7.3996],[112.7168,-7.4006],[112.7163,-7.4023],[112.716,-7.4033],[112.715,-7.4031],[112.7131,-7.4029],[112.7088,-7.402],[112.7077,-7.4018],[112.7074,-7.4006],[112.7079,-7.3997],[112.7091,-7.3998],[112.709,-7.3988],[112.7079,-7.3986],[112.7076,-7.3976],[112.7076,-7.3966],[112.7072,-7.3954],[112.7083,-7.3954],[112.7096,-7.3956],[112.7097,-7.3945],[112.7098,-7.3933],[112.7097,-7.3923],[112.7089,-7.3915],[112.707,-7.3913],[112.706,-7.3911],[112.7044,-7.3909],[112.7042,-7.3895],[112.7044,-7.3885],[112.7047,-7.3873],[112.7053,-7.3845],[112.708,-7.3844],[112.7094,-7.3846],[112.7103,-7.3837],[112.7113,-7.3835],[112.7123,-7.3832],[112.7138,-7.3834],[112.7157,-7.3837],[112.7161,-7.3838]]]]}},{"type":"Feature","properties":{"level":"village","regency":"Sidoarjo","district":"Gedangan","village":"Keboansikep"},"geometry":{"type":"MultiPolygon","coordinates":[[[[112.7194,-7.3823],[112.7205,-7.3824],[112.7216,-7.3824],[112.723,-7.3831],[112.7231,-7.3842],[112.7229,-7.3853],[112.724,-7.3855],[112.725,-7.3856],[112.7263,-7.3858],[112.7261,-7.3869],[112.7261,-7.3879],[112.7265,-7.3889],[112.7269,-7.39],[112.7268,-7.3917],[112.7267,-7.3928],[112.7266,-7.3939],[112.727,-7.3949],[112.7259,-7.3949],[112.7246,-7.3946],[112.7234,-7.3944],[112.7223,-7.3941],[112.7213,-7.3937],[112.7201,-7.3934],[112.7175,-7.3931],[112.7169,-7.3919],[112.7159,-7.3914],[112.7163,-7.3903],[112.7164,-7.3892],[112.7154,-7.3883],[112.7156,-7.3869],[112.7158,-7.3858],[112.716,-7.3846],[112.7162,-7.3834],[112.7163,-7.3821],[112.7174,-7.3823],[112.7186,-7.3824],[112.7194,-7.3823]]]]}},{"type":"Feature","properties":{"level":"village","regency":"Sidoarjo","district":"Jabon","village":"Keboguyang"},"geometry":{"type":"MultiPolygon","coordinates":[[[[112.7309,-7.532],[112.7319,-7.532],[112.7328,-7.5326],[112.7326,-7.5338],[112.7337,-7.5342],[112.7349,-7.5347],[112.7361,-7.5352],[112.7372,-7.5359],[112.7386,-7.5364],[112.7404,-7.5367],[112.7414,-7.537],[112.7418,-7.5382],[112.7417,-7.5392],[112.7415,-7.5402],[112.7412,-7.5413],[112.7398,-7.5422],[112.7385,-7.5423],[112.7374,-7.5424],[112.7361,-7.5425],[112.7346,-7.5427],[112.7333,-7.5429],[112.7322,-7.543],[112.7312,-7.5432],[112.7298,-7.5433],[112.7282,-7.5434],[112.7271,-7.5434],[112.7271,-7.542],[112.7273,-7.5394],[112.7279,-7.5372],[112.7283,-7.5362],[112.7272,-7.5357],[112.7277,-7.5347],[112.7287,-7.5349],[112.7294,-7.534],[112.73,-7.533],[112.7305,-7.5319],[112.7309,-7.532]]]]}},{"type":"Feature","properties":{"level":"village","regency":"Sidoarjo","district":"Krian","village":"Keboharan"},"geometry":{"type":"MultiPolygon","coordinates":[[[[112.6226,-7.3829],[112.6221,-7.3846],[112.6215,-7.3866],[112.621,-7.3884],[112.6208,-7.3894],[112.6204,-7.3907],[112.6202,-7.3917],[112.62,-7.3927],[112.6189,-7.3928],[112.6179,-7.3923],[112.6167,-7.3922],[112.6155,-7.3924],[112.6145,-7.3927],[112.6134,-7.3931],[112.6123,-7.3936],[112.6115,-7.3942],[112.6104,-7.3949],[112.6096,-7.3955],[112.609,-7.3964],[112.608,-7.3969],[112.6069,-7.3968],[112.6058,-7.3968],[112.6047,-7.3967],[112.6041,-7.3959],[112.603,-7.3955],[112.6033,-7.3937],[112.6036,-7.3917],[112.6043,-7.3907],[112.6055,-7.39],[112.607,-7.389],[112.6088,-7.3874],[112.6101,-7.3861],[112.6111,-7.3854],[112.612,-7.3849],[112.6131,-7.3844],[112.614,-7.3839],[112.615,-7.3835],[112.6162,-7.3831],[112.6173,-7.3827],[112.6183,-7.3823],[112.6193,-7.3824],[112.6226,-7.3829]]]]}},{"type":"Feature","properties":{"level":"village","regency":"Sidoarjo","district":"Porong","village":"Kebonagung"},"geometry":{"type":"MultiPolygon","coordinates":[[[[112.6943,-7.5461],[112.693,-7.547],[112.6919,-7.548],[112.6892,-7.5496],[112.6889,-7.551],[112.6872,-7.5513],[112.6863,-7.5509],[112.6864,-7.5496],[112.6848,-7.5495],[112.684,-7.5489],[112.6826,-7.5486],[112.6807,-7.5496],[112.6799,-7.5506],[112.6793,-7.5515],[112.6784,-7.552],[112.6775,-7.5525],[112.6759,-7.5558],[112.6749,-7.5573],[112.674,-7.5583],[112.6743,-7.5595],[112.6734,-7.5603],[112.6723,-7.5605],[112.6709,-7.5608],[112.6697,-7.5607],[112.6687,-7.5604],[112.6675,-7.56],[112.666,-7.5601],[112.6635,-7.5599],[112.6636,-7.5587],[112.6637,-7.5572],[112.6625,-7.5566],[112.6628,-7.5553],[112.6634,-7.5541],[112.664,-7.5531],[112.6653,-7.5519],[112.6666,-7.5498],[112.667,-7.5488],[112.6683,-7.5488],[112.6696,-7.5477],[112.6704,-7.5464],[112.671,-7.5453],[112.672,-7.5455],[112.673,-7.546],[112.6742,-7.5457],[112.6752,-7.5452],[112.6764,-7.5449],[112.6775,-7.5448],[112.6788,-7.5446],[112.6798,-7.5442],[112.6812,-7.5443],[112.6826,-7.5442],[112.6837,-7.5447],[112.6848,-7.5451],[112.6863,-7.5449],[112.6874,-7.5448],[112.6885,-7.545],[112.6896,-7.5449],[112.6906,-7.5448],[112.6917,-7.5452],[112.6936,-7.5451],[112.6943,-7.5461]]]]}},{"type":"Feature","properties":{"level":"village","regency":"Sidoarjo","district":"Sukodono","village":"Kebonagung"},"geometry":{"type":"MultiPolygon","coordinates":[[[[112.6741,-7.4132],[112.6753,-7.4139],[112.6762,-7.4146],[112.6772,-7.4149],[112.6782,-7.4153],[112.6793,-7.4157],[112.6803,-7.4161],[112.6814,-7.4165],[112.6827,-7.417],[112.6822,-7.4188],[112.6817,-7.4208],[112.681,-7.4219],[112.6799,-7.4218],[112.6791,-7.4223],[112.6776,-7.4221],[112.6766,-7.422],[112.6759,-7.4227],[112.6758,-7.4243],[112.6757,-7.4259],[112.6756,-7.427],[112.6745,-7.4269],[112.6735,-7.4266],[112.6722,-7.4263],[112.6721,-7.4251],[112.6713,-7.4242],[112.6699,-7.4236],[112.6687,-7.4233],[112.669,-7.4216],[112.6691,-7.4203],[112.6688,-7.4193],[112.6678,-7.4187],[112.6669,-7.4177],[112.6661,-7.4171],[112.6658,-7.416],[112.6656,-7.4148],[112.6666,-7.4149],[112.6678,-7.4126],[112.6688,-7.4125],[112.6698,-7.4125],[112.671,-7.4126],[112.672,-7.4123],[112.6729,-7.4129],[112.6741,-7.4132]]]]}},{"type":"Feature","properties":{"level":"village","regency":"Sidoarjo","district":"Candi","village":"Kebonsari"},"geometry":{"type":"MultiPolygon","coordinates":[[[[112.7189,-7.4781],[112.7186,-7.4793],[112.7181,-7.4808],[112.719,-7.4815],[112.7201,-7.4816],[112.7211,-7.4814],[112.7221,-7.4816],[112.7232,-7.4823],[112.7242,-7.4826],[112.7252,-7.4829],[112.7265,-7.4833],[112.7275,-7.4837],[112.7273,-7.4847],[112.7285,-7.4854],[112.7283,-7.4865],[112.7275,-7.4871],[112.7271,-7.4887],[112.7271,-7.4898],[112.7267,-7.4908],[112.7261,-7.4921],[112.7251,-7.4916],[112.724,-7.4913],[112.723,-7.4912],[112.7218,-7.4912],[112.7208,-7.4915],[112.7198,-7.4911],[112.7186,-7.4901],[112.7176,-7.4898],[112.7173,-7.4888],[112.7179,-7.4873],[112.7161,-7.4869],[112.7151,-7.4867],[112.7154,-7.4855],[112.7153,-7.4842],[112.7157,-7.483],[112.7155,-7.4818],[112.7149,-7.4809],[112.7148,-7.4798],[112.7157,-7.4793],[112.7164,-7.4783],[112.7174,-7.4778],[112.7184,-7.478],[112.7189,-7.4781]]]]}},{"type":"Feature","properties":{"level":"village","regency":"Surabaya","district":"Jambangan","village":"Kebonsari"},"geometry":{"type":"MultiPolygon","coordinates":[[[[112.7173,-7.3225],[112.7182,-7.3231],[112.7197,-7.3231],[112.7209,-7.3237],[112.7209,-7.325],[112.7201,-7.3259],[112.7192,-7.327],[112.7182,-7.3283],[112.7196,-7.3288],[112.7195,-7.3303],[112.7181,-7.331],[112.717,-7.3307],[112.7159,-7.3313],[112.7146,-7.3317],[112.7134,-7.3318],[112.7125,-7.3313],[112.7115,-7.331],[112.7103,-7.3307],[112.7093,-7.3302],[112.71,-7.3295],[112.7105,-7.3286],[112.7104,-7.3275],[112.7103,-7.3262],[112.7102,-7.3251],[112.7101,-7.3239],[112.7112,-7.3238],[112.7122,-7.324],[112.7133,-7.3243],[112.7145,-7.3248],[112.7155,-7.3246],[112.7165,-7.3239],[112.7167,-7.3225],[112.7173,-7.3225]]]]}},{"type":"Feature","properties":{"level":"village","regency":"Surabaya","district":"Karang Pilang","village":"Kebraon"},"geometry":{"type":"MultiPolygon","coordinates":[[[[112.6986,-7.3221],[112.6998,-7.3224],[112.7008,-7.323],[112.7019,-7.3232],[112.7022,-7.3245],[112.7021,-7.3262],[112.7032,-7.3268],[112.7044,-7.327],[112.7055,-7.3272],[112.7065,-7.3274],[112.7075,-7.3271],[112.7085,-7.3273],[112.7083,-7.3283],[112.7103,-7.329],[112.7093,-7.3302],[112.7085,-7.3309],[112.7078,-7.3316],[112.7072,-7.3324],[112.7067,-7.3333],[112.7061,-7.3342],[112.7055,-7.3351],[112.7048,-7.3359],[112.704,-7.3368],[112.7031,-7.3377],[112.7011,-7.3389],[112.6995,-7.3403],[112.6985,-7.34],[112.6982,-7.339],[112.6973,-7.3379],[112.6977,-7.3368],[112.6975,-7.3357],[112.6963,-7.3353],[112.6954,-7.3349],[112.6957,-7.3338],[112.6963,-7.332],[112.6963,-7.3307],[112.6952,-7.3304],[112.6953,-7.3294],[112.6949,-7.3284],[112.6954,-7.3264],[112.6925,-7.3254],[112.6926,-7.3243],[112.6913,-7.3241],[112.6903,-7.3243],[112.6906,-7.3231],[112.6915,-7.3225],[112.6928,-7.3226],[112.6938,-7.3228],[112.6953,-7.3232],[112.6969,-7.3236],[112.6979,-7.3225],[112.6986,-7.3221]]]]}},{"type":"Feature","properties":{"level":"village","regency":"Sidoarjo","district":"Tanggulangin","village":"Kedensari"},"geometry":{"type":"MultiPolygon","coordinates":[[[[112.6962,-7.4971],[112.6958,-7.4981],[112.695,-7.4987],[112.6938,-7.4998],[112.6926,-7.5001],[112.6916,-7.5012],[112.6912,-7.5021],[112.6923,-7.5029],[112.693,-7.5039],[112.6941,-7.5045],[112.6957,-7.5052],[112.6963,-7.506],[112.696,-7.5073],[112.6955,-7.5085],[112.6948,-7.5093],[112.6944,-7.5102],[112.6932,-7.5102],[112.6926,-7.5094],[112.6908,-7.5089],[112.6905,-7.5101],[112.6897,-7.5109],[112.689,-7.5102],[112.6879,-7.5104],[112.6868,-7.5104],[112.6859,-7.51],[112.6851,-7.5094],[112.6841,-7.5094],[112.6832,-7.5089],[112.6824,-7.5083],[112.6828,-7.5073],[112.6828,-7.506],[112.682,-7.5049],[112.6831,-7.5041],[112.6841,-7.5034],[112.6843,-7.5023],[112.6851,-7.5015],[112.6861,-7.5012],[112.6872,-7.4995],[112.6879,-7.4983],[112.6887,-7.4977],[112.6898,-7.4972],[112.6913,-7.4966],[112.6925,-7.4967],[112.6936,-7.4969],[112.6947,-7.4969],[112.6961,-7.4971],[112.6962,-7.4971]]]]}},{"type":"Feature","properties":{"level":"village","regency":"Sidoarjo","district":"Tarik","village":"Kedinding"},"geometry":{"type":"MultiPolygon","coordinates":[[[[112.551,-7.4325],[112.5511,-7.4344],[112.5513,-7.4364],[112.5526,-7.4367],[112.5545,-7.4371],[112.5557,-7.4374],[112.5571,-7.4374],[112.5571,-7.4387],[112.5567,-7.4397],[112.556,-7.4407],[112.5556,-7.442],[112.5553,-7.4433],[112.5552,-7.4446],[112.5548,-7.4455],[112.5538,-7.4456],[112.5529,-7.4449],[112.552,-7.4444],[112.551,-7.4441],[112.55,-7.4438],[112.5487,-7.4435],[112.5475,-7.4432],[112.5465,-7.443],[112.5454,-7.4429],[112.5442,-7.4424],[112.5425,-7.442],[112.5414,-7.4417],[112.5409,-7.4397],[112.5412,-7.4379],[112.5414,-7.4363],[112.5415,-7.4352],[112.5417,-7.4338],[112.5419,-7.432],[112.5422,-7.431],[112.5431,-7.4304],[112.5449,-7.431],[112.5448,-7.432],[112.5459,-7.432],[112.5469,-7.4322],[112.5479,-7.4325],[112.549,-7.4322],[112.5501,-7.4323],[112.551,-7.4325]]]]}},{"type":"Feature","properties":{"level":"village","regency":"Sidoarjo","district":"Tulangan","village":"Kedondong"},"geometry":{"type":"MultiPolygon","coordinates":[[[[112.678,-7.4738],[112.6785,-7.4747],[112.6792,-7.4756],[112.6803,-7.4764],[112.6811,-7.477],[112.6821,-7.4774],[112.6823,-7.4785],[112.6828,-7.4797],[112.6828,-7.481],[112.6838,-7.4816],[112.684,-7.4828],[112.683,-7.4836],[112.6828,-7.4849],[112.6823,-7.4858],[112.6809,-7.4848],[112.6799,-7.4851],[112.6791,-7.4841],[112.6781,-7.4833],[112.6771,-7.4828],[112.676,-7.4826],[112.6751,-7.4821],[112.6742,-7.4814],[112.6731,-7.4809],[112.672,-7.4804],[112.671,-7.4802],[112.6701,-7.4794],[112.6706,-7.4784],[112.671,-7.4772],[112.6712,-7.4758],[112.6715,-7.4737],[112.6715,-7.4727],[112.6725,-7.4726],[112.6733,-7.472],[112.6743,-7.4725],[112.6753,-7.4728],[112.6764,-7.4732],[112.6774,-7.4737],[112.678,-7.4738]]]]}},{"type":"Feature","properties":{"level":"village","regency":"Surabaya","district":"Rungkut","village":"Kedung Baruk"},"geometry":{"type":"MultiPolygon","coordinates":[[[[112.7727,-7.309],[112.7737,-7.3093],[112.7747,-7.3096],[112.7757,-7.3098],[112.7767,-7.3101],[112.7778,-7.3104],[112.7788,-7.3107],[112.7798,-7.3108],[112.7808,-7.3107],[112.7819,-7.3104],[112.7829,-7.3101],[112.7836,-7.3112],[112.7833,-7.3122],[112.7832,-7.3133],[112.7832,-7.3145],[112.7826,-7.3153],[112.782,-7.3162],[112.7815,-7.3171],[112.7812,-7.3181],[112.781,-7.3192],[112.781,-7.3203],[112.7809,-7.3214],[112.7797,-7.3222],[112.7786,-7.3221],[112.7776,-7.3224],[112.7765,-7.3224],[112.7752,-7.3223],[112.7742,-7.3223],[112.7729,-7.3224],[112.7726,-7.3212],[112.7727,-7.3194],[112.7727,-7.3177],[112.7727,-7.3166],[112.7731,-7.3156],[112.7715,-7.3148],[112.7715,-7.3136],[112.7715,-7.3125],[112.7715,-7.3115],[112.7708,-7.3108],[112.771,-7.3086],[112.7721,-7.3089],[112.7727,-7.309]]]]}},{"type":"Feature","properties":{"level":"village","regency":"Surabaya","district":"Bulak","village":"Kedung Cowek"},"geometry":{"type":"MultiPolygon","coordinates":[[[[112.7787,-7.2133],[112.779,-7.2121],[112.7793,-7.2111],[112.7798,-7.2099],[112.78,-7.2087],[112.7803,-7.2098],[112.7818,-7.2105],[112.7825,-7.213],[112.7835,-7.214],[112.7845,-7.2159],[112.7848,-7.2172],[112.7855,-7.218],[112.7864,-7.2187],[112.7874,-7.2193],[112.7875,-7.2205],[112.7878,-7.2218],[112.7881,-7.2231],[112.7884,-7.2242],[112.7887,-7.2256],[112.7877,-7.2258],[112.7867,-7.2261],[112.7866,-7.2245],[112.7869,-7.2234],[112.7856,-7.2232],[112.7846,-7.223],[112.7841,-7.2221],[112.7831,-7.2213],[112.7821,-7.221],[112.781,-7.2205],[112.7798,-7.2202],[112.7789,-7.2195],[112.7772,-7.2188],[112.7774,-7.2178],[112.7777,-7.2165],[112.778,-7.2155],[112.7783,-7.2145],[112.7787,-7.2134],[112.7787,-7.2133]]]]}},{"type":"Feature","properties":{"level":"village","regency":"Sidoarjo","district":"Candi","village":"Kedung Peluk"},"geometry":{"type":"MultiPolygon","coordinates":[[[[112.7927,-7.5184],[112.7916,-7.5177],[112.7904,-7.5176],[112.7893,-7.5182],[112.7885,-7.5189],[112.7874,-7.5186],[112.7865,-7.5179],[112.7864,-7.5167],[112.787,-7.5159],[112.787,-7.5148],[112.7865,-7.5139],[112.7857,-7.5128],[112.7845,-7.5123],[112.7836,-7.5118],[112.7823,-7.5111],[112.7812,-7.5111],[112.7817,-7.5101],[112.7812,-7.5089],[112.7812,-7.5077],[112.7815,-7.5067],[112.7804,-7.5066],[112.78,-7.5057],[112.7789,-7.5053],[112.7784,-7.5043],[112.7773,-7.504],[112.7763,-7.504],[112.7755,-7.5033],[112.7756,-7.5022],[112.7759,-7.5011],[112.7747,-7.5011],[112.7736,-7.5013],[112.7726,-7.5007],[112.7717,-7.5003],[112.7714,-7.5014],[112.771,-7.5024],[112.7698,-7.5024],[112.77,-7.5014],[112.7694,-7.5005],[112.7686,-7.4998],[112.7673,-7.4998],[112.7664,-7.4992],[112.7655,-7.4984],[112.7648,-7.4975],[112.7641,-7.4983],[112.7629,-7.499],[112.7624,-7.4981],[112.7617,-7.4973],[112.7605,-7.4972],[112.7596,-7.4965],[112.7587,-7.4957],[112.7577,-7.495],[112.7565,-7.4947],[112.7555,-7.4949],[112.7545,-7.4947],[112.7534,-7.494],[112.7526,-7.4955],[112.7525,-7.4965],[112.7476,-7.4957],[112.7471,-7.4947],[112.7481,-7.4945],[112.749,-7.4939],[112.7493,-7.4929],[112.7494,-7.4919],[112.7495,-7.4907],[112.7503,-7.49],[112.7513,-7.4897],[112.7521,-7.4891],[112.752,-7.4879],[112.7511,-7.4874],[112.7503,-7.4868],[112.7498,-7.4878],[112.7487,-7.4875],[112.7484,-7.4864],[112.7477,-7.4856],[112.7469,-7.4842],[112.748,-7.4836],[112.749,-7.4827],[112.7495,-7.4813],[112.7499,-7.4799],[112.7501,-7.4788],[112.7491,-7.4784],[112.7488,-7.4773],[112.7495,-7.476],[112.7486,-7.4755],[112.7485,-7.4737],[112.7498,-7.474],[112.7511,-7.4739],[112.752,-7.4745],[112.753,-7.4744],[112.7539,-7.475],[112.7551,-7.475],[112.7562,-7.4753],[112.7572,-7.4757],[112.7584,-7.4762],[112.7587,-7.4773],[112.7598,-7.4779],[112.7611,-7.4773],[112.7623,-7.4773],[112.7623,-7.4783],[112.7622,-7.4795],[112.7624,-7.4808],[112.7629,-7.4819],[112.7634,-7.4828],[112.7644,-7.4831],[112.7648,-7.4842],[112.7641,-7.485],[112.7649,-7.4858],[112.7655,-7.4867],[112.7664,-7.4873],[112.7674,-7.4876],[112.7685,-7.4876],[112.7693,-7.4883],[112.7692,-7.4893],[112.7703,-7.4895],[112.7711,-7.4903],[112.7716,-7.4914],[112.7727,-7.4916],[112.7737,-7.4911],[112.7736,-7.4899],[112.7731,-7.4889],[112.7729,-7.4877],[112.7724,-7.4866],[112.7724,-7.4855],[112.7733,-7.4848],[112.7744,-7.4845],[112.7756,-7.4845],[112.7764,-7.4851],[112.777,-7.486],[112.7781,-7.4861],[112.7791,-7.4859],[112.7799,-7.4851],[112.7804,-7.484],[112.7815,-7.484],[112.7826,-7.4843],[112.7834,-7.485],[112.7843,-7.4857],[112.7845,-7.4868],[112.7855,-7.4865],[112.7865,-7.4867],[112.7871,-7.4876],[112.7882,-7.4879],[112.7891,-7.4886],[112.7902,-7.4881],[112.7912,-7.4886],[112.7922,-7.4885],[112.7933,-7.4886],[112.7941,-7.4879],[112.7952,-7.4879],[112.7961,-7.4883],[112.7971,-7.4892],[112.7979,-7.4899],[112.7989,-7.4905],[112.7994,-7.4914],[112.8001,-7.4925],[112.8011,-7.493],[112.802,-7.4936],[112.8024,-7.4946],[112.8032,-7.4953],[112.8038,-7.4962],[112.8034,-7.4972],[112.8034,-7.4982],[112.8033,-7.4992],[112.8026,-7.5003],[112.8016,-7.5011],[112.8006,-7.5016],[112.7995,-7.5016],[112.7985,-7.5018],[112.7974,-7.5017],[112.7964,-7.5013],[112.7956,-7.5026],[112.7961,-7.5036],[112.7961,-7.5047],[112.7959,-7.5058],[112.7951,-7.5066],[112.7947,-7.508],[112.7944,-7.5094],[112.7937,-7.5104],[112.7945,-7.5113],[112.7944,-7.5125],[112.794,-7.5136],[112.7939,-7.5146],[112.7937,-7.5156],[112.7936,-7.5167],[112.7932,-7.518],[112.7927,-7.5184]]]]}},{"type":"Feature","properties":{"level":"village","regency":"Sidoarjo","district":"Balong Bendo","village":"Kedung Sukodani"},"geometry":{"type":"MultiPolygon","coordinates":[[[[112.4918,-7.4103],[112.492,-7.4114],[112.4922,-7.4124],[112.4925,-7.4134],[112.4939,-7.4132],[112.4957,-7.4128],[112.4968,-7.4126],[112.4975,-7.4116],[112.4988,-7.4111],[112.5003,-7.4105],[112.5009,-7.4134],[112.5012,-7.4144],[112.5011,-7.4154],[112.5,-7.4158],[112.4989,-7.416],[112.4978,-7.4165],[112.4968,-7.4164],[112.4956,-7.4168],[112.4948,-7.4175],[112.4935,-7.418],[112.4923,-7.4183],[112.4912,-7.4182],[112.4902,-7.4185],[112.4891,-7.4194],[112.4884,-7.4201],[112.487,-7.4212],[112.4863,-7.4203],[112.4859,-7.4179],[112.4858,-7.4169],[112.4841,-7.4165],[112.4836,-7.4154],[112.4832,-7.4143],[112.4832,-7.413],[112.483,-7.4119],[112.4831,-7.4109],[112.4842,-7.4098],[112.4851,-7.4092],[112.4863,-7.409],[112.4877,-7.4091],[112.4887,-7.4093],[112.4899,-7.4096],[112.4909,-7.41],[112.4918,-7.4103]]]]}},{"type":"Feature","properties":{"level":"village","regency":"Sidoarjo","district":"Tanggulangin","village":"Kedungbanteng"},"geometry":{"type":"MultiPolygon","coordinates":[[[[112.7438,-7.4975],[112.7449,-7.4977],[112.7459,-7.498],[112.7469,-7.4983],[112.7469,-7.4994],[112.7466,-7.5005],[112.7466,-7.5015],[112.7467,-7.5026],[112.7462,-7.5035],[112.7459,-7.5046],[112.7464,-7.5059],[112.7467,-7.5069],[112.7457,-7.5073],[112.7448,-7.5079],[112.7443,-7.5091],[112.7438,-7.5101],[112.7432,-7.511],[112.7426,-7.5123],[112.7422,-7.5133],[112.7412,-7.5127],[112.7412,-7.5109],[112.7409,-7.5097],[112.7399,-7.5091],[112.739,-7.5097],[112.7382,-7.5105],[112.7377,-7.5114],[112.7366,-7.5118],[112.7357,-7.5112],[112.7358,-7.51],[112.7361,-7.509],[112.7362,-7.5079],[112.7361,-7.5067],[112.7352,-7.5062],[112.735,-7.5051],[112.7355,-7.5042],[112.7367,-7.5041],[112.7366,-7.503],[112.7366,-7.5017],[112.7372,-7.4997],[112.7376,-7.4984],[112.7386,-7.4978],[112.7397,-7.4978],[112.7412,-7.4975],[112.7424,-7.4975],[112.7438,-7.4975]]]]}},{"type":"Feature","properties":{"level":"village","regency":"Sidoarjo","district":"Tanggulangin","village":"Kedungbendo"},"geometry":{"type":"MultiPolygon","coordinates":[[[[112.7176,-7.5145],[112.7188,-7.5148],[112.7202,-7.515],[112.7213,-7.5152],[112.7226,-7.5156],[112.7223,-7.5168],[112.7218,-7.5184],[112.7212,-7.5201],[112.7208,-7.5215],[112.7205,-7.5228],[112.7186,-7.5228],[112.7167,-7.5223],[112.7153,-7.522],[112.7144,-7.5225],[112.714,-7.5239],[112.7125,-7.5237],[112.7114,-7.5233],[112.7102,-7.5229],[112.7089,-7.5226],[112.708,-7.5219],[112.7069,-7.5221],[112.7072,-7.5209],[112.7076,-7.5194],[112.7083,-7.5187],[112.7085,-7.5177],[112.7087,-7.5162],[112.7091,-7.5147],[112.7096,-7.5134],[112.7104,-7.5127],[112.7111,-7.5118],[112.7121,-7.5119],[112.7132,-7.5117],[112.7141,-7.5122],[112.715,-7.5129],[112.7162,-7.5133],[112.7168,-7.5143],[112.7176,-7.5145]]]]}},{"type":"Feature","properties":{"level":"village","regency":"Sidoarjo","district":"Tarik","village":"Kedungbocok"},"geometry":{"type":"MultiPolygon","coordinates":[[[[112.498,-7.4505],[112.4977,-7.4519],[112.4974,-7.4529],[112.4972,-7.454],[112.497,-7.4552],[112.4987,-7.4556],[112.5001,-7.4559],[112.5012,-7.4566],[112.5025,-7.4573],[112.5042,-7.4578],[112.5057,-7.4581],[112.5063,-7.4592],[112.506,-7.4604],[112.5057,-7.4614],[112.5055,-7.4624],[112.5045,-7.4623],[112.503,-7.4623],[112.5017,-7.4623],[112.5006,-7.4621],[112.4988,-7.4619],[112.4973,-7.4616],[112.4957,-7.4612],[112.4944,-7.4608],[112.4929,-7.4606],[112.4915,-7.4604],[112.4898,-7.4602],[112.4886,-7.4599],[112.4873,-7.4593],[112.4855,-7.4582],[112.4848,-7.4574],[112.4834,-7.4564],[112.4796,-7.4536],[112.4803,-7.4518],[112.4808,-7.4505],[112.4812,-7.4491],[112.4826,-7.4492],[112.4835,-7.4482],[112.4847,-7.4481],[112.487,-7.4479],[112.4884,-7.4479],[112.4885,-7.4491],[112.4932,-7.4498],[112.4945,-7.4501],[112.4956,-7.4502],[112.4981,-7.4502],[112.498,-7.4505]]]]}},{"type":"Feature","properties":{"level":"village","regency":"Sidoarjo","district":"Porong","village":"Kedungboto"},"geometry":{"type":"MultiPolygon","coordinates":[[[[112.6714,-7.5097],[112.6724,-7.5098],[112.6735,-7.5097],[112.6743,-7.5105],[112.6756,-7.5107],[112.6762,-7.5117],[112.6768,-7.5129],[112.6764,-7.5144],[112.6773,-7.5151],[112.6776,-7.5162],[112.6779,-7.5172],[112.6787,-7.5178],[112.6787,-7.5189],[112.6779,-7.5196],[112.6766,-7.5203],[112.675,-7.5203],[112.674,-7.52],[112.6729,-7.5199],[112.6718,-7.5198],[112.6708,-7.5195],[112.6701,-7.5187],[112.669,-7.5179],[112.6679,-7.5174],[112.6668,-7.5167],[112.6654,-7.517],[112.6643,-7.5169],[112.6631,-7.5171],[112.6621,-7.5169],[112.6614,-7.5161],[112.6617,-7.5148],[112.6628,-7.5146],[112.6638,-7.5148],[112.665,-7.515],[112.666,-7.515],[112.6664,-7.5138],[112.6671,-7.5128],[112.6683,-7.5111],[112.669,-7.5103],[112.6696,-7.5093],[112.6704,-7.5087],[112.6712,-7.5095],[112.6714,-7.5097]]]]}},{"type":"Feature","properties":{"level":"village","regency":"Sidoarjo","district":"Jabon","village":"Kedungcangkring"},"geometry":{"type":"MultiPolygon","coordinates":[[[[112.725,-7.5435],[112.7246,-7.5448],[112.7243,-7.5462],[112.7233,-7.546],[112.7221,-7.546],[112.7211,-7.5459],[112.72,-7.5466],[112.7189,-7.547],[112.7183,-7.5481],[112.719,-7.5488],[112.718,-7.5505],[112.7181,-7.5516],[112.7191,-7.5524],[112.7185,-7.5545],[112.717,-7.5573],[112.716,-7.5579],[112.7138,-7.5579],[112.7127,-7.5581],[112.7119,-7.5574],[112.7113,-7.5565],[112.7109,-7.5554],[112.7105,-7.5543],[112.7103,-7.5531],[112.7101,-7.5515],[112.7101,-7.5502],[112.7101,-7.549],[112.7095,-7.5479],[112.7093,-7.5465],[112.7099,-7.5456],[112.7103,-7.5443],[112.7109,-7.5434],[112.7111,-7.5423],[112.7118,-7.5414],[112.7107,-7.5414],[112.7101,-7.5424],[112.7092,-7.5429],[112.7091,-7.5415],[112.7093,-7.5405],[112.7099,-7.5396],[112.7106,-7.5387],[112.7113,-7.5379],[112.712,-7.5369],[112.7131,-7.5359],[112.7139,-7.5352],[112.7151,-7.5358],[112.716,-7.5365],[112.7154,-7.5375],[112.7146,-7.5383],[112.7136,-7.5392],[112.7128,-7.5398],[112.7122,-7.5407],[112.7134,-7.5417],[112.7138,-7.543],[112.7152,-7.543],[112.7169,-7.5431],[112.7183,-7.5432],[112.7194,-7.5433],[112.721,-7.5433],[112.7223,-7.5434],[112.7234,-7.5435],[112.7245,-7.5435],[112.725,-7.5435]]]]}},{"type":"Feature","properties":{"level":"village","regency":"Surabaya","district":"Tegalsari","village":"Kedungdoro"},"geometry":{"type":"MultiPolygon","coordinates":[[[[112.7401,-7.2613],[112.7406,-7.2623],[112.741,-7.2636],[112.7411,-7.2648],[112.7403,-7.2656],[112.7391,-7.2658],[112.7377,-7.2657],[112.7364,-7.2664],[112.7355,-7.2675],[112.734,-7.2675],[112.7328,-7.2668],[112.7316,-7.2662],[112.7303,-7.2656],[112.7308,-7.2643],[112.7313,-7.263],[112.7318,-7.2618],[112.7322,-7.2608],[112.7326,-7.2598],[112.7332,-7.2584],[112.7342,-7.2588],[112.7353,-7.2593],[112.7362,-7.2598],[112.7372,-7.2602],[112.7385,-7.2608],[112.7397,-7.2613],[112.7401,-7.2613]]]]}},{"type":"Feature","properties":{"level":"village","regency":"Sidoarjo","district":"Prambon","village":"Kedungkembar"},"geometry":{"type":"MultiPolygon","coordinates":[[[[112.5956,-7.4556],[112.5964,-7.4564],[112.5974,-7.4567],[112.5987,-7.457],[112.5998,-7.4575],[112.6004,-7.4584],[112.6014,-7.4588],[112.6024,-7.459],[112.6037,-7.4588],[112.6041,-7.4599],[112.6046,-7.461],[112.6047,-7.4621],[112.6041,-7.463],[112.6037,-7.464],[112.6033,-7.4649],[112.603,-7.4662],[112.6029,-7.4672],[112.6023,-7.468],[112.6014,-7.4684],[112.6011,-7.4694],[112.6009,-7.4706],[112.5997,-7.4705],[112.598,-7.4704],[112.5982,-7.4694],[112.5975,-7.4687],[112.5965,-7.469],[112.5957,-7.4684],[112.5948,-7.469],[112.5936,-7.4688],[112.5925,-7.4685],[112.5914,-7.4682],[112.5917,-7.4672],[112.5916,-7.4659],[112.5917,-7.4645],[112.5916,-7.4635],[112.5906,-7.4631],[112.5898,-7.4624],[112.589,-7.4615],[112.5879,-7.4614],[112.5875,-7.4601],[112.5878,-7.4591],[112.5887,-7.4584],[112.5895,-7.4578],[112.5905,-7.4579],[112.5918,-7.4562],[112.5922,-7.4548],[112.5938,-7.4551],[112.5949,-7.4553],[112.5956,-7.4556]]]]}},{"type":"Feature","properties":{"level":"village","regency":"Sidoarjo","district":"Candi","village":"Kedungkendo"},"geometry":{"type":"MultiPolygon","coordinates":[[[[112.6911,-7.4704],[112.6924,-7.4711],[112.6932,-7.4717],[112.6942,-7.4713],[112.6957,-7.4719],[112.697,-7.4723],[112.698,-7.4724],[112.699,-7.4726],[112.7001,-7.4728],[112.7003,-7.4741],[112.7004,-7.4752],[112.7004,-7.4763],[112.7001,-7.4778],[112.7,-7.479],[112.6996,-7.4799],[112.6994,-7.4817],[112.6991,-7.4832],[112.6989,-7.4843],[112.6979,-7.4843],[112.697,-7.4837],[112.6962,-7.483],[112.6952,-7.4826],[112.6937,-7.4825],[112.6927,-7.4822],[112.6913,-7.4811],[112.6903,-7.4805],[112.6894,-7.48],[112.6882,-7.4798],[112.6891,-7.4759],[112.6898,-7.4747],[112.6903,-7.4738],[112.6906,-7.4727],[112.6911,-7.4704],[112.6911,-7.4704]]]]}},{"type":"Feature","properties":{"level":"village","regency":"Sidoarjo","district":"Jabon","village":"Kedungpandan"},"geometry":{"type":"MultiPolygon","coordinates":[[[[112.7749,-7.5679],[112.7754,-7.5696],[112.7752,-7.5721],[112.7741,-7.571],[112.7729,-7.5706],[112.7716,-7.5705],[112.7697,-7.5719],[112.7694,-7.5729],[112.7699,-7.574],[112.7683,-7.574],[112.7668,-7.5743],[112.7654,-7.5744],[112.7643,-7.5746],[112.7624,-7.5749],[112.7614,-7.5744],[112.7602,-7.5739],[112.7603,-7.5706],[112.7617,-7.5714],[112.7629,-7.5715],[112.7639,-7.5711],[112.7653,-7.5711],[112.7664,-7.5712],[112.7674,-7.5714],[112.7684,-7.5698],[112.7685,-7.5683],[112.7694,-7.5671],[112.7708,-7.5668],[112.7721,-7.5667],[112.7738,-7.5672],[112.7747,-7.5678],[112.7749,-7.5679]]]]}},{"type":"Feature","properties":{"level":"village","regency":"Sidoarjo","district":"Krembung","village":"Kedungrawan"},"geometry":{"type":"MultiPolygon","coordinates":[[[[112.6461,-7.5274],[112.6475,-7.5278],[112.6488,-7.5281],[112.65,-7.5285],[112.6511,-7.5287],[112.6526,-7.5291],[112.6533,-7.53],[112.6531,-7.5312],[112.6528,-7.5326],[112.6526,-7.5338],[112.6524,-7.5348],[112.6512,-7.5351],[112.6501,-7.5348],[112.6491,-7.5347],[112.6495,-7.5357],[112.6467,-7.5348],[112.6453,-7.5373],[112.6442,-7.5367],[112.6431,-7.5366],[112.6426,-7.5356],[112.6414,-7.535],[112.6405,-7.5345],[112.6395,-7.534],[112.6384,-7.5326],[112.6372,-7.5313],[112.6378,-7.5296],[112.6383,-7.5284],[112.6389,-7.5275],[112.6402,-7.5272],[112.6411,-7.5266],[112.6415,-7.5255],[112.6426,-7.5254],[112.6438,-7.5262],[112.6447,-7.5269],[112.6457,-7.5275],[112.6461,-7.5274]]]]}},{"type":"Feature","properties":{"level":"village","regency":"Sidoarjo","district":"Jabon","village":"Kedungrejo"},"geometry":{"type":"MultiPolygon","coordinates":[[[[112.7609,-7.5583],[112.7618,-7.5594],[112.7616,-7.5612],[112.7602,-7.5651],[112.7616,-7.5654],[112.7616,-7.5668],[112.7603,-7.5706],[112.7594,-7.5736],[112.7581,-7.5733],[112.7564,-7.5732],[112.755,-7.5742],[112.754,-7.5749],[112.7529,-7.5752],[112.75,-7.5733],[112.7488,-7.5725],[112.7477,-7.5719],[112.7462,-7.5718],[112.7445,-7.5724],[112.7434,-7.5728],[112.7422,-7.5731],[112.7411,-7.5732],[112.7398,-7.5733],[112.7383,-7.573],[112.7393,-7.5699],[112.7397,-7.5682],[112.7399,-7.5667],[112.7403,-7.5654],[112.7407,-7.5642],[112.7415,-7.5635],[112.7436,-7.5632],[112.7449,-7.5636],[112.7454,-7.5619],[112.7465,-7.5621],[112.747,-7.5597],[112.7496,-7.5604],[112.75,-7.5585],[112.7504,-7.5571],[112.7511,-7.558],[112.7521,-7.5574],[112.7531,-7.5573],[112.7527,-7.5583],[112.7537,-7.5584],[112.7547,-7.558],[112.7552,-7.559],[112.756,-7.5584],[112.756,-7.5574],[112.757,-7.5578],[112.7577,-7.5571],[112.7587,-7.5571],[112.7599,-7.5572],[112.7607,-7.5581],[112.7609,-7.5583]]]]}},{"type":"Feature","properties":{"level":"village","regency":"Sidoarjo","district":"Waru","village":"Kedungrejo"},"geometry":{"type":"MultiPolygon","coordinates":[[[[112.7374,-7.3513],[112.7369,-7.3532],[112.7376,-7.3543],[112.7377,-7.3553],[112.7366,-7.3558],[112.7354,-7.3559],[112.7342,-7.3557],[112.7331,-7.3559],[112.7316,-7.3557],[112.7304,-7.3555],[112.7293,-7.3553],[112.728,-7.3552],[112.7269,-7.355],[112.7258,-7.3545],[112.726,-7.3534],[112.7262,-7.3512],[112.7272,-7.3484],[112.7283,-7.3484],[112.7293,-7.3482],[112.7313,-7.3482],[112.7329,-7.3481],[112.7334,-7.3468],[112.7347,-7.3464],[112.7358,-7.3463],[112.7364,-7.3475],[112.7363,-7.3485],[112.7364,-7.3501],[112.7366,-7.3512],[112.7374,-7.3513]]]]}},{"type":"Feature","properties":{"level":"village","regency":"Sidoarjo","district":"Porong","village":"Kedungsolo"},"geometry":{"type":"MultiPolygon","coordinates":[[[[112.6732,-7.5352],[112.6743,-7.5354],[112.6769,-7.536],[112.6781,-7.5363],[112.6789,-7.537],[112.679,-7.538],[112.6786,-7.539],[112.6793,-7.5398],[112.6795,-7.5417],[112.6793,-7.543],[112.679,-7.5442],[112.6783,-7.5449],[112.6773,-7.5447],[112.6761,-7.5449],[112.6749,-7.5454],[112.6739,-7.5458],[112.6728,-7.5459],[112.6718,-7.5455],[112.671,-7.5448],[112.6703,-7.5439],[112.6693,-7.5433],[112.6683,-7.5435],[112.6673,-7.5438],[112.6679,-7.5423],[112.6687,-7.5411],[112.6693,-7.5402],[112.6702,-7.5389],[112.6709,-7.5381],[112.6715,-7.5372],[112.6728,-7.5352],[112.6732,-7.5352]]]]}},{"type":"Feature","properties":{"level":"village","regency":"Sidoarjo","district":"Prambon","village":"Kedungsugo"},"geometry":{"type":"MultiPolygon","coordinates":[[[[112.588,-7.4584],[112.5876,-7.4598],[112.5872,-7.4608],[112.5882,-7.4614],[112.5894,-7.4615],[112.5899,-7.4624],[112.5907,-7.4631],[112.5916,-7.4636],[112.5916,-7.4649],[112.5916,-7.4659],[112.5917,-7.4671],[112.591,-7.4679],[112.5912,-7.4692],[112.591,-7.4703],[112.5907,-7.4719],[112.5905,-7.4729],[112.5902,-7.474],[112.5892,-7.4739],[112.588,-7.4734],[112.5871,-7.4741],[112.5872,-7.4751],[112.5871,-7.4765],[112.5858,-7.476],[112.5845,-7.4755],[112.5836,-7.4751],[112.5823,-7.4747],[112.5809,-7.4742],[112.5792,-7.4739],[112.5792,-7.4725],[112.5796,-7.4715],[112.58,-7.4705],[112.5764,-7.4694],[112.5757,-7.4714],[112.5753,-7.4728],[112.5734,-7.4725],[112.5743,-7.4694],[112.5746,-7.4683],[112.5749,-7.4673],[112.5754,-7.4664],[112.5763,-7.4652],[112.5767,-7.4632],[112.5779,-7.4627],[112.5788,-7.4619],[112.5789,-7.4609],[112.5789,-7.4597],[112.5789,-7.4582],[112.581,-7.4584],[112.582,-7.4585],[112.583,-7.4582],[112.5841,-7.4579],[112.585,-7.4572],[112.5862,-7.4574],[112.5871,-7.4581],[112.588,-7.4584]]]]}},{"type":"Feature","properties":{"level":"village","regency":"Sidoarjo","district":"Krembung","village":"Kedungsumur"},"geometry":{"type":"MultiPolygon","coordinates":[[[[112.6619,-7.5302],[112.6616,-7.5317],[112.6613,-7.5329],[112.661,-7.5343],[112.6607,-7.5354],[112.6605,-7.5364],[112.6602,-7.5375],[112.6598,-7.5389],[112.6588,-7.5384],[112.6578,-7.5381],[112.6567,-7.5389],[112.656,-7.5398],[112.655,-7.5398],[112.6541,-7.539],[112.6531,-7.5382],[112.6517,-7.5378],[112.6505,-7.5374],[112.6494,-7.5373],[112.6484,-7.5367],[112.6474,-7.5367],[112.6465,-7.5374],[112.6453,-7.5373],[112.6467,-7.5348],[112.6495,-7.536],[112.6489,-7.5349],[112.6499,-7.5347],[112.651,-7.535],[112.6521,-7.5351],[112.6525,-7.5342],[112.6527,-7.533],[112.6531,-7.5312],[112.6533,-7.53],[112.6583,-7.5309],[112.6589,-7.529],[112.6605,-7.5289],[112.6619,-7.5301],[112.6619,-7.5302]]]]}},{"type":"Feature","properties":{"level":"village","regency":"Sidoarjo","district":"Taman","village":"Kedungturi"},"geometry":{"type":"MultiPolygon","coordinates":[[[[112.7099,-7.3502],[112.7098,-7.3513],[112.7096,-7.3523],[112.7092,-7.3539],[112.7098,-7.356],[112.71,-7.357],[112.7101,-7.358],[112.7095,-7.3589],[112.709,-7.3598],[112.7085,-7.3608],[112.7071,-7.3609],[112.7048,-7.3611],[112.7036,-7.3612],[112.7034,-7.3623],[112.7031,-7.3635],[112.7025,-7.365],[112.702,-7.3663],[112.703,-7.3668],[112.7027,-7.3678],[112.7015,-7.3686],[112.7005,-7.3693],[112.6995,-7.3698],[112.6982,-7.3703],[112.6979,-7.3691],[112.6979,-7.368],[112.698,-7.3668],[112.698,-7.3657],[112.6973,-7.3647],[112.6966,-7.3638],[112.6963,-7.3627],[112.6979,-7.3623],[112.6974,-7.361],[112.6971,-7.3598],[112.6971,-7.3586],[112.697,-7.3575],[112.6982,-7.3571],[112.6995,-7.357],[112.7003,-7.3559],[112.7011,-7.3553],[112.7023,-7.3549],[112.7033,-7.355],[112.7038,-7.3542],[112.7042,-7.3532],[112.7044,-7.3521],[112.7042,-7.351],[112.704,-7.3496],[112.705,-7.349],[112.7063,-7.3494],[112.7072,-7.3498],[112.7083,-7.3498],[112.7097,-7.3502],[112.7099,-7.3502]]]]}},{"type":"Feature","properties":{"level":"village","regency":"Sidoarjo","district":"Prambon","village":"Kedungwonokerto"},"geometry":{"type":"MultiPolygon","coordinates":[[[[112.565,-7.4521],[112.566,-7.4524],[112.567,-7.453],[112.5677,-7.4538],[112.5688,-7.4536],[112.5698,-7.4538],[112.5697,-7.4555],[112.5688,-7.456],[112.5685,-7.4569],[112.5699,-7.4574],[112.571,-7.4577],[112.5722,-7.4567],[112.5739,-7.4572],[112.5743,-7.4561],[112.5752,-7.4556],[112.5765,-7.4558],[112.5776,-7.4561],[112.5786,-7.4569],[112.5789,-7.4579],[112.5789,-7.4596],[112.5789,-7.4607],[112.5789,-7.4617],[112.5785,-7.4627],[112.5772,-7.4626],[112.5764,-7.4645],[112.5762,-7.4659],[112.5752,-7.4664],[112.5742,-7.4663],[112.5732,-7.4665],[112.5723,-7.4659],[112.5713,-7.4659],[112.5705,-7.4653],[112.5698,-7.4645],[112.5691,-7.4637],[112.5685,-7.4628],[112.5675,-7.463],[112.5664,-7.4631],[112.5652,-7.4639],[112.564,-7.464],[112.563,-7.4637],[112.5619,-7.4635],[112.5608,-7.4632],[112.5598,-7.4629],[112.5602,-7.4613],[112.5606,-7.4599],[112.561,-7.4587],[112.561,-7.4575],[112.5609,-7.4565],[112.5612,-7.4555],[112.5615,-7.4544],[112.562,-7.4532],[112.5631,-7.4527],[112.5641,-7.4523],[112.565,-7.4521]]]]}},{"type":"Feature","properties":{"level":"village","regency":"Surabaya","district":"Karang Pilang","village":"Kedurus"},"geometry":{"type":"MultiPolygon","coordinates":[[[[112.7113,-7.3135],[112.7113,-7.3148],[112.7113,-7.3159],[112.7112,-7.3173],[112.7111,-7.3189],[112.7107,-7.3201],[112.7104,-7.3214],[112.7102,-7.3227],[112.7101,-7.3239],[112.7102,-7.3251],[112.7103,-7.3262],[112.7104,-7.3273],[112.7105,-7.3286],[112.7083,-7.3283],[112.7077,-7.3271],[112.7067,-7.327],[112.7055,-7.3272],[112.7044,-7.327],[112.7034,-7.3268],[112.7021,-7.3266],[112.7022,-7.3253],[112.7023,-7.3232],[112.7008,-7.323],[112.7,-7.3224],[112.6989,-7.3222],[112.6988,-7.321],[112.699,-7.3197],[112.6995,-7.3188],[112.7001,-7.3179],[112.7007,-7.317],[112.7012,-7.3161],[112.7023,-7.3153],[112.7032,-7.3146],[112.7038,-7.3138],[112.7048,-7.3131],[112.7059,-7.3129],[112.7071,-7.3128],[112.7085,-7.3128],[112.7096,-7.3128],[112.7113,-7.3128],[112.7113,-7.3135]]]]}},{"type":"Feature","properties":{"level":"village","regency":"Surabaya","district":"Mulyorejo","village":"Kejawen Putih Tambak"},"geometry":{"type":"MultiPolygon","coordinates":[[[[112.8372,-7.2673],[112.8353,-7.2675],[112.8317,-7.2683],[112.8308,-7.2689],[112.8279,-7.2695],[112.826,-7.2699],[112.8226,-7.2712],[112.8188,-7.272],[112.8167,-7.2735],[112.8155,-7.2754],[112.8149,-7.2763],[112.8138,-7.2775],[112.8131,-7.2784],[112.8126,-7.2793],[112.8122,-7.2803],[112.8115,-7.2811],[112.8106,-7.2816],[112.8097,-7.282],[112.8086,-7.2825],[112.8078,-7.2831],[112.8069,-7.2838],[112.8057,-7.2845],[112.8046,-7.2848],[112.8036,-7.2851],[112.8026,-7.2849],[112.8015,-7.2845],[112.8008,-7.2837],[112.8012,-7.2827],[112.8012,-7.2807],[112.8008,-7.2797],[112.8005,-7.2787],[112.8001,-7.2772],[112.7994,-7.2745],[112.7982,-7.2744],[112.7969,-7.2747],[112.7957,-7.275],[112.7939,-7.2754],[112.7928,-7.2756],[112.7904,-7.2761],[112.7917,-7.2753],[112.7932,-7.275],[112.7947,-7.2747],[112.7962,-7.2744],[112.7975,-7.2741],[112.7987,-7.2742],[112.8005,-7.2742],[112.8016,-7.2742],[112.8026,-7.2742],[112.8036,-7.2742],[112.8054,-7.274],[112.8066,-7.2739],[112.8088,-7.2736],[112.8099,-7.2734],[112.8109,-7.2729],[112.8118,-7.2719],[112.8128,-7.2711],[112.8145,-7.2702],[112.8154,-7.2697],[112.8207,-7.2672],[112.8252,-7.2648],[112.8281,-7.2633],[112.8292,-7.2629],[112.8308,-7.2621],[112.8317,-7.2609],[112.8316,-7.2594],[112.8325,-7.2587],[112.8334,-7.2592],[112.8346,-7.2601],[112.8352,-7.261],[112.8359,-7.2625],[112.8362,-7.2646],[112.8363,-7.2661],[112.8372,-7.2673]]]]}},{"type":"Feature","properties":{"level":"village","regency":"Sidoarjo","district":"Sukodono","village":"Keloposepuluh"},"geometry":{"type":"MultiPolygon","coordinates":[[[[112.6908,-7.3932],[112.6914,-7.3943],[112.6924,-7.3946],[112.6924,-7.396],[112.6929,-7.3969],[112.694,-7.3968],[112.6956,-7.3966],[112.697,-7.3972],[112.6984,-7.397],[112.6997,-7.3974],[112.7007,-7.3979],[112.7017,-7.3983],[112.7015,-7.3993],[112.7016,-7.4005],[112.7011,-7.4017],[112.7007,-7.403],[112.7002,-7.4039],[112.7,-7.4051],[112.6979,-7.405],[112.6962,-7.4045],[112.6951,-7.4041],[112.6941,-7.4039],[112.6931,-7.4036],[112.6917,-7.4033],[112.69,-7.4029],[112.6899,-7.4041],[112.6882,-7.4037],[112.6871,-7.4032],[112.6865,-7.4021],[112.6852,-7.4021],[112.6834,-7.4021],[112.6822,-7.402],[112.6809,-7.402],[112.6806,-7.4009],[112.6808,-7.3994],[112.6809,-7.398],[112.6806,-7.3969],[112.6795,-7.396],[112.6801,-7.3952],[112.6806,-7.3943],[112.6809,-7.3932],[112.682,-7.3928],[112.683,-7.3887],[112.6841,-7.3884],[112.6852,-7.3886],[112.6863,-7.3891],[112.6874,-7.3898],[112.6882,-7.3905],[112.6891,-7.3912],[112.6899,-7.3923],[112.6907,-7.393],[112.6908,-7.3932]]]]}},{"type":"Feature","properties":{"level":"village","regency":"Sidoarjo","district":"Balong Bendo","village":"Kemangsen"},"geometry":{"type":"MultiPolygon","coordinates":[[[[112.5751,-7.4088],[112.5754,-7.41],[112.5745,-7.4106],[112.5744,-7.4117],[112.5744,-7.4129],[112.5744,-7.4176],[112.5761,-7.4182],[112.5768,-7.419],[112.5764,-7.4202],[112.5761,-7.4213],[112.5757,-7.4224],[112.5746,-7.4225],[112.5726,-7.4223],[112.5714,-7.4222],[112.5703,-7.4216],[112.5693,-7.4213],[112.568,-7.4212],[112.5667,-7.4211],[112.566,-7.4221],[112.5643,-7.4217],[112.563,-7.4224],[112.5616,-7.4224],[112.5611,-7.4236],[112.5599,-7.4234],[112.56,-7.4209],[112.5596,-7.419],[112.5589,-7.4179],[112.5588,-7.4166],[112.5587,-7.4154],[112.5586,-7.4135],[112.5596,-7.4129],[112.561,-7.4123],[112.5607,-7.4113],[112.5609,-7.4102],[112.562,-7.41],[112.5631,-7.4099],[112.5643,-7.4096],[112.5654,-7.4094],[112.5666,-7.4096],[112.568,-7.4097],[112.5692,-7.4094],[112.5702,-7.409],[112.5714,-7.4089],[112.5725,-7.4092],[112.5734,-7.4088],[112.5743,-7.4092],[112.5751,-7.4088]]]]}},{"type":"Feature","properties":{"level":"village","regency":"Sidoarjo","district":"Tulangan","village":"Kemantren"},"geometry":{"type":"MultiPolygon","coordinates":[[[[112.6483,-7.4646],[112.6495,-7.4646],[112.6511,-7.4646],[112.6521,-7.465],[112.6533,-7.4651],[112.6544,-7.4655],[112.6555,-7.4663],[112.6577,-7.4679],[112.6579,-7.4689],[112.6572,-7.4697],[112.6561,-7.4699],[112.6551,-7.4702],[112.6539,-7.4701],[112.6531,-7.4707],[112.6523,-7.4716],[112.6512,-7.4722],[112.6501,-7.4723],[112.6491,-7.4722],[112.6491,-7.4734],[112.649,-7.4749],[112.6479,-7.4751],[112.6466,-7.4748],[112.6455,-7.474],[112.6451,-7.4729],[112.6438,-7.4726],[112.6431,-7.4718],[112.6431,-7.4706],[112.6426,-7.4696],[112.6418,-7.4688],[112.6409,-7.4683],[112.64,-7.4679],[112.639,-7.4679],[112.6381,-7.4674],[112.6373,-7.4665],[112.6364,-7.4658],[112.636,-7.4668],[112.6351,-7.466],[112.6353,-7.4643],[112.635,-7.463],[112.6361,-7.4626],[112.6378,-7.4632],[112.6388,-7.4634],[112.64,-7.4638],[112.641,-7.4641],[112.6425,-7.465],[112.6439,-7.4658],[112.6453,-7.4663],[112.6476,-7.4654],[112.6483,-7.4646],[112.6483,-7.4646]]]]}},{"type":"Feature","properties":{"level":"village","regency":"Sidoarjo","district":"Krian","village":"Kemasan"},"geometry":{"type":"MultiPolygon","coordinates":[[[[112.5937,-7.3977],[112.5945,-7.3983],[112.5957,-7.3982],[112.5968,-7.3988],[112.5972,-7.4],[112.5975,-7.401],[112.5976,-7.4025],[112.5976,-7.4036],[112.5972,-7.4061],[112.597,-7.4072],[112.5959,-7.4073],[112.5936,-7.4075],[112.5923,-7.4077],[112.5897,-7.408],[112.5889,-7.4072],[112.5892,-7.4055],[112.5884,-7.4048],[112.5881,-7.4038],[112.5876,-7.4028],[112.5864,-7.4025],[112.5863,-7.4013],[112.587,-7.4004],[112.5875,-7.3994],[112.5885,-7.3987],[112.5895,-7.3982],[112.5905,-7.3983],[112.5915,-7.3985],[112.5922,-7.3977],[112.5933,-7.3976],[112.5937,-7.3977]]]]}},{"type":"Feature","properties":{"level":"village","regency":"Surabaya","district":"Krembangan","village":"Kemayoran"},"geometry":{"type":"MultiPolygon","coordinates":[[[[112.7307,-7.2344],[112.7308,-7.2355],[112.7309,-7.2368],[112.7311,-7.2381],[112.7314,-7.2392],[112.7321,-7.2407],[112.7319,-7.2418],[112.7306,-7.2418],[112.7296,-7.2421],[112.7288,-7.2429],[112.7279,-7.2424],[112.7272,-7.2416],[112.7267,-7.2407],[112.7263,-7.2395],[112.7264,-7.2384],[112.7255,-7.2375],[112.7258,-7.2362],[112.7261,-7.2352],[112.7264,-7.2341],[112.7274,-7.2328],[112.7285,-7.2324],[112.7292,-7.2332],[112.73,-7.2339],[112.7307,-7.2344]]]]}},{"type":"Feature","properties":{"level":"village","regency":"Sidoarjo","district":"Sidoarjo","village":"Kemiri"},"geometry":{"type":"MultiPolygon","coordinates":[[[[112.7493,-7.4398],[112.7499,-7.4407],[112.7504,-7.4416],[112.7518,-7.4418],[112.7532,-7.4423],[112.7543,-7.4426],[112.7554,-7.4432],[112.7569,-7.4431],[112.7578,-7.4426],[112.7591,-7.4425],[112.7599,-7.4432],[112.7605,-7.4441],[112.7613,-7.4447],[112.7623,-7.4449],[112.7633,-7.4451],[112.7643,-7.4456],[112.7652,-7.446],[112.766,-7.4466],[112.7659,-7.4476],[112.7652,-7.4484],[112.7647,-7.4493],[112.7643,-7.4503],[112.7639,-7.4513],[112.7633,-7.4521],[112.7625,-7.4527],[112.7615,-7.4531],[112.7603,-7.4532],[112.7588,-7.4524],[112.7588,-7.4506],[112.7586,-7.4496],[112.7584,-7.4485],[112.7585,-7.4473],[112.7584,-7.4462],[112.7574,-7.4459],[112.7564,-7.4462],[112.7554,-7.4475],[112.7545,-7.4486],[112.7539,-7.4494],[112.7527,-7.4485],[112.7519,-7.4476],[112.7499,-7.447],[112.7495,-7.4481],[112.7481,-7.4488],[112.747,-7.4481],[112.7474,-7.4471],[112.7476,-7.4461],[112.7466,-7.4454],[112.7455,-7.4452],[112.7442,-7.4457],[112.7428,-7.4458],[112.7414,-7.4457],[112.7402,-7.4458],[112.7391,-7.4456],[112.7379,-7.4451],[112.7369,-7.4449],[112.7363,-7.4438],[112.7355,-7.4449],[112.7347,-7.4459],[112.7319,-7.4449],[112.7303,-7.4449],[112.7271,-7.4442],[112.7273,-7.442],[112.7274,-7.441],[112.7266,-7.4398],[112.726,-7.4389],[112.7273,-7.4343],[112.7287,-7.4348],[112.7298,-7.4352],[112.7309,-7.4355],[112.7319,-7.436],[112.7326,-7.4367],[112.7337,-7.4371],[112.735,-7.4371],[112.7366,-7.438],[112.7376,-7.4377],[112.7394,-7.4384],[112.7405,-7.4388],[112.7415,-7.4394],[112.7424,-7.4402],[112.7434,-7.4403],[112.7449,-7.4403],[112.7459,-7.441],[112.7468,-7.4418],[112.7478,-7.4421],[112.7479,-7.441],[112.7487,-7.4399],[112.7493,-7.4398]]]]}},{"type":"Feature","properties":{"level":"village","regency":"Sidoarjo","district":"Tarik","village":"Kemuning"},"geometry":{"type":"MultiPolygon","coordinates":[[[[112.5227,-7.4393],[112.5244,-7.4394],[112.5256,-7.4392],[112.5272,-7.4392],[112.5287,-7.4392],[112.5298,-7.4391],[112.5312,-7.439],[112.5322,-7.4387],[112.5333,-7.4385],[112.5342,-7.439],[112.534,-7.4403],[112.5337,-7.4421],[112.5327,-7.4426],[112.5316,-7.4424],[112.5305,-7.4431],[112.5303,-7.4452],[112.5296,-7.4518],[112.5287,-7.4513],[112.5276,-7.4525],[112.526,-7.4526],[112.5243,-7.4522],[112.5231,-7.452],[112.521,-7.4515],[112.5198,-7.4512],[112.5202,-7.4502],[112.5209,-7.4483],[112.5203,-7.4473],[112.5191,-7.4472],[112.518,-7.4472],[112.5169,-7.4471],[112.5158,-7.4471],[112.5147,-7.447],[112.5137,-7.447],[112.5123,-7.4467],[112.511,-7.4465],[112.5094,-7.4462],[112.5093,-7.4433],[112.5096,-7.4421],[112.5099,-7.4408],[112.5101,-7.4397],[112.5112,-7.4391],[112.5132,-7.439],[112.5142,-7.4389],[112.5153,-7.4389],[112.5164,-7.4389],[112.5175,-7.4381],[112.5192,-7.438],[112.5209,-7.4383],[112.5211,-7.4393],[112.5221,-7.4395],[112.5227,-7.4393]]]]}},{"type":"Feature","properties":{"level":"village","regency":"Sidoarjo","district":"Candi","village":"Kendalpecabean"},"geometry":{"type":"MultiPolygon","coordinates":[[[[112.7472,-7.4946],[112.7475,-7.4956],[112.748,-7.4965],[112.7479,-7.4978],[112.747,-7.4983],[112.746,-7.498],[112.7449,-7.4977],[112.7438,-7.4975],[112.7426,-7.4975],[112.7414,-7.4975],[112.7403,-7.4977],[112.7386,-7.4978],[112.7376,-7.4976],[112.7368,-7.497],[112.7359,-7.4962],[112.7348,-7.4955],[112.734,-7.4949],[112.7339,-7.4939],[112.7332,-7.4932],[112.7332,-7.4922],[112.733,-7.4911],[112.7334,-7.4902],[112.7321,-7.4896],[112.7325,-7.4884],[112.7331,-7.4866],[112.7341,-7.4869],[112.7351,-7.4875],[112.736,-7.487],[112.7354,-7.4881],[112.7363,-7.4885],[112.7378,-7.4889],[112.7388,-7.4895],[112.7383,-7.4911],[112.738,-7.4921],[112.7376,-7.4933],[112.7387,-7.4935],[112.7396,-7.4931],[112.7403,-7.4911],[112.7395,-7.4904],[112.741,-7.4901],[112.7418,-7.4888],[112.7421,-7.4875],[112.7435,-7.4871],[112.7446,-7.4871],[112.7455,-7.4875],[112.7459,-7.4886],[112.7457,-7.4896],[112.7448,-7.4901],[112.7444,-7.4912],[112.7454,-7.4917],[112.745,-7.4927],[112.7454,-7.4938],[112.7472,-7.4946]]]]}},{"type":"Feature","properties":{"level":"village","regency":"Sidoarjo","district":"Tarik","village":"Kendalsewu"},"geometry":{"type":"MultiPolygon","coordinates":[[[[112.5387,-7.4546],[112.54,-7.4551],[112.5414,-7.4555],[112.5425,-7.4558],[112.5436,-7.4561],[112.5446,-7.4564],[112.5451,-7.4574],[112.5448,-7.4584],[112.5446,-7.4596],[112.5439,-7.4605],[112.5436,-7.4617],[112.5439,-7.4627],[112.545,-7.4634],[112.5451,-7.4645],[112.544,-7.4644],[112.5429,-7.4645],[112.5427,-7.4657],[112.5421,-7.4667],[112.5409,-7.4666],[112.5399,-7.4667],[112.539,-7.4662],[112.5382,-7.467],[112.5373,-7.4664],[112.5375,-7.4652],[112.536,-7.4647],[112.5355,-7.4637],[112.5359,-7.4614],[112.536,-7.4603],[112.5364,-7.4594],[112.5375,-7.4593],[112.5385,-7.4598],[112.5383,-7.4587],[112.5381,-7.4576],[112.5383,-7.4566],[112.5385,-7.4555],[112.5387,-7.4546]]]]}},{"type":"Feature","properties":{"level":"village","regency":"Surabaya","district":"Tenggilis Mejoyo","village":"Kendangsari"},"geometry":{"type":"MultiPolygon","coordinates":[[[[112.7484,-7.3174],[112.7496,-7.3177],[112.7507,-7.3179],[112.7524,-7.3185],[112.7539,-7.3184],[112.7538,-7.3194],[112.7535,-7.3204],[112.7531,-7.3213],[112.7535,-7.3223],[112.754,-7.3232],[112.7534,-7.3246],[112.7527,-7.3255],[112.7547,-7.3256],[112.7574,-7.3259],[112.7589,-7.326],[112.7592,-7.3271],[112.7587,-7.328],[112.7579,-7.3295],[112.757,-7.3303],[112.7559,-7.3302],[112.7542,-7.3301],[112.7529,-7.3298],[112.7517,-7.3297],[112.7503,-7.3295],[112.7493,-7.3294],[112.7482,-7.3294],[112.7472,-7.3295],[112.746,-7.3295],[112.7446,-7.3294],[112.7437,-7.3288],[112.7436,-7.3273],[112.7437,-7.3263],[112.7438,-7.3248],[112.7437,-7.3236],[112.744,-7.3226],[112.7451,-7.3228],[112.7466,-7.323],[112.7469,-7.3219],[112.7463,-7.3209],[112.7472,-7.3204],[112.7481,-7.3198],[112.7475,-7.319],[112.7479,-7.3177],[112.7484,-7.3174]]]]}},{"type":"Feature","properties":{"level":"village","regency":"Surabaya","district":"Bulak","village":"Kenjeran"},"geometry":{"type":"MultiPolygon","coordinates":[[[[112.7926,-7.2512],[112.7914,-7.2512],[112.7926,-7.2512]]],[[[112.7965,-7.2491],[112.7961,-7.248],[112.7965,-7.2491]]],[[[112.793,-7.2307],[112.7943,-7.2323],[112.7958,-7.2351],[112.7957,-7.2365],[112.7961,-7.2379],[112.7966,-7.2389],[112.7965,-7.2399],[112.7968,-7.241],[112.7971,-7.2421],[112.7961,-7.2421],[112.7951,-7.2412],[112.7935,-7.241],[112.7931,-7.24],[112.7932,-7.2388],[112.7932,-7.2378],[112.7911,-7.2376],[112.7894,-7.2375],[112.7895,-7.2361],[112.7895,-7.2348],[112.7879,-7.2348],[112.7856,-7.235],[112.7844,-7.2348],[112.7844,-7.2336],[112.7849,-7.2326],[112.7855,-7.2318],[112.7865,-7.2322],[112.7876,-7.2322],[112.7889,-7.2324],[112.7898,-7.2318],[112.7899,-7.2304],[112.79,-7.2294],[112.7902,-7.2284],[112.791,-7.2267],[112.7916,-7.2275],[112.7923,-7.2292],[112.7928,-7.2302],[112.793,-7.2307]]]]}},{"type":"Feature","properties":{"level":"village","regency":"Sidoarjo","district":"Tulangan","village":"Kenongo"},"geometry":{"type":"MultiPolygon","coordinates":[[[[112.6524,-7.4835],[112.6535,-7.4843],[112.6544,-7.4849],[112.6543,-7.486],[112.6538,-7.487],[112.6544,-7.488],[112.653,-7.4889],[112.6522,-7.4895],[112.6507,-7.4922],[112.6483,-7.4919],[112.6469,-7.4924],[112.6463,-7.4933],[112.6452,-7.4945],[112.6442,-7.4941],[112.6433,-7.4934],[112.6425,-7.4947],[112.6415,-7.4944],[112.6402,-7.494],[112.6392,-7.4937],[112.6394,-7.4923],[112.6386,-7.4917],[112.6377,-7.4913],[112.6387,-7.4888],[112.64,-7.4858],[112.6411,-7.4867],[112.6423,-7.4839],[112.6433,-7.4835],[112.6446,-7.4835],[112.6461,-7.4832],[112.6469,-7.4825],[112.6469,-7.4813],[112.6474,-7.4804],[112.6485,-7.4809],[112.6495,-7.4819],[112.6504,-7.4824],[112.6513,-7.4828],[112.6524,-7.4835]]]]}},{"type":"Feature","properties":{"level":"village","regency":"Sidoarjo","district":"Tulangan","village":"Kepadangan"},"geometry":{"type":"MultiPolygon","coordinates":[[[[112.6342,-7.4733],[112.6353,-7.4739],[112.6364,-7.4744],[112.6375,-7.4747],[112.6384,-7.4755],[112.6393,-7.4761],[112.6405,-7.4764],[112.6415,-7.477],[112.6425,-7.4775],[112.6437,-7.478],[112.6446,-7.4786],[112.6457,-7.4793],[112.6472,-7.4803],[112.6469,-7.4813],[112.6469,-7.4825],[112.6462,-7.4832],[112.645,-7.4834],[112.6434,-7.4835],[112.6424,-7.4839],[112.6414,-7.4868],[112.64,-7.4858],[112.6386,-7.4845],[112.6379,-7.4837],[112.637,-7.4832],[112.6374,-7.4822],[112.6335,-7.4806],[112.6302,-7.4795],[112.6294,-7.4775],[112.6296,-7.4751],[112.6296,-7.474],[112.6295,-7.4726],[112.6307,-7.4722],[112.6323,-7.4727],[112.6336,-7.4732],[112.6342,-7.4733]]]]}},{"type":"Feature","properties":{"level":"village","regency":"Sidoarjo","district":"Tulangan","village":"Kepatihan"},"geometry":{"type":"MultiPolygon","coordinates":[[[[112.6628,-7.4784],[112.6623,-7.4803],[112.662,-7.4814],[112.6616,-7.4826],[112.6612,-7.4837],[112.6634,-7.4843],[112.6629,-7.489],[112.6618,-7.4889],[112.6607,-7.4886],[112.6601,-7.4896],[112.66,-7.4908],[112.6606,-7.4921],[112.6605,-7.4931],[112.6614,-7.4939],[112.6624,-7.4932],[112.6622,-7.4943],[112.6621,-7.4954],[112.6617,-7.4965],[112.6615,-7.4975],[112.6603,-7.4972],[112.6591,-7.4967],[112.6585,-7.4959],[112.6575,-7.4957],[112.6569,-7.4949],[112.6559,-7.4945],[112.6545,-7.4942],[112.6541,-7.4931],[112.6548,-7.4905],[112.654,-7.4888],[112.6542,-7.4877],[112.6539,-7.4867],[112.6546,-7.4855],[112.6539,-7.4845],[112.6524,-7.4835],[112.6531,-7.4825],[112.6539,-7.4793],[112.6553,-7.4791],[112.6563,-7.4788],[112.6568,-7.4779],[112.6585,-7.4781],[112.6596,-7.4782],[112.6604,-7.4775],[112.6614,-7.477],[112.6624,-7.4775],[112.6628,-7.4784]]]]}},{"type":"Feature","properties":{"level":"village","regency":"Sidoarjo","district":"Krembung","village":"Keper"},"geometry":{"type":"MultiPolygon","coordinates":[[[[112.6663,-7.5283],[112.6669,-7.5291],[112.6676,-7.5299],[112.6685,-7.5308],[112.6692,-7.5316],[112.67,-7.5325],[112.6708,-7.5332],[112.6715,-7.5339],[112.6723,-7.5347],[112.6714,-7.5371],[112.6709,-7.5381],[112.6702,-7.5389],[112.6695,-7.5399],[112.6688,-7.5408],[112.6681,-7.5419],[112.6671,-7.5437],[112.6661,-7.5435],[112.6652,-7.5441],[112.6641,-7.5436],[112.6632,-7.5426],[112.6626,-7.5417],[112.6619,-7.5405],[112.661,-7.5397],[112.6599,-7.539],[112.6601,-7.538],[112.6604,-7.5369],[112.6607,-7.5359],[112.6608,-7.5348],[112.6611,-7.5337],[112.6614,-7.5324],[112.6619,-7.5304],[112.6632,-7.5307],[112.6643,-7.5306],[112.6652,-7.5301],[112.6657,-7.5291],[112.666,-7.5281],[112.6663,-7.5283]]]]}},{"type":"Feature","properties":{"level":"village","regency":"Sidoarjo","district":"Tulangan","village":"Kepuh Kemiri"},"geometry":{"type":"MultiPolygon","coordinates":[[[[112.6417,-7.4494],[112.6433,-7.45],[112.6449,-7.4504],[112.6461,-7.4507],[112.6471,-7.451],[112.6452,-7.4526],[112.6439,-7.453],[112.6428,-7.4527],[112.6416,-7.4522],[112.6406,-7.4526],[112.6395,-7.4531],[112.6383,-7.4532],[112.6373,-7.4541],[112.6367,-7.4552],[112.6361,-7.4561],[112.6359,-7.4572],[112.6357,-7.4586],[112.6353,-7.4608],[112.635,-7.4622],[112.6339,-7.4617],[112.6329,-7.4618],[112.6321,-7.4612],[112.6311,-7.4613],[112.6299,-7.4616],[112.629,-7.461],[112.6279,-7.4606],[112.6286,-7.4597],[112.6293,-7.4584],[112.6297,-7.4574],[112.6301,-7.4555],[112.6305,-7.4542],[112.6313,-7.4531],[112.6317,-7.4521],[112.6313,-7.4512],[112.6316,-7.4502],[112.6321,-7.4491],[112.6325,-7.4481],[112.6335,-7.4478],[112.6347,-7.4482],[112.6356,-7.4488],[112.6367,-7.4493],[112.6378,-7.4492],[112.6391,-7.449],[112.6404,-7.4488],[112.6417,-7.4494]]]]}},{"type":"Feature","properties":{"level":"village","regency":"Sidoarjo","district":"Waru","village":"Kepuh Kiriman"},"geometry":{"type":"MultiPolygon","coordinates":[[[[112.7662,-7.3505],[112.7659,-7.3517],[112.7669,-7.3516],[112.7679,-7.3509],[112.7689,-7.3511],[112.7699,-7.3512],[112.7709,-7.3511],[112.7712,-7.3522],[112.7707,-7.3533],[112.7696,-7.3533],[112.7685,-7.3531],[112.7672,-7.3528],[112.7662,-7.354],[112.7659,-7.3554],[112.7672,-7.356],[112.7673,-7.3574],[112.7666,-7.3595],[112.7645,-7.3588],[112.7647,-7.3578],[112.764,-7.3571],[112.7648,-7.3563],[112.7645,-7.3551],[112.7628,-7.3548],[112.7614,-7.3546],[112.7602,-7.3544],[112.7589,-7.3543],[112.7579,-7.3541],[112.7564,-7.354],[112.7554,-7.3544],[112.7543,-7.3545],[112.7534,-7.354],[112.7529,-7.353],[112.7529,-7.352],[112.7529,-7.3509],[112.7529,-7.3499],[112.7532,-7.348],[112.7533,-7.3465],[112.7535,-7.3454],[112.7536,-7.3441],[112.7549,-7.3442],[112.7567,-7.3448],[112.7578,-7.3451],[112.7588,-7.3453],[112.7587,-7.3464],[112.7582,-7.3473],[112.7585,-7.3484],[112.7587,-7.3501],[112.7597,-7.3503],[112.7606,-7.3499],[112.7614,-7.3493],[112.7624,-7.3493],[112.7634,-7.3498],[112.7644,-7.3502],[112.7655,-7.3503],[112.7662,-7.3505]]]]}},{"type":"Feature","properties":{"level":"village","regency":"Sidoarjo","district":"Tulangan","village":"Kepunten"},"geometry":{"type":"MultiPolygon","coordinates":[[[[112.6279,-7.4605],[112.629,-7.461],[112.6299,-7.4616],[112.6309,-7.4613],[112.6321,-7.4612],[112.6332,-7.4618],[112.633,-7.4629],[112.6321,-7.4647],[112.6314,-7.4662],[112.6309,-7.4672],[112.629,-7.4666],[112.627,-7.4656],[112.625,-7.4644],[112.624,-7.4643],[112.6234,-7.4655],[112.6223,-7.4661],[112.6213,-7.4658],[112.6204,-7.4651],[112.621,-7.4635],[112.6208,-7.4622],[112.6189,-7.4612],[112.6179,-7.4606],[112.6167,-7.4601],[112.616,-7.4592],[112.614,-7.4584],[112.614,-7.4572],[112.6133,-7.4561],[112.6133,-7.4551],[112.6145,-7.455],[112.6155,-7.4547],[112.6163,-7.4539],[112.6174,-7.4538],[112.6184,-7.4542],[112.6193,-7.4547],[112.6201,-7.4554],[112.6211,-7.4552],[112.622,-7.4545],[112.6229,-7.4551],[112.624,-7.4552],[112.625,-7.4555],[112.6258,-7.4565],[112.6254,-7.4575],[112.6255,-7.4587],[112.626,-7.4598],[112.6272,-7.4601],[112.6279,-7.4605]]]]}},{"type":"Feature","properties":{"level":"village","regency":"Surabaya","district":"Sukolilo","village":"Keputih"},"geometry":{"type":"MultiPolygon","coordinates":[[[[112.8457,-7.3041],[112.8447,-7.3047],[112.8438,-7.3053],[112.843,-7.3059],[112.8423,-7.3066],[112.8416,-7.3074],[112.841,-7.3083],[112.8405,-7.3092],[112.8398,-7.3099],[112.8388,-7.3102],[112.8378,-7.3099],[112.8367,-7.3096],[112.8356,-7.3093],[112.8344,-7.309],[112.8334,-7.3088],[112.8324,-7.3086],[112.8313,-7.3084],[112.8303,-7.3082],[112.8293,-7.3079],[112.8282,-7.3077],[112.8272,-7.3075],[112.8261,-7.3073],[112.8251,-7.3071],[112.8241,-7.307],[112.8231,-7.3069],[112.8221,-7.3068],[112.8212,-7.3063],[112.8205,-7.3055],[112.8198,-7.3047],[112.8192,-7.3038],[112.8185,-7.3031],[112.8177,-7.3023],[112.8168,-7.3017],[112.8159,-7.3012],[112.815,-7.3008],[112.814,-7.3004],[112.8131,-7.3],[112.8122,-7.2995],[112.8113,-7.2989],[112.8103,-7.2988],[112.8093,-7.299],[112.8083,-7.2995],[112.8075,-7.3002],[112.8068,-7.3011],[112.8063,-7.302],[112.806,-7.303],[112.8059,-7.304],[112.8051,-7.3046],[112.8039,-7.3045],[112.8027,-7.3044],[112.8016,-7.3042],[112.8005,-7.3039],[112.7995,-7.3035],[112.7989,-7.3026],[112.7985,-7.3016],[112.7978,-7.3009],[112.7968,-7.3003],[112.7959,-7.2999],[112.7949,-7.2995],[112.7938,-7.2989],[112.7928,-7.2985],[112.7919,-7.298],[112.7909,-7.2975],[112.7899,-7.2969],[112.789,-7.2963],[112.7868,-7.296],[112.7858,-7.296],[112.7859,-7.2945],[112.7859,-7.2933],[112.7842,-7.2932],[112.7834,-7.2924],[112.7835,-7.2913],[112.7825,-7.2908],[112.7823,-7.2895],[112.7815,-7.2886],[112.7824,-7.288],[112.7836,-7.2879],[112.7848,-7.2881],[112.7857,-7.2876],[112.7868,-7.2875],[112.7883,-7.2874],[112.7895,-7.2875],[112.7898,-7.2859],[112.79,-7.2842],[112.7902,-7.2823],[112.7904,-7.2804],[112.7902,-7.2794],[112.79,-7.2774],[112.7898,-7.2758],[112.7925,-7.2757],[112.7939,-7.2754],[112.7951,-7.2751],[112.7966,-7.2748],[112.7978,-7.2746],[112.7994,-7.2743],[112.7998,-7.2762],[112.8001,-7.2772],[112.8004,-7.2782],[112.8007,-7.2793],[112.8011,-7.2802],[112.8012,-7.2817],[112.8012,-7.2827],[112.8008,-7.2837],[112.8004,-7.2847],[112.8,-7.2856],[112.7997,-7.2868],[112.8009,-7.2872],[112.8019,-7.2869],[112.802,-7.2859],[112.8024,-7.285],[112.8036,-7.2851],[112.8046,-7.2848],[112.8057,-7.2845],[112.8067,-7.284],[112.8075,-7.2833],[112.8084,-7.2827],[112.8094,-7.2822],[112.8104,-7.2817],[112.8114,-7.2812],[112.8121,-7.2804],[112.8125,-7.2794],[112.8131,-7.2784],[112.8138,-7.2775],[112.8149,-7.2763],[112.8155,-7.2754],[112.8163,-7.2742],[112.8182,-7.2724],[112.8226,-7.2712],[112.8254,-7.27],[112.8279,-7.2695],[112.8308,-7.2689],[112.8317,-7.2683],[112.8353,-7.2675],[112.8363,-7.2673],[112.8376,-7.2673],[112.8384,-7.2685],[112.8398,-7.2703],[112.8407,-7.2718],[112.8403,-7.2735],[112.8396,-7.2742],[112.8412,-7.2744],[112.8428,-7.2759],[112.8436,-7.2778],[112.8433,-7.279],[112.8438,-7.2804],[112.8448,-7.2807],[112.8456,-7.2826],[112.8458,-7.2843],[112.8465,-7.2859],[112.8468,-7.2874],[112.8463,-7.2893],[112.8462,-7.2913],[112.8461,-7.2938],[112.8462,-7.2951],[112.8463,-7.2988],[112.8458,-7.2997],[112.8461,-7.3012],[112.8458,-7.3023],[112.8456,-7.3033],[112.8457,-7.3041]]]]}},{"type":"Feature","properties":{"level":"village","regency":"Surabaya","district":"Tegalsari","village":"Keputran"},"geometry":{"type":"MultiPolygon","coordinates":[[[[112.7439,-7.2743],[112.7437,-7.2753],[112.7438,-7.2764],[112.7443,-7.2778],[112.745,-7.2791],[112.7458,-7.2803],[112.7463,-7.2813],[112.7469,-7.2826],[112.7472,-7.2839],[112.747,-7.2855],[112.7462,-7.2867],[112.7453,-7.2877],[112.7443,-7.2886],[112.7434,-7.2894],[112.7428,-7.2903],[112.7417,-7.2901],[112.7408,-7.2896],[112.7392,-7.2892],[112.7393,-7.2879],[112.7395,-7.2869],[112.7397,-7.2858],[112.7402,-7.2832],[112.7404,-7.2821],[112.7406,-7.2809],[112.7408,-7.2798],[112.741,-7.2788],[112.7413,-7.2773],[112.7415,-7.2763],[112.7418,-7.275],[112.7421,-7.2738],[112.7434,-7.274],[112.7439,-7.2743]]]]}},{"type":"Feature","properties":{"level":"village","regency":"Sidoarjo","district":"Krembung","village":"Keret"},"geometry":{"type":"MultiPolygon","coordinates":[[[[112.6133,-7.478],[112.6131,-7.4799],[112.6134,-7.481],[112.6144,-7.4814],[112.6152,-7.482],[112.6164,-7.4826],[112.6175,-7.483],[112.6186,-7.4831],[112.6197,-7.4835],[112.6209,-7.4847],[112.62,-7.489],[112.6199,-7.4901],[112.6196,-7.4912],[112.6193,-7.4928],[112.6189,-7.4942],[112.6178,-7.4941],[112.6165,-7.4939],[112.6154,-7.4938],[112.6152,-7.4923],[112.6144,-7.4912],[112.6135,-7.4907],[112.6125,-7.4902],[112.6113,-7.4899],[112.6101,-7.4895],[112.6094,-7.4902],[112.6076,-7.4894],[112.6062,-7.4888],[112.6054,-7.4882],[112.606,-7.4873],[112.6062,-7.4862],[112.6063,-7.4848],[112.6058,-7.4836],[112.6054,-7.4826],[112.6055,-7.4816],[112.6054,-7.4805],[112.6052,-7.4794],[112.6058,-7.4784],[112.6068,-7.4779],[112.6078,-7.4773],[112.6089,-7.4776],[112.6092,-7.4787],[112.6103,-7.4788],[112.6114,-7.4782],[112.6126,-7.4779],[112.6133,-7.478]]]]}},{"type":"Feature","properties":{"level":"village","regency":"Surabaya","district":"Gubeng","village":"Kertajaya"},"geometry":{"type":"MultiPolygon","coordinates":[[[[112.7522,-7.2777],[112.7537,-7.2779],[112.755,-7.2782],[112.7562,-7.2784],[112.7582,-7.2787],[112.7601,-7.279],[112.7614,-7.2792],[112.7622,-7.2799],[112.7622,-7.281],[112.7621,-7.2821],[112.7622,-7.2834],[112.7625,-7.2844],[112.763,-7.2863],[112.7632,-7.2873],[112.7621,-7.2874],[112.7605,-7.2873],[112.7591,-7.2873],[112.7578,-7.2871],[112.7565,-7.287],[112.7558,-7.2856],[112.7558,-7.2846],[112.7548,-7.2843],[112.7531,-7.2843],[112.7521,-7.2843],[112.751,-7.2843],[112.75,-7.2837],[112.749,-7.2834],[112.7493,-7.2822],[112.7495,-7.2812],[112.7497,-7.2802],[112.75,-7.279],[112.7503,-7.2775],[112.7515,-7.2776],[112.7522,-7.2777]]]]}},{"type":"Feature","properties":{"level":"village","regency":"Sidoarjo","district":"Porong","village":"Kesambi"},"geometry":{"type":"MultiPolygon","coordinates":[[[[112.6941,-7.5304],[112.6943,-7.5314],[112.6943,-7.5325],[112.6942,-7.5335],[112.6939,-7.5349],[112.6935,-7.5359],[112.6925,-7.5363],[112.6915,-7.5366],[112.6905,-7.5363],[112.6894,-7.5364],[112.6884,-7.5363],[112.6876,-7.5356],[112.6867,-7.5352],[112.6855,-7.5352],[112.6844,-7.5355],[112.6834,-7.5354],[112.6824,-7.5354],[112.6813,-7.5353],[112.6803,-7.535],[112.6794,-7.5354],[112.6787,-7.5363],[112.6776,-7.5362],[112.6743,-7.5354],[112.6732,-7.5352],[112.6738,-7.5341],[112.6744,-7.5328],[112.6749,-7.5317],[112.6757,-7.5302],[112.6766,-7.5296],[112.6774,-7.5289],[112.6788,-7.5289],[112.6799,-7.529],[112.681,-7.5291],[112.6822,-7.5293],[112.6832,-7.5295],[112.6842,-7.5297],[112.6853,-7.5293],[112.6862,-7.5289],[112.6874,-7.529],[112.6885,-7.529],[112.6902,-7.5293],[112.6912,-7.5294],[112.6923,-7.5295],[112.6931,-7.5302],[112.6941,-7.5304]]]]}},{"type":"Feature","properties":{"level":"village","regency":"Surabaya","district":"Genteng","village":"Ketabang"},"geometry":{"type":"MultiPolygon","coordinates":[[[[112.7497,-7.2514],[112.7497,-7.2525],[112.75,-7.2537],[112.7502,-7.2547],[112.7505,-7.2558],[112.7515,-7.2561],[112.7525,-7.2561],[112.7527,-7.2573],[112.7526,-7.2591],[112.7525,-7.2607],[112.7523,-7.2623],[112.7522,-7.2641],[112.7517,-7.266],[112.7512,-7.2673],[112.7502,-7.2681],[112.7502,-7.2671],[112.7506,-7.2661],[112.7507,-7.2651],[112.7506,-7.2641],[112.7501,-7.2632],[112.7492,-7.2622],[112.7478,-7.2618],[112.7467,-7.2621],[112.7455,-7.2625],[112.7443,-7.2626],[112.7433,-7.2623],[112.7425,-7.2615],[112.7425,-7.2603],[112.7431,-7.2593],[112.7438,-7.2583],[112.7441,-7.2572],[112.7436,-7.2561],[112.7436,-7.255],[112.7442,-7.2542],[112.7444,-7.2529],[112.7448,-7.2519],[112.7456,-7.2514],[112.7469,-7.2514],[112.7479,-7.2514],[112.7492,-7.2514],[112.7497,-7.2514]]]]}},{"type":"Feature","properties":{"level":"village","regency":"Sidoarjo","district":"Gedangan","village":"Ketajen"},"geometry":{"type":"MultiPolygon","coordinates":[[[[112.7428,-7.3826],[112.7425,-7.3836],[112.7421,-7.3846],[112.7411,-7.3848],[112.7409,-7.3858],[112.7414,-7.3867],[112.741,-7.3877],[112.7408,-7.3887],[112.7405,-7.3897],[112.7406,-7.3907],[112.7408,-7.3917],[112.7399,-7.3922],[112.7385,-7.3927],[112.7375,-7.3929],[112.736,-7.3922],[112.7356,-7.3939],[112.7346,-7.3947],[112.7336,-7.3951],[112.7337,-7.3939],[112.7338,-7.3928],[112.7341,-7.3918],[112.7336,-7.3905],[112.7333,-7.3894],[112.7324,-7.3887],[112.7325,-7.3876],[112.7328,-7.3865],[112.7328,-7.3855],[112.7328,-7.3844],[112.7323,-7.3835],[112.7312,-7.3831],[112.7308,-7.382],[112.7311,-7.3808],[112.7314,-7.3795],[112.7318,-7.3784],[112.7324,-7.3775],[112.7334,-7.3779],[112.7343,-7.3785],[112.735,-7.3794],[112.7356,-7.3803],[112.7365,-7.3807],[112.7375,-7.3811],[112.7385,-7.3815],[112.7396,-7.3818],[112.7407,-7.3819],[112.7418,-7.382],[112.7429,-7.3821],[112.7428,-7.3826]]]]}},{"type":"Feature","properties":{"level":"village","regency":"Sidoarjo","district":"Tanggulangin","village":"Ketapang"},"geometry":{"type":"MultiPolygon","coordinates":[[[[112.7045,-7.509],[112.7043,-7.51],[112.7053,-7.5107],[112.7065,-7.5112],[112.7075,-7.5111],[112.7084,-7.5107],[112.7094,-7.5107],[112.71,-7.5117],[112.7097,-7.5129],[112.7094,-7.5142],[112.709,-7.5154],[112.7083,-7.517],[112.7084,-7.518],[112.7081,-7.5191],[112.7073,-7.5199],[112.707,-7.5212],[112.7059,-7.5214],[112.7051,-7.5207],[112.7038,-7.5201],[112.7025,-7.5192],[112.701,-7.5188],[112.6999,-7.5172],[112.6989,-7.5168],[112.6977,-7.5163],[112.6966,-7.5158],[112.6968,-7.5147],[112.6971,-7.5137],[112.6979,-7.513],[112.6982,-7.512],[112.6986,-7.5111],[112.6991,-7.5101],[112.7001,-7.5097],[112.7014,-7.5092],[112.7024,-7.509],[112.7036,-7.509],[112.7045,-7.509]]]]}},{"type":"Feature","properties":{"level":"village","regency":"Sidoarjo","district":"Tanggulangin","village":"Ketegan"},"geometry":{"type":"MultiPolygon","coordinates":[[[[112.6948,-7.4921],[112.6952,-7.4931],[112.6959,-7.494],[112.696,-7.4955],[112.6964,-7.4966],[112.6951,-7.4969],[112.694,-7.4969],[112.6927,-7.4968],[112.6913,-7.4966],[112.69,-7.4965],[112.6892,-7.4972],[112.6882,-7.498],[112.6876,-7.499],[112.6867,-7.5006],[112.6859,-7.5013],[112.685,-7.502],[112.6842,-7.5027],[112.6834,-7.5039],[112.6822,-7.5044],[112.681,-7.504],[112.681,-7.503],[112.6813,-7.5013],[112.6822,-7.4995],[112.6828,-7.4984],[112.6832,-7.4975],[112.6837,-7.4964],[112.6843,-7.4951],[112.6849,-7.4941],[112.6856,-7.4925],[112.686,-7.4915],[112.6864,-7.4904],[112.6869,-7.4894],[112.6878,-7.4871],[112.6881,-7.4859],[112.689,-7.4853],[112.6898,-7.4862],[112.6905,-7.4871],[112.6913,-7.4878],[112.6912,-7.4888],[112.6916,-7.4899],[112.6928,-7.4901],[112.6939,-7.4906],[112.6948,-7.4911],[112.6948,-7.4921]]]]}},{"type":"Feature","properties":{"level":"village","regency":"Sidoarjo","district":"Taman","village":"Ketegan"},"geometry":{"type":"MultiPolygon","coordinates":[[[[112.7113,-7.3446],[112.7135,-7.3451],[112.7143,-7.3459],[112.7141,-7.3469],[112.7138,-7.3479],[112.7132,-7.3488],[112.7125,-7.3496],[112.712,-7.3506],[112.7106,-7.3504],[112.7091,-7.35],[112.7081,-7.3498],[112.7069,-7.3498],[112.7058,-7.349],[112.7046,-7.3491],[112.7035,-7.349],[112.7021,-7.3487],[112.7009,-7.3481],[112.6996,-7.3483],[112.6997,-7.3472],[112.7002,-7.3463],[112.7005,-7.3453],[112.7016,-7.345],[112.7025,-7.3445],[112.7036,-7.3447],[112.7046,-7.3449],[112.7057,-7.3452],[112.7067,-7.3455],[112.7078,-7.3454],[112.7089,-7.3454],[112.7104,-7.3458],[112.7112,-7.3452],[112.7113,-7.3446]]]]}},{"type":"Feature","properties":{"level":"village","regency":"Sidoarjo","district":"Wonoayu","village":"Ketimang"},"geometry":{"type":"MultiPolygon","coordinates":[[[[112.6465,-7.4384],[112.6464,-7.4395],[112.6462,-7.4405],[112.6473,-7.4411],[112.6484,-7.4411],[112.6489,-7.4401],[112.6499,-7.44],[112.6508,-7.4408],[112.6508,-7.4421],[112.6502,-7.4441],[112.6496,-7.4449],[112.649,-7.4474],[112.65,-7.4483],[112.6496,-7.4505],[112.6492,-7.4523],[112.648,-7.452],[112.6473,-7.4511],[112.6461,-7.4507],[112.6449,-7.4504],[112.6433,-7.45],[112.6423,-7.4498],[112.6414,-7.4486],[112.6413,-7.4471],[112.6412,-7.4459],[112.6402,-7.4457],[112.6392,-7.4454],[112.6368,-7.444],[112.637,-7.4429],[112.6375,-7.4415],[112.6379,-7.4397],[112.6418,-7.4409],[112.6423,-7.4397],[112.6431,-7.4387],[112.6437,-7.4374],[112.6465,-7.4384]]]]}},{"type":"Feature","properties":{"level":"village","regency":"Surabaya","district":"Gayungan","village":"Ketintang"},"geometry":{"type":"MultiPolygon","coordinates":[[[[112.7352,-7.3106],[112.7351,-7.312],[112.7348,-7.313],[112.7344,-7.3148],[112.7342,-7.3158],[112.7339,-7.3175],[112.7336,-7.319],[112.7331,-7.3209],[112.7329,-7.3221],[112.7326,-7.3238],[112.7323,-7.3248],[112.7321,-7.3261],[112.7311,-7.3259],[112.7298,-7.3255],[112.7283,-7.3252],[112.7273,-7.3249],[112.7264,-7.3255],[112.7275,-7.3259],[112.7285,-7.3266],[112.7285,-7.3279],[112.7275,-7.3277],[112.7273,-7.3289],[112.725,-7.3293],[112.7238,-7.3292],[112.7226,-7.3291],[112.7215,-7.329],[112.7204,-7.3289],[112.719,-7.3287],[112.718,-7.3285],[112.7189,-7.3274],[112.7198,-7.3262],[112.7209,-7.325],[112.7216,-7.3241],[112.7223,-7.3233],[112.7232,-7.322],[112.724,-7.3211],[112.7247,-7.3201],[112.7254,-7.3193],[112.726,-7.3185],[112.7256,-7.3176],[112.7243,-7.3171],[112.7226,-7.3164],[112.7224,-7.3151],[112.7228,-7.3125],[112.7231,-7.3102],[112.7233,-7.3077],[112.7245,-7.3078],[112.7256,-7.3082],[112.7265,-7.3086],[112.7277,-7.3092],[112.7287,-7.3097],[112.7297,-7.31],[112.7308,-7.3097],[112.7321,-7.3098],[112.7337,-7.3103],[112.735,-7.3105],[112.7352,-7.3106]]]]}},{"type":"Feature","properties":{"level":"village","regency":"Surabaya","district":"Sukolilo","village":"Klampis Ngasem"},"geometry":{"type":"MultiPolygon","coordinates":[[[[112.7818,-7.2845],[112.7818,-7.2855],[112.7816,-7.2874],[112.7815,-7.2886],[112.7821,-7.2894],[112.7826,-7.2906],[112.7835,-7.2913],[112.7834,-7.2924],[112.7842,-7.2931],[112.7859,-7.2933],[112.7859,-7.2945],[112.7858,-7.296],[112.7846,-7.296],[112.783,-7.2958],[112.7822,-7.2952],[112.7817,-7.2938],[112.7813,-7.2925],[112.7805,-7.294],[112.7805,-7.2954],[112.7796,-7.2961],[112.7778,-7.2961],[112.7764,-7.2957],[112.7753,-7.2956],[112.7739,-7.2956],[112.7731,-7.2947],[112.7729,-7.2937],[112.7727,-7.2927],[112.7725,-7.2917],[112.7723,-7.2905],[112.7722,-7.2895],[112.7726,-7.2886],[112.773,-7.2875],[112.7733,-7.2864],[112.7736,-7.2853],[112.7715,-7.285],[112.7702,-7.2858],[112.7684,-7.2851],[112.7688,-7.284],[112.7697,-7.2834],[112.7701,-7.2821],[112.7705,-7.2811],[112.7716,-7.2813],[112.7731,-7.2817],[112.776,-7.2822],[112.7775,-7.2823],[112.7793,-7.2822],[112.7807,-7.282],[112.7818,-7.2826],[112.7818,-7.2837],[112.7818,-7.2845]]]]}},{"type":"Feature","properties":{"level":"village","regency":"Sidoarjo","district":"Tarik","village":"Klantingsari"},"geometry":{"type":"MultiPolygon","coordinates":[[[[112.5606,-7.458],[112.5608,-7.4591],[112.5602,-7.4613],[112.5599,-7.4624],[112.559,-7.4628],[112.558,-7.4632],[112.557,-7.4635],[112.5562,-7.4642],[112.555,-7.4652],[112.5543,-7.4664],[112.5539,-7.4675],[112.5526,-7.4673],[112.5513,-7.4671],[112.5499,-7.4669],[112.5494,-7.4679],[112.5489,-7.4688],[112.5476,-7.4687],[112.5465,-7.4689],[112.5447,-7.4687],[112.5436,-7.4686],[112.5425,-7.4687],[112.5423,-7.4672],[112.5428,-7.4661],[112.5427,-7.4648],[112.544,-7.4644],[112.5451,-7.4645],[112.545,-7.4634],[112.5439,-7.4627],[112.5436,-7.4617],[112.5436,-7.4607],[112.5444,-7.4601],[112.5446,-7.459],[112.5449,-7.458],[112.5465,-7.4582],[112.5475,-7.4582],[112.5488,-7.4583],[112.5502,-7.4589],[112.5515,-7.4589],[112.5527,-7.4593],[112.5539,-7.4593],[112.555,-7.4598],[112.5563,-7.4598],[112.5574,-7.4596],[112.5579,-7.4587],[112.5585,-7.4578],[112.5595,-7.4578],[112.5605,-7.4581],[112.5606,-7.458]]]]}},{"type":"Feature","properties":{"level":"village","regency":"Sidoarjo","district":"Taman","village":"Kletek"},"geometry":{"type":"MultiPolygon","coordinates":[[[[112.6891,-7.356],[112.6892,-7.3572],[112.69,-7.3585],[112.6898,-7.3617],[112.6892,-7.3625],[112.6882,-7.3625],[112.6855,-7.3626],[112.6843,-7.3627],[112.6838,-7.3637],[112.68,-7.3633],[112.6789,-7.3631],[112.6769,-7.3626],[112.6754,-7.3621],[112.6761,-7.3604],[112.675,-7.3596],[112.6744,-7.3581],[112.6758,-7.3571],[112.677,-7.3569],[112.6786,-7.3563],[112.6797,-7.3558],[112.6807,-7.3561],[112.6818,-7.3559],[112.683,-7.3557],[112.6835,-7.3568],[112.6846,-7.3568],[112.6859,-7.3566],[112.6871,-7.3564],[112.6883,-7.356],[112.6891,-7.356]]]]}},{"type":"Feature","properties":{"level":"village","regency":"Sidoarjo","district":"Tanggulangin","village":"Kludan"},"geometry":{"type":"MultiPolygon","coordinates":[[[[112.708,-7.5022],[112.709,-7.5026],[112.7089,-7.5041],[112.708,-7.5045],[112.7065,-7.5042],[112.7052,-7.5039],[112.7036,-7.5035],[112.7025,-7.5034],[112.7017,-7.5041],[112.7005,-7.5044],[112.6994,-7.5039],[112.6984,-7.504],[112.6974,-7.505],[112.6965,-7.5055],[112.6945,-7.5047],[112.6933,-7.5041],[112.6926,-7.5033],[112.6918,-7.5027],[112.6916,-7.5012],[112.6922,-7.5],[112.6936,-7.5002],[112.6941,-7.499],[112.695,-7.4984],[112.696,-7.4977],[112.697,-7.4978],[112.698,-7.4982],[112.6984,-7.4991],[112.6995,-7.4988],[112.7005,-7.4992],[112.7016,-7.4997],[112.7026,-7.5002],[112.7036,-7.5005],[112.7046,-7.5009],[112.7056,-7.5013],[112.7066,-7.5016],[112.7076,-7.502],[112.708,-7.5022]]]]}},{"type":"Feature","properties":{"level":"village","regency":"Sidoarjo","district":"Candi","village":"Klurak"},"geometry":{"type":"MultiPolygon","coordinates":[[[[112.7366,-7.4791],[112.7366,-7.4802],[112.7358,-7.481],[112.735,-7.4816],[112.7358,-7.4829],[112.7359,-7.4839],[112.7364,-7.4848],[112.7359,-7.4857],[112.7359,-7.4867],[112.7353,-7.4876],[112.7345,-7.487],[112.7336,-7.4865],[112.7327,-7.4879],[112.7321,-7.4896],[112.7308,-7.4892],[112.7296,-7.4889],[112.7302,-7.4865],[112.7302,-7.4854],[112.7291,-7.486],[112.7281,-7.4852],[112.7273,-7.4846],[112.7271,-7.4835],[112.726,-7.4832],[112.7242,-7.4826],[112.7232,-7.4823],[112.7224,-7.4817],[112.7211,-7.4814],[112.7201,-7.4816],[112.719,-7.4815],[112.718,-7.4811],[112.7186,-7.4794],[112.7189,-7.4781],[112.7201,-7.4781],[112.721,-7.476],[112.7219,-7.4764],[112.7229,-7.4766],[112.724,-7.4765],[112.7252,-7.4766],[112.7263,-7.4764],[112.7275,-7.4768],[112.7286,-7.477],[112.7303,-7.477],[112.7315,-7.4766],[112.7324,-7.4762],[112.7334,-7.4768],[112.7343,-7.4772],[112.7354,-7.4771],[112.7361,-7.4779],[112.7366,-7.4788],[112.7366,-7.4791]]]]}},{"type":"Feature","properties":{"level":"village","regency":"Sidoarjo","district":"Gedangan","village":"Kragan"},"geometry":{"type":"MultiPolygon","coordinates":[[[[112.7448,-7.405],[112.7456,-7.4057],[112.7466,-7.4061],[112.7477,-7.406],[112.7496,-7.4064],[112.7506,-7.4065],[112.7502,-7.4087],[112.7498,-7.4104],[112.7494,-7.4114],[112.749,-7.4128],[112.7474,-7.4127],[112.7463,-7.4125],[112.7451,-7.4121],[112.7433,-7.4117],[112.7423,-7.4114],[112.7413,-7.411],[112.7405,-7.4102],[112.7405,-7.4092],[112.7406,-7.4082],[112.7402,-7.407],[112.7405,-7.4057],[112.7408,-7.4047],[112.7418,-7.4043],[112.7428,-7.4045],[112.7438,-7.4047],[112.7448,-7.405],[112.7448,-7.405]]]]}},{"type":"Feature","properties":{"level":"village","regency":"Sidoarjo","district":"Taman","village":"Kramat Jegu"},"geometry":{"type":"MultiPolygon","coordinates":[[[[112.6391,-7.3791],[112.6382,-7.3808],[112.6371,-7.3808],[112.6365,-7.3826],[112.6363,-7.3838],[112.6365,-7.3853],[112.6358,-7.3863],[112.6347,-7.387],[112.6338,-7.3879],[112.6333,-7.3888],[112.6327,-7.3897],[112.6317,-7.3898],[112.6316,-7.3883],[112.6279,-7.3873],[112.6279,-7.3839],[112.6279,-7.3821],[112.6282,-7.3809],[112.6284,-7.3797],[112.6294,-7.3789],[112.6303,-7.3784],[112.6314,-7.3782],[112.632,-7.377],[112.6334,-7.3762],[112.6346,-7.3758],[112.6348,-7.377],[112.6359,-7.3782],[112.6369,-7.3787],[112.6381,-7.3789],[112.6391,-7.3791]]]]}},{"type":"Feature","properties":{"level":"village","regency":"Sidoarjo","district":"Tarik","village":"Kramat Temenggung"},"geometry":{"type":"MultiPolygon","coordinates":[[[[112.4779,-7.4311],[112.4776,-7.4324],[112.4776,-7.4337],[112.4775,-7.4352],[112.4774,-7.4362],[112.4744,-7.4362],[112.4733,-7.4361],[112.472,-7.436],[112.4702,-7.4353],[112.4693,-7.4348],[112.4684,-7.4353],[112.4674,-7.4361],[112.4665,-7.4368],[112.4656,-7.4373],[112.4646,-7.4381],[112.4637,-7.4391],[112.4621,-7.439],[112.4609,-7.4389],[112.4597,-7.4389],[112.4595,-7.4375],[112.4599,-7.4364],[112.4609,-7.4357],[112.4617,-7.435],[112.462,-7.433],[112.463,-7.4318],[112.4641,-7.4317],[112.4656,-7.4317],[112.467,-7.4318],[112.4682,-7.4315],[112.4697,-7.4307],[112.4716,-7.4301],[112.4718,-7.4312],[112.4732,-7.4311],[112.4742,-7.4312],[112.4754,-7.4313],[112.4764,-7.4312],[112.4779,-7.431],[112.4779,-7.4311]]]]}},{"type":"Feature","properties":{"level":"village","regency":"Sidoarjo","district":"Krian","village":"Kraton"},"geometry":{"type":"MultiPolygon","coordinates":[[[[112.5787,-7.4007],[112.5788,-7.4019],[112.579,-7.4031],[112.5789,-7.4071],[112.5784,-7.408],[112.5771,-7.4081],[112.5759,-7.4084],[112.5749,-7.4089],[112.5739,-7.4088],[112.5727,-7.4092],[112.5717,-7.409],[112.5706,-7.409],[112.5694,-7.4093],[112.568,-7.4097],[112.5669,-7.4096],[112.5654,-7.4094],[112.5643,-7.4096],[112.5631,-7.4099],[112.562,-7.41],[112.561,-7.4101],[112.56,-7.4098],[112.5593,-7.4106],[112.5584,-7.4098],[112.5582,-7.4086],[112.558,-7.4069],[112.5577,-7.4052],[112.5588,-7.4047],[112.5603,-7.4047],[112.5618,-7.4047],[112.5631,-7.4046],[112.5644,-7.4043],[112.5652,-7.4035],[112.5661,-7.403],[112.568,-7.4031],[112.569,-7.4032],[112.5701,-7.403],[112.5725,-7.4024],[112.5741,-7.4017],[112.5751,-7.4014],[112.5764,-7.4007],[112.5779,-7.4008],[112.5787,-7.4007]]]]}},{"type":"Feature","properties":{"level":"village","regency":"Sidoarjo","district":"Taman","village":"Krembangan"},"geometry":{"type":"MultiPolygon","coordinates":[[[[112.6707,-7.3513],[112.6707,-7.3524],[112.6703,-7.3544],[112.6696,-7.3573],[112.6686,-7.357],[112.6676,-7.3565],[112.6665,-7.3559],[112.6659,-7.3567],[112.6655,-7.3578],[112.6657,-7.3589],[112.6649,-7.3599],[112.6654,-7.3611],[112.6644,-7.3613],[112.6639,-7.3622],[112.6632,-7.363],[112.6628,-7.3642],[112.6613,-7.3639],[112.6599,-7.364],[112.6597,-7.3622],[112.6587,-7.3618],[112.6576,-7.3615],[112.6566,-7.3612],[112.6553,-7.3608],[112.6542,-7.3606],[112.654,-7.359],[112.6552,-7.358],[112.6563,-7.3568],[112.6584,-7.354],[112.6595,-7.3536],[112.6608,-7.3531],[112.6615,-7.3523],[112.6624,-7.3513],[112.6636,-7.3514],[112.6648,-7.3514],[112.666,-7.3513],[112.6673,-7.3511],[112.6685,-7.351],[112.6698,-7.3512],[112.6707,-7.3513]]]]}},{"type":"Feature","properties":{"level":"village","regency":"Surabaya","district":"Krembangan","village":"Krembangan Selatan"},"geometry":{"type":"MultiPolygon","coordinates":[[[[112.7382,-7.2316],[112.7384,-7.2327],[112.7387,-7.2337],[112.7388,-7.2348],[112.7386,-7.2358],[112.7383,-7.2368],[112.7379,-7.2378],[112.7379,-7.2389],[112.7383,-7.2399],[112.7388,-7.2408],[112.739,-7.2419],[112.7394,-7.2428],[112.7401,-7.2435],[112.7412,-7.2437],[112.7422,-7.2437],[112.7414,-7.2443],[112.7399,-7.2449],[112.7386,-7.2451],[112.7374,-7.2449],[112.7361,-7.2446],[112.7349,-7.2443],[112.7338,-7.2441],[112.7326,-7.2439],[112.7313,-7.2436],[112.7302,-7.2433],[112.729,-7.243],[112.7291,-7.2419],[112.7306,-7.2418],[112.7318,-7.2419],[112.7326,-7.2412],[112.7316,-7.2399],[112.7313,-7.2389],[112.7311,-7.2377],[112.7309,-7.2364],[112.7308,-7.2351],[112.7308,-7.2339],[112.731,-7.2324],[112.7323,-7.2328],[112.7334,-7.2333],[112.7347,-7.2338],[112.7354,-7.2329],[112.7344,-7.2323],[112.7346,-7.2313],[112.7356,-7.2309],[112.7368,-7.2312],[112.7378,-7.2316],[112.7382,-7.2316]]]]}},{"type":"Feature","properties":{"level":"village","regency":"Surabaya","district":"Pabean Cantian","village":"Krembangan Utara"},"geometry":{"type":"MultiPolygon","coordinates":[[[[112.7382,-7.2316],[112.7368,-7.2312],[112.7356,-7.2309],[112.7346,-7.2313],[112.7344,-7.2323],[112.7354,-7.2326],[112.7353,-7.2338],[112.7343,-7.2337],[112.733,-7.2331],[112.7314,-7.2325],[112.7314,-7.2314],[112.7319,-7.2303],[112.7324,-7.2291],[112.733,-7.228],[112.7334,-7.2271],[112.7338,-7.2262],[112.7344,-7.2254],[112.7353,-7.2249],[112.7363,-7.2244],[112.7372,-7.2239],[112.7382,-7.2242],[112.7382,-7.2253],[112.7382,-7.2263],[112.7382,-7.2274],[112.7382,-7.2284],[112.7382,-7.2294],[112.7382,-7.2304],[112.7382,-7.2314],[112.7382,-7.2316]]]]}},{"type":"Feature","properties":{"level":"village","regency":"Sidoarjo","district":"Krembung","village":"Krembung"},"geometry":{"type":"MultiPolygon","coordinates":[[[[112.6215,-7.4988],[112.6231,-7.4992],[112.6241,-7.4995],[112.6242,-7.5005],[112.6243,-7.5016],[112.6244,-7.5026],[112.626,-7.5031],[112.6276,-7.5033],[112.6276,-7.5058],[112.6271,-7.5072],[112.6268,-7.5084],[112.6264,-7.5097],[112.6259,-7.511],[112.6246,-7.511],[112.6237,-7.5115],[112.6226,-7.5119],[112.6221,-7.5129],[112.6216,-7.5141],[112.6212,-7.5151],[112.6203,-7.5147],[112.6195,-7.5153],[112.6187,-7.5146],[112.6179,-7.5139],[112.6182,-7.5126],[112.6172,-7.5116],[112.6158,-7.511],[112.6148,-7.5105],[112.6138,-7.51],[112.6146,-7.5094],[112.6158,-7.5088],[112.6168,-7.5083],[112.6177,-7.5078],[112.617,-7.5065],[112.6174,-7.5054],[112.6178,-7.5045],[112.6187,-7.5023],[112.619,-7.5013],[112.6194,-7.5002],[112.6202,-7.4985],[112.6212,-7.4987],[112.6215,-7.4988]]]]}},{"type":"Feature","properties":{"level":"village","regency":"Sidoarjo","district":"Krian","village":"Krian"},"geometry":{"type":"MultiPolygon","coordinates":[[[[112.5889,-7.4076],[112.5889,-7.4088],[112.5889,-7.41],[112.5888,-7.411],[112.5887,-7.4121],[112.5887,-7.4131],[112.5882,-7.4142],[112.5872,-7.4139],[112.5862,-7.4139],[112.5852,-7.414],[112.5841,-7.4136],[112.5831,-7.4137],[112.5821,-7.4134],[112.5808,-7.4128],[112.5798,-7.4127],[112.5793,-7.4136],[112.5791,-7.4149],[112.5778,-7.4146],[112.5773,-7.4171],[112.5771,-7.4183],[112.5768,-7.4193],[112.5763,-7.4182],[112.5753,-7.4179],[112.5744,-7.4134],[112.5744,-7.4117],[112.5745,-7.4106],[112.5754,-7.41],[112.5751,-7.4088],[112.5761,-7.4083],[112.5771,-7.4081],[112.5781,-7.408],[112.5791,-7.408],[112.579,-7.4036],[112.5791,-7.4024],[112.5799,-7.403],[112.5807,-7.4044],[112.5812,-7.4055],[112.5816,-7.4066],[112.5821,-7.4078],[112.5833,-7.4083],[112.584,-7.409],[112.585,-7.4084],[112.5862,-7.4085],[112.5872,-7.4085],[112.5883,-7.4079],[112.5889,-7.4076]]]]}},{"type":"Feature","properties":{"level":"village","regency":"Sidoarjo","district":"Jabon","village":"Kupang"},"geometry":{"type":"MultiPolygon","coordinates":[[[[112.7566,-7.5459],[112.7559,-7.5475],[112.7554,-7.549],[112.7567,-7.5496],[112.7574,-7.5507],[112.756,-7.5511],[112.755,-7.5509],[112.7539,-7.551],[112.7526,-7.5513],[112.7514,-7.5514],[112.7503,-7.5516],[112.7489,-7.5516],[112.7478,-7.5515],[112.7466,-7.5512],[112.747,-7.5499],[112.7477,-7.5507],[112.7487,-7.5506],[112.7497,-7.55],[112.7509,-7.5498],[112.7516,-7.5491],[112.7522,-7.5479],[112.7532,-7.546],[112.7544,-7.5459],[112.7558,-7.5457],[112.7566,-7.5459]]],[[[112.7687,-7.5314],[112.7702,-7.5316],[112.7716,-7.5328],[112.773,-7.5333],[112.7718,-7.5369],[112.772,-7.5383],[112.7724,-7.5393],[112.7722,-7.5407],[112.7711,-7.5414],[112.7698,-7.5416],[112.7688,-7.5417],[112.7676,-7.5419],[112.765,-7.5416],[112.7627,-7.5413],[112.759,-7.5408],[112.7589,-7.5392],[112.7592,-7.5379],[112.7595,-7.5368],[112.7598,-7.5352],[112.7615,-7.533],[112.7634,-7.5321],[112.7647,-7.532],[112.7659,-7.5323],[112.7668,-7.5317],[112.7679,-7.5314],[112.7687,-7.5314]]],[[[112.837,-7.5117],[112.8379,-7.5106],[112.8397,-7.5105],[112.8422,-7.5117],[112.8436,-7.5131],[112.845,-7.514],[112.8466,-7.5152],[112.8481,-7.5162],[112.849,-7.5173],[112.8504,-7.5171],[112.8514,-7.5178],[112.8536,-7.5179],[112.8548,-7.5187],[112.8561,-7.5197],[112.8577,-7.5205],[112.859,-7.5206],[112.8607,-7.5209],[112.8614,-7.5217],[112.86,-7.5222],[112.8578,-7.5222],[112.859,-7.5233],[112.8603,-7.5243],[112.8619,-7.5237],[112.8634,-7.5246],[112.8642,-7.5264],[112.8646,-7.5277],[112.8659,-7.5282],[112.8665,-7.5291],[112.866,-7.5306],[112.8672,-7.5306],[112.8676,-7.5322],[112.8695,-7.532],[112.8703,-7.5329],[112.8708,-7.5349],[112.8713,-7.5362],[112.8723,-7.5367],[112.8731,-7.5381],[112.8718,-7.5385],[112.8706,-7.539],[112.8688,-7.5404],[112.8697,-7.5412],[112.8695,-7.5427],[112.8689,-7.5436],[112.8698,-7.5447],[112.8689,-7.546],[112.8685,-7.5475],[112.8685,-7.5488],[112.8682,-7.5506],[112.8684,-7.5523],[112.87,-7.5526],[112.8723,-7.5535],[112.8736,-7.5546],[112.8745,-7.5593],[112.8746,-7.5622],[112.8741,-7.564],[112.8736,-7.5656],[112.8741,-7.5668],[112.8754,-7.5689],[112.8757,-7.5719],[112.8817,-7.5773],[112.8806,-7.5781],[112.874,-7.577],[112.8683,-7.5765],[112.867,-7.5767],[112.8645,-7.5783],[112.8633,-7.5795],[112.8612,-7.5801],[112.8564,-7.5802],[112.8548,-7.5797],[112.8526,-7.5794],[112.8507,-7.5795],[112.8476,-7.5795],[112.8465,-7.579],[112.8454,-7.5783],[112.8447,-7.5775],[112.844,-7.5764],[112.8433,-7.5749],[112.8425,-7.5734],[112.8417,-7.5725],[112.8402,-7.5717],[112.8389,-7.5702],[112.8375,-7.5684],[112.8374,-7.567],[112.8369,-7.5658],[112.8362,-7.5645],[112.836,-7.5624],[112.8356,-7.5613],[112.8352,-7.5604],[112.8348,-7.5589],[112.8344,-7.5576],[112.8339,-7.5558],[112.8339,-7.5548],[112.8339,-7.5538],[112.8323,-7.5527],[112.8313,-7.5526],[112.8302,-7.5528],[112.8292,-7.5528],[112.828,-7.5532],[112.8267,-7.5536],[112.8259,-7.5543],[112.8249,-7.5547],[112.8239,-7.555],[112.8227,-7.5555],[112.8215,-7.5561],[112.8206,-7.5566],[112.8189,-7.5571],[112.8176,-7.5582],[112.8167,-7.5589],[112.8146,-7.5591],[112.8129,-7.5587],[112.8122,-7.5576],[112.8113,-7.557],[112.8115,-7.5556],[112.8117,-7.5546],[112.8107,-7.5548],[112.8109,-7.5533],[112.8115,-7.5519],[112.8121,-7.5505],[112.8129,-7.5497],[112.8139,-7.5494],[112.815,-7.549],[112.8167,-7.5478],[112.8175,-7.5461],[112.8182,-7.5447],[112.8188,-7.5433],[112.8191,-7.5419],[112.8189,-7.5409],[112.8192,-7.5399],[112.8198,-7.5386],[112.8198,-7.5375],[112.8196,-7.5362],[112.819,-7.5348],[112.8178,-7.5357],[112.8167,-7.5363],[112.8157,-7.5368],[112.8155,-7.5356],[112.8158,-7.5342],[112.8159,-7.5328],[112.8156,-7.5317],[112.8151,-7.5304],[112.8157,-7.5293],[112.8146,-7.5275],[112.814,-7.5256],[112.814,-7.5238],[112.8145,-7.5224],[112.8152,-7.5216],[112.8189,-7.5199],[112.8202,-7.5189],[112.8209,-7.5177],[112.8213,-7.5166],[112.8218,-7.5154],[112.8225,-7.5138],[112.823,-7.5123],[112.8236,-7.5108],[112.8239,-7.5093],[112.8236,-7.5082],[112.8227,-7.5066],[112.8228,-7.5054],[112.8233,-7.504],[112.8237,-7.5026],[112.8236,-7.5011],[112.8233,-7.5],[112.8213,-7.4988],[112.8205,-7.4977],[112.8213,-7.4954],[112.8227,-7.493],[112.8252,-7.4944],[112.8265,-7.4957],[112.8272,-7.4964],[112.829,-7.4986],[112.8297,-7.4995],[112.831,-7.5009],[112.8316,-7.5021],[112.8351,-7.507],[112.836,-7.509],[112.8364,-7.5102],[112.8366,-7.5112],[112.837,-7.5117]]]]}},{"type":"Feature","properties":{"level":"village","regency":"Surabaya","district":"Sawahan","village":"Kupang Krajan"},"geometry":{"type":"MultiPolygon","coordinates":[[[[112.7237,-7.2682],[112.7248,-7.2684],[112.7258,-7.2687],[112.727,-7.269],[112.7282,-7.2692],[112.7286,-7.2703],[112.7281,-7.2715],[112.7276,-7.2727],[112.7272,-7.2737],[112.7268,-7.2746],[112.7258,-7.2745],[112.725,-7.2739],[112.7245,-7.273],[112.7238,-7.2722],[112.7229,-7.2715],[112.7221,-7.2709],[112.7212,-7.2705],[112.72,-7.2704],[112.7189,-7.2702],[112.718,-7.2698],[112.7169,-7.2694],[112.7159,-7.2692],[112.7149,-7.2689],[112.714,-7.2684],[112.7125,-7.2682],[112.7127,-7.2671],[112.7144,-7.2667],[112.716,-7.267],[112.7171,-7.2673],[112.7181,-7.2675],[112.7202,-7.2679],[112.7217,-7.2681],[112.7229,-7.2683],[112.7237,-7.2682]]]]}},{"type":"Feature","properties":{"level":"village","regency":"Sidoarjo","district":"Waru","village":"Kureksari"},"geometry":{"type":"MultiPolygon","coordinates":[[[[112.7395,-7.351],[112.7394,-7.3522],[112.7392,-7.3538],[112.7391,-7.3556],[112.739,-7.3567],[112.7389,-7.3582],[112.7387,-7.3593],[112.7388,-7.3604],[112.7387,-7.3618],[112.7387,-7.3629],[112.7393,-7.3638],[112.7392,-7.3648],[112.739,-7.3658],[112.7382,-7.3664],[112.7376,-7.3673],[112.7366,-7.3674],[112.7353,-7.3675],[112.7341,-7.3673],[112.7336,-7.3682],[112.7319,-7.368],[112.7314,-7.3671],[112.732,-7.3643],[112.7323,-7.3629],[112.7316,-7.3621],[112.7314,-7.3606],[112.7315,-7.3593],[112.7317,-7.3567],[112.7315,-7.3557],[112.7331,-7.3559],[112.7342,-7.3557],[112.7354,-7.3559],[112.7366,-7.3558],[112.7376,-7.3555],[112.7376,-7.3543],[112.7368,-7.3536],[112.7369,-7.3522],[112.7374,-7.3513],[112.7383,-7.3507],[112.7395,-7.351],[112.7395,-7.351]]]]}},{"type":"Feature","properties":{"level":"village","regency":"Surabaya","district":"Tenggilis Mejoyo","village":"Kutisari"},"geometry":{"type":"MultiPolygon","coordinates":[[[[112.7575,-7.3303],[112.7567,-7.3319],[112.7561,-7.3332],[112.7555,-7.3345],[112.7551,-7.3355],[112.7548,-7.3365],[112.7546,-7.3375],[112.7542,-7.3385],[112.7541,-7.3401],[112.7537,-7.3412],[112.7535,-7.3422],[112.7525,-7.3424],[112.7513,-7.3423],[112.7501,-7.3423],[112.7491,-7.3422],[112.7481,-7.3424],[112.747,-7.3421],[112.7457,-7.3417],[112.7447,-7.3414],[112.7434,-7.3411],[112.7422,-7.3407],[112.742,-7.3396],[112.7423,-7.3387],[112.7423,-7.3375],[112.7424,-7.3363],[112.7424,-7.3352],[112.7425,-7.3342],[112.7429,-7.333],[112.7432,-7.3319],[112.7434,-7.3303],[112.7437,-7.3293],[112.7453,-7.3294],[112.7464,-7.3295],[112.7474,-7.3295],[112.7485,-7.3293],[112.7496,-7.3295],[112.7509,-7.3295],[112.7524,-7.3298],[112.7535,-7.33],[112.7556,-7.3302],[112.7568,-7.3303],[112.7575,-7.3303]]]]}},{"type":"Feature","properties":{"level":"village","regency":"Sidoarjo","district":"Sedati","village":"Kwangsan"},"geometry":{"type":"MultiPolygon","coordinates":[[[[112.7633,-7.3965],[112.7631,-7.3978],[112.7629,-7.399],[112.7627,-7.4003],[112.7625,-7.4016],[112.7623,-7.4027],[112.7631,-7.4035],[112.7635,-7.4044],[112.7635,-7.4078],[112.7644,-7.4086],[112.7661,-7.4086],[112.767,-7.4094],[112.768,-7.4099],[112.7691,-7.4103],[112.7707,-7.4105],[112.7717,-7.4106],[112.7743,-7.4107],[112.7753,-7.4104],[112.7763,-7.4106],[112.7763,-7.4123],[112.7758,-7.4138],[112.7749,-7.4147],[112.7731,-7.4148],[112.7722,-7.4158],[112.7713,-7.415],[112.7703,-7.4149],[112.769,-7.4148],[112.7679,-7.4148],[112.7668,-7.4146],[112.765,-7.4143],[112.7651,-7.4129],[112.7648,-7.4118],[112.7643,-7.4109],[112.7632,-7.4106],[112.7621,-7.4105],[112.761,-7.4105],[112.76,-7.4104],[112.7605,-7.4085],[112.7597,-7.4074],[112.7587,-7.4072],[112.7576,-7.4071],[112.7559,-7.4069],[112.7549,-7.4068],[112.7538,-7.4066],[112.7541,-7.4051],[112.7544,-7.4037],[112.7546,-7.4026],[112.7553,-7.4017],[112.756,-7.4007],[112.7563,-7.3996],[112.7566,-7.3983],[112.7569,-7.3971],[112.7571,-7.396],[112.7598,-7.3959],[112.7609,-7.3961],[112.7628,-7.3964],[112.7633,-7.3965]]]]}},{"type":"Feature","properties":{"level":"village","regency":"Sidoarjo","district":"Porong","village":"Lajuk"},"geometry":{"type":"MultiPolygon","coordinates":[[[[112.6613,-7.5157],[112.6618,-7.5166],[112.6627,-7.5171],[112.6637,-7.5171],[112.6652,-7.517],[112.6662,-7.5164],[112.6671,-7.5169],[112.6682,-7.5174],[112.6693,-7.5182],[112.6701,-7.5187],[112.6708,-7.5195],[112.6719,-7.5198],[112.6729,-7.5199],[112.6739,-7.52],[112.6735,-7.521],[112.6729,-7.522],[112.6733,-7.5229],[112.6744,-7.5231],[112.6755,-7.5232],[112.6767,-7.5236],[112.6777,-7.5242],[112.678,-7.5253],[112.6774,-7.5289],[112.6766,-7.5296],[112.6758,-7.529],[112.6749,-7.5282],[112.6738,-7.5272],[112.6729,-7.5262],[112.6716,-7.5247],[112.6703,-7.525],[112.6692,-7.5254],[112.6682,-7.5257],[112.6669,-7.5258],[112.6657,-7.5254],[112.6645,-7.5252],[112.6631,-7.5253],[112.662,-7.5248],[112.6607,-7.5247],[112.6598,-7.5243],[112.6589,-7.5235],[112.6596,-7.5212],[112.66,-7.5202],[112.6596,-7.519],[112.6601,-7.518],[112.6607,-7.5163],[112.6613,-7.5157]]]]}},{"type":"Feature","properties":{"level":"village","regency":"Surabaya","district":"Lakarsantri","village":"Lakarsantri"},"geometry":{"type":"MultiPolygon","coordinates":[[[[112.6412,-7.2886],[112.6411,-7.2896],[112.6407,-7.2912],[112.6404,-7.2924],[112.64,-7.2936],[112.6393,-7.2945],[112.639,-7.2956],[112.6393,-7.2966],[112.6394,-7.2976],[112.6393,-7.2986],[112.6391,-7.2997],[112.6395,-7.3006],[112.6394,-7.3016],[112.6388,-7.3028],[112.638,-7.3035],[112.6372,-7.3041],[112.6367,-7.305],[112.6365,-7.3061],[112.6368,-7.3073],[112.637,-7.3083],[112.6371,-7.3094],[112.6366,-7.3108],[112.634,-7.3114],[112.6309,-7.3115],[112.6294,-7.3116],[112.6293,-7.3092],[112.6289,-7.3042],[112.6287,-7.3027],[112.6287,-7.3016],[112.6278,-7.3007],[112.6262,-7.3001],[112.6268,-7.2991],[112.6273,-7.2983],[112.6277,-7.2971],[112.628,-7.2959],[112.6282,-7.2948],[112.6283,-7.2938],[112.6285,-7.2922],[112.6286,-7.2907],[112.6286,-7.2896],[112.6296,-7.2892],[112.6306,-7.2891],[112.6316,-7.2888],[112.6326,-7.2887],[112.6337,-7.2891],[112.6348,-7.2891],[112.6359,-7.2888],[112.637,-7.289],[112.638,-7.2887],[112.639,-7.2887],[112.6401,-7.2886],[112.6412,-7.2886]]]]}},{"type":"Feature","properties":{"level":"village","regency":"Sidoarjo","district":"Wonoayu","village":"Lambangan"},"geometry":{"type":"MultiPolygon","coordinates":[[[[112.6353,-7.4164],[112.636,-7.4174],[112.6364,-7.4185],[112.6374,-7.4187],[112.6389,-7.419],[112.6398,-7.4182],[112.6407,-7.4177],[112.6417,-7.4177],[112.6426,-7.4182],[112.6426,-7.4193],[112.6436,-7.4201],[112.6448,-7.4205],[112.6462,-7.4206],[112.6459,-7.422],[112.6456,-7.4231],[112.6448,-7.4249],[112.6435,-7.4277],[112.6419,-7.4273],[112.6406,-7.4268],[112.6387,-7.4261],[112.6382,-7.4272],[112.6375,-7.4287],[112.6363,-7.4287],[112.6352,-7.4286],[112.6343,-7.4281],[112.6337,-7.4273],[112.6326,-7.4277],[112.6318,-7.427],[112.6323,-7.4259],[112.6327,-7.4244],[112.6317,-7.424],[112.6306,-7.4237],[112.6296,-7.4236],[112.6284,-7.4234],[112.6281,-7.4212],[112.6282,-7.42],[112.6284,-7.419],[112.6285,-7.4177],[112.6296,-7.4178],[112.6308,-7.4183],[112.6314,-7.4164],[112.6319,-7.4149],[112.6331,-7.4155],[112.6347,-7.416],[112.6353,-7.4164]]]]}},{"type":"Feature","properties":{"level":"village","regency":"Sidoarjo","district":"Candi","village":"Larangan"},"geometry":{"type":"MultiPolygon","coordinates":[[[[112.7139,-7.4665],[112.7151,-7.4671],[112.7163,-7.4674],[112.7174,-7.4675],[112.7184,-7.4679],[112.7194,-7.4678],[112.7204,-7.4675],[112.7216,-7.4677],[112.7214,-7.4688],[112.7216,-7.4698],[112.7233,-7.47],[112.7244,-7.4702],[112.724,-7.4715],[112.7235,-7.4727],[112.722,-7.4731],[112.7209,-7.4728],[112.7199,-7.4732],[112.7189,-7.4729],[112.7179,-7.4726],[112.7171,-7.4719],[112.7162,-7.4716],[112.7151,-7.4715],[112.7141,-7.4709],[112.7131,-7.4706],[112.712,-7.4706],[112.7111,-7.4701],[112.7101,-7.4699],[112.7091,-7.4697],[112.7084,-7.4689],[112.708,-7.4671],[112.709,-7.4663],[112.71,-7.466],[112.7112,-7.4659],[112.7125,-7.4663],[112.7136,-7.4665],[112.7139,-7.4665]]]]}},{"type":"Feature","properties":{"level":"village","regency":"Sidoarjo","district":"Sidoarjo","village":"Lebo"},"geometry":{"type":"MultiPolygon","coordinates":[[[[112.6702,-7.4466],[112.6712,-7.4469],[112.6721,-7.4473],[112.6728,-7.4465],[112.6738,-7.4468],[112.6748,-7.4469],[112.6758,-7.4473],[112.6769,-7.4474],[112.6772,-7.4484],[112.6768,-7.4494],[112.6765,-7.4505],[112.6762,-7.4518],[112.676,-7.4528],[112.6767,-7.4535],[112.6765,-7.4545],[112.6778,-7.4554],[112.6773,-7.4563],[112.6772,-7.458],[112.6761,-7.4609],[112.673,-7.4598],[112.672,-7.4595],[112.6706,-7.459],[112.6696,-7.4585],[112.6689,-7.4592],[112.6678,-7.4588],[112.6664,-7.4578],[112.6654,-7.4574],[112.6645,-7.4569],[112.6631,-7.4562],[112.6621,-7.4557],[112.661,-7.4554],[112.6615,-7.4524],[112.6622,-7.4503],[112.6633,-7.45],[112.6643,-7.4502],[112.6648,-7.4492],[112.6655,-7.4477],[112.6659,-7.4459],[112.6661,-7.4448],[112.667,-7.4443],[112.668,-7.4448],[112.6689,-7.4453],[112.6698,-7.4457],[112.6702,-7.4466]]]]}},{"type":"Feature","properties":{"level":"village","regency":"Sidoarjo","district":"Sidoarjo","village":"Lemahputro"},"geometry":{"type":"MultiPolygon","coordinates":[[[[112.7091,-7.449],[112.7092,-7.4505],[112.7103,-7.4505],[112.7108,-7.4517],[112.7105,-7.4528],[112.7116,-7.4531],[112.7127,-7.4532],[112.7137,-7.4535],[112.715,-7.4537],[112.7157,-7.4544],[112.7167,-7.4549],[112.7163,-7.456],[112.7158,-7.4573],[112.7159,-7.4586],[112.715,-7.4594],[112.7139,-7.4589],[112.7127,-7.4585],[112.7117,-7.4582],[112.7109,-7.4574],[112.7099,-7.4577],[112.709,-7.4582],[112.7079,-7.4583],[112.7065,-7.4579],[112.7061,-7.4569],[112.7064,-7.4549],[112.7068,-7.4537],[112.7056,-7.4529],[112.7044,-7.4524],[112.7028,-7.4518],[112.7024,-7.4502],[112.7028,-7.4485],[112.704,-7.4482],[112.7052,-7.4485],[112.7073,-7.4489],[112.7085,-7.449],[112.7091,-7.449]]]]}},{"type":"Feature","properties":{"level":"village","regency":"Sidoarjo","district":"Krembung","village":"Lemujut"},"geometry":{"type":"MultiPolygon","coordinates":[[[[112.6189,-7.4942],[112.6199,-7.495],[112.6206,-7.4958],[112.6216,-7.4971],[112.6216,-7.4982],[112.6205,-7.4986],[112.6196,-7.4998],[112.619,-7.5013],[112.6187,-7.5023],[112.6178,-7.5044],[112.6174,-7.5054],[112.617,-7.5064],[112.6178,-7.5072],[112.6171,-7.5081],[112.6161,-7.5086],[112.6151,-7.5092],[112.6141,-7.5095],[112.6128,-7.5086],[112.6121,-7.5079],[112.6106,-7.5072],[112.6095,-7.507],[112.6084,-7.5064],[112.6094,-7.5046],[112.6112,-7.5011],[112.6117,-7.5001],[112.6124,-7.499],[112.6128,-7.4975],[112.6143,-7.4974],[112.6146,-7.4957],[112.6149,-7.4942],[112.616,-7.4939],[112.6172,-7.494],[112.6189,-7.4942]]]]}},{"type":"Feature","properties":{"level":"village","regency":"Surabaya","district":"Lakarsantri","village":"Lidah Kulon"},"geometry":{"type":"MultiPolygon","coordinates":[[[[112.6625,-7.291],[112.6625,-7.2924],[112.6624,-7.2934],[112.6623,-7.2945],[112.6619,-7.2958],[112.6616,-7.2968],[112.6624,-7.2976],[112.6634,-7.2987],[112.6633,-7.2999],[112.6636,-7.301],[112.6634,-7.302],[112.6632,-7.3033],[112.6626,-7.3043],[112.6623,-7.3053],[112.6623,-7.3063],[112.6631,-7.3071],[112.6631,-7.3088],[112.6628,-7.3099],[112.6626,-7.311],[112.6624,-7.3121],[112.6619,-7.3144],[112.6615,-7.3161],[112.6599,-7.3161],[112.6581,-7.3159],[112.6566,-7.3157],[112.6543,-7.3154],[112.6528,-7.3151],[112.6516,-7.3149],[112.6505,-7.3147],[112.6495,-7.3146],[112.648,-7.3144],[112.648,-7.3131],[112.6482,-7.3116],[112.6483,-7.3099],[112.6483,-7.3082],[112.6485,-7.3072],[112.6486,-7.3059],[112.6488,-7.3048],[112.6487,-7.3038],[112.649,-7.3027],[112.6484,-7.3018],[112.6487,-7.3008],[112.6501,-7.3005],[112.65,-7.2993],[112.6497,-7.2979],[112.6494,-7.2964],[112.6491,-7.295],[112.6489,-7.2937],[112.6486,-7.2924],[112.6494,-7.2912],[112.6506,-7.2909],[112.6521,-7.2904],[112.6541,-7.29],[112.6556,-7.29],[112.6567,-7.2899],[112.6586,-7.2901],[112.66,-7.2905],[112.6623,-7.291],[112.6625,-7.291]]]]}},{"type":"Feature","properties":{"level":"village","regency":"Surabaya","district":"Lakarsantri","village":"Lidah Wetan"},"geometry":{"type":"MultiPolygon","coordinates":[[[[112.6719,-7.2925],[112.6717,-7.2938],[112.6729,-7.2942],[112.6745,-7.2942],[112.6756,-7.2943],[112.6756,-7.2964],[112.6756,-7.2979],[112.6756,-7.2992],[112.6742,-7.3001],[112.6738,-7.3019],[112.6739,-7.3029],[112.6743,-7.3039],[112.6743,-7.3049],[112.6744,-7.3062],[112.6743,-7.3073],[112.6741,-7.3087],[112.6739,-7.3099],[112.6736,-7.3112],[112.6734,-7.3123],[112.6731,-7.3134],[112.6728,-7.3145],[112.6724,-7.3157],[112.6718,-7.3168],[112.6709,-7.3174],[112.6698,-7.3172],[112.668,-7.3169],[112.6666,-7.3168],[112.6648,-7.3166],[112.6625,-7.3164],[112.6615,-7.3161],[112.6619,-7.3144],[112.6622,-7.3127],[112.6626,-7.311],[112.6628,-7.3099],[112.6631,-7.3088],[112.6634,-7.3075],[112.6624,-7.3071],[112.6623,-7.306],[112.6624,-7.3049],[112.6629,-7.3035],[112.6634,-7.3021],[112.6636,-7.301],[112.6633,-7.2999],[112.6634,-7.2989],[112.6625,-7.2983],[112.6622,-7.2972],[112.6618,-7.2962],[112.662,-7.2952],[112.6624,-7.2938],[112.6625,-7.2928],[112.6624,-7.2912],[112.6654,-7.2914],[112.6665,-7.2917],[112.6681,-7.2919],[112.6694,-7.2919],[112.6711,-7.2925],[112.6719,-7.2925]]]]}},{"type":"Feature","properties":{"level":"village","regency":"Surabaya","district":"Sambikerep","village":"Lontar"},"geometry":{"type":"MultiPolygon","coordinates":[[[[112.6759,-7.2621],[112.6764,-7.263],[112.6762,-7.264],[112.6763,-7.2653],[112.676,-7.2663],[112.6768,-7.267],[112.6758,-7.2673],[112.6746,-7.2669],[112.6733,-7.2673],[112.6732,-7.2685],[112.6729,-7.2696],[112.6726,-7.2707],[112.6736,-7.2715],[112.6746,-7.2711],[112.677,-7.2718],[112.6784,-7.2727],[112.6791,-7.274],[112.6801,-7.2756],[112.6808,-7.2765],[112.682,-7.2763],[112.683,-7.2755],[112.6837,-7.2764],[112.6832,-7.2777],[112.6824,-7.2784],[112.6811,-7.2794],[112.6803,-7.2801],[112.6793,-7.2804],[112.6784,-7.2814],[112.6782,-7.283],[112.6764,-7.2833],[112.6753,-7.2831],[112.6741,-7.2827],[112.674,-7.2838],[112.6743,-7.2849],[112.675,-7.2856],[112.675,-7.2866],[112.6748,-7.2877],[112.6748,-7.2888],[112.6738,-7.2883],[112.6729,-7.2909],[112.6721,-7.2919],[112.6711,-7.2925],[112.6697,-7.2921],[112.6686,-7.2917],[112.6674,-7.2919],[112.6663,-7.2915],[112.6633,-7.2911],[112.6608,-7.2907],[112.6586,-7.2901],[112.6568,-7.2897],[112.6556,-7.29],[112.6544,-7.29],[112.6521,-7.29],[112.6521,-7.2884],[112.6538,-7.2878],[112.6545,-7.287],[112.6545,-7.2858],[112.6554,-7.2852],[112.6563,-7.2846],[112.6565,-7.2833],[112.6575,-7.2829],[112.658,-7.2816],[112.6582,-7.2805],[112.6586,-7.2791],[112.6589,-7.2781],[112.6592,-7.2768],[112.6596,-7.2757],[112.6599,-7.2746],[112.6603,-7.2732],[112.6607,-7.272],[112.6616,-7.2713],[112.6625,-7.2706],[112.6635,-7.2703],[112.665,-7.2708],[112.6656,-7.272],[112.6671,-7.2719],[112.6685,-7.2708],[112.6693,-7.2697],[112.6686,-7.2688],[112.6672,-7.2685],[112.6661,-7.2683],[112.6664,-7.2669],[112.6667,-7.2657],[112.6669,-7.2646],[112.6672,-7.2632],[112.6685,-7.2637],[112.6697,-7.2637],[112.6708,-7.2636],[112.6715,-7.2624],[112.6725,-7.2625],[112.6736,-7.2624],[112.6749,-7.262],[112.6759,-7.2621]]]]}},{"type":"Feature","properties":{"level":"village","regency":"Surabaya","district":"Sambikerep","village":"Made"},"geometry":{"type":"MultiPolygon","coordinates":[[[[112.6362,-7.2646],[112.6363,-7.266],[112.6367,-7.2673],[112.6374,-7.2681],[112.6384,-7.2683],[112.6398,-7.2681],[112.6414,-7.2683],[112.6421,-7.2691],[112.6432,-7.2696],[112.6441,-7.2701],[112.6448,-7.2693],[112.6452,-7.2703],[112.6462,-7.2701],[112.6474,-7.2705],[112.6482,-7.2712],[112.6478,-7.2721],[112.6477,-7.2732],[112.647,-7.2742],[112.6461,-7.2747],[112.6454,-7.2761],[112.6459,-7.2786],[112.6448,-7.2788],[112.6438,-7.2792],[112.6433,-7.2802],[112.6426,-7.281],[112.6426,-7.282],[112.6423,-7.2832],[112.6412,-7.2838],[112.6406,-7.2847],[112.6409,-7.286],[112.6409,-7.287],[112.6399,-7.2878],[112.639,-7.2887],[112.6377,-7.2889],[112.6367,-7.2886],[112.6356,-7.2889],[112.6345,-7.2891],[112.6335,-7.289],[112.6325,-7.2886],[112.6314,-7.2889],[112.63,-7.2891],[112.629,-7.2895],[112.6286,-7.2886],[112.6284,-7.2876],[112.6283,-7.2862],[112.628,-7.2851],[112.6273,-7.2842],[112.6267,-7.2829],[112.6267,-7.2812],[112.6273,-7.2802],[112.6277,-7.2793],[112.6279,-7.2783],[112.6272,-7.2775],[112.6269,-7.2765],[112.6279,-7.2761],[112.629,-7.2758],[112.6302,-7.2753],[112.6314,-7.2747],[112.632,-7.2722],[112.6319,-7.2709],[112.6318,-7.269],[112.6316,-7.2672],[112.6317,-7.2662],[112.6326,-7.2645],[112.6339,-7.2641],[112.6351,-7.2645],[112.6362,-7.2646]]]]}},{"type":"Feature","properties":{"level":"village","regency":"Sidoarjo","district":"Sidoarjo","village":"Magersari"},"geometry":{"type":"MultiPolygon","coordinates":[[[[112.7146,-7.4423],[112.7156,-7.4427],[112.7168,-7.443],[112.7185,-7.4434],[112.7183,-7.4444],[112.7188,-7.4453],[112.7176,-7.447],[112.717,-7.4486],[112.7162,-7.4496],[112.7158,-7.4506],[112.7145,-7.45],[112.7135,-7.4494],[112.7128,-7.4487],[112.7118,-7.4489],[112.7106,-7.4486],[112.7097,-7.449],[112.7086,-7.449],[112.7074,-7.4489],[112.7053,-7.4485],[112.704,-7.4482],[112.7027,-7.4479],[112.703,-7.4467],[112.704,-7.4462],[112.7043,-7.4453],[112.7045,-7.4443],[112.7047,-7.4433],[112.7058,-7.4422],[112.707,-7.4415],[112.7076,-7.4406],[112.7087,-7.4403],[112.7097,-7.4403],[112.7108,-7.4406],[112.7118,-7.441],[112.713,-7.4417],[112.7139,-7.4421],[112.7146,-7.4423]]]]}},{"type":"Feature","properties":{"level":"village","regency":"Surabaya","district":"Tandes","village":"Manukan Kulon"},"geometry":{"type":"MultiPolygon","coordinates":[[[[112.6715,-7.2624],[112.6713,-7.2636],[112.67,-7.2637],[112.6685,-7.2637],[112.6672,-7.2632],[112.667,-7.2643],[112.6667,-7.2653],[112.6665,-7.2665],[112.6662,-7.2678],[112.6672,-7.2685],[112.6682,-7.2687],[112.6698,-7.2691],[112.669,-7.2708],[112.6681,-7.2717],[112.6661,-7.2722],[112.6651,-7.2717],[112.6641,-7.2704],[112.6631,-7.2702],[112.6623,-7.2695],[112.6625,-7.2685],[112.6628,-7.2675],[112.6628,-7.2664],[112.6631,-7.2653],[112.6622,-7.2647],[112.6614,-7.264],[112.6609,-7.2631],[112.6599,-7.2626],[112.6591,-7.2618],[112.6589,-7.2607],[112.6599,-7.2604],[112.6609,-7.2605],[112.662,-7.2604],[112.6631,-7.26],[112.6635,-7.2589],[112.6636,-7.2577],[112.6635,-7.2567],[112.6628,-7.2555],[112.6644,-7.2493],[112.6656,-7.2495],[112.6669,-7.2499],[112.6675,-7.251],[112.6687,-7.2509],[112.6699,-7.2509],[112.6699,-7.2521],[112.671,-7.2529],[112.6707,-7.254],[112.6702,-7.2558],[112.6699,-7.257],[112.6709,-7.2574],[112.6719,-7.2579],[112.6721,-7.259],[112.6717,-7.26],[112.6716,-7.261],[112.6715,-7.2621],[112.6715,-7.2624]]]]}},{"type":"Feature","properties":{"level":"village","regency":"Surabaya","district":"Tandes","village":"Manukan Wetan"},"geometry":{"type":"MultiPolygon","coordinates":[[[[112.6605,-7.2373],[112.6612,-7.2381],[112.6624,-7.2386],[112.6637,-7.2389],[112.6646,-7.2393],[112.6655,-7.24],[112.6657,-7.241],[112.666,-7.242],[112.6671,-7.2421],[112.6678,-7.2414],[112.6697,-7.2419],[112.67,-7.2407],[112.67,-7.2397],[112.6707,-7.2388],[112.6714,-7.2374],[112.6724,-7.2375],[112.6734,-7.2375],[112.6745,-7.2377],[112.6755,-7.2381],[112.6753,-7.2393],[112.6752,-7.2404],[112.6751,-7.2414],[112.6744,-7.2425],[112.6743,-7.2435],[112.674,-7.2446],[112.6741,-7.2457],[112.6743,-7.2467],[112.6746,-7.2478],[112.6745,-7.2488],[112.6754,-7.2498],[112.6757,-7.2509],[112.6767,-7.2515],[112.6772,-7.2525],[112.6771,-7.2536],[112.6773,-7.2546],[112.6777,-7.2556],[112.6779,-7.2569],[112.6773,-7.2577],[112.6772,-7.2588],[112.677,-7.2599],[112.6764,-7.2607],[112.676,-7.2617],[112.6749,-7.262],[112.6739,-7.2621],[112.6726,-7.2625],[112.6715,-7.2624],[112.6716,-7.2613],[112.6717,-7.26],[112.6721,-7.259],[112.6721,-7.2579],[112.6709,-7.2574],[112.6698,-7.2573],[112.6702,-7.2558],[112.6705,-7.2546],[112.671,-7.2529],[112.6697,-7.2526],[112.67,-7.2516],[112.669,-7.251],[112.668,-7.2511],[112.6672,-7.2503],[112.6662,-7.2497],[112.6648,-7.2493],[112.6635,-7.2492],[112.6632,-7.248],[112.6608,-7.2475],[112.6603,-7.2484],[112.6592,-7.2482],[112.6584,-7.2476],[112.6573,-7.2471],[112.6559,-7.2469],[112.6549,-7.2471],[112.6548,-7.2461],[112.6547,-7.2451],[112.6546,-7.2441],[112.6545,-7.2431],[112.6544,-7.2421],[112.6547,-7.2411],[112.6555,-7.2405],[112.6563,-7.2398],[112.6571,-7.2391],[112.6581,-7.2387],[112.6591,-7.2391],[112.6593,-7.238],[112.6599,-7.2372],[112.6605,-7.2373]]]]}},{"type":"Feature","properties":{"level":"village","regency":"Surabaya","district":"Mulyorejo","village":"Manyar Sabrangan"},"geometry":{"type":"MultiPolygon","coordinates":[[[[112.7818,-7.2845],[112.7818,-7.2835],[112.7814,-7.2826],[112.7795,-7.2821],[112.7777,-7.2824],[112.7765,-7.2822],[112.7735,-7.2818],[112.7724,-7.2815],[112.7705,-7.2811],[112.7701,-7.2821],[112.7697,-7.2833],[112.7688,-7.284],[112.7684,-7.2851],[112.7666,-7.2851],[112.7654,-7.2849],[112.765,-7.2861],[112.7645,-7.287],[112.7644,-7.2882],[112.7641,-7.2891],[112.763,-7.2892],[112.7633,-7.288],[112.7631,-7.2869],[112.7627,-7.2852],[112.7624,-7.2842],[112.7621,-7.283],[112.7621,-7.282],[112.7622,-7.281],[112.7622,-7.2799],[112.7622,-7.2788],[112.7622,-7.2772],[112.7647,-7.2774],[112.7645,-7.2786],[112.7644,-7.2796],[112.7655,-7.2798],[112.767,-7.28],[112.7687,-7.2802],[112.7699,-7.2803],[112.771,-7.2804],[112.772,-7.2804],[112.7724,-7.278],[112.7734,-7.2777],[112.7745,-7.2778],[112.7756,-7.2778],[112.7767,-7.2777],[112.7778,-7.2777],[112.7788,-7.2776],[112.7799,-7.2775],[112.7809,-7.2773],[112.7822,-7.2772],[112.7833,-7.277],[112.7841,-7.2785],[112.7844,-7.2801],[112.7857,-7.28],[112.7857,-7.2811],[112.7856,-7.2823],[112.7853,-7.2836],[112.784,-7.2842],[112.7818,-7.2845]]],[[[112.7722,-7.2893],[112.771,-7.2894],[112.7711,-7.2876],[112.7713,-7.2865],[112.7715,-7.2851],[112.7735,-7.2853],[112.7733,-7.2864],[112.773,-7.2874],[112.7726,-7.2886],[112.7722,-7.2893]]]]}},{"type":"Feature","properties":{"level":"village","regency":"Surabaya","district":"Wonocolo","village":"Margorejo"},"geometry":{"type":"MultiPolygon","coordinates":[[[[112.739,-7.312],[112.7396,-7.3129],[112.7409,-7.3133],[112.7421,-7.3132],[112.743,-7.3126],[112.7449,-7.3132],[112.7465,-7.3135],[112.7483,-7.3138],[112.7482,-7.3148],[112.7479,-7.3159],[112.7482,-7.3169],[112.7478,-7.3182],[112.747,-7.3189],[112.7451,-7.3186],[112.7439,-7.3188],[112.7428,-7.3186],[112.7417,-7.3185],[112.7404,-7.3183],[112.739,-7.3178],[112.7381,-7.317],[112.7372,-7.3174],[112.7362,-7.3167],[112.7352,-7.3165],[112.735,-7.3177],[112.7345,-7.3186],[112.7335,-7.3191],[112.7339,-7.3175],[112.7342,-7.3163],[112.7344,-7.3151],[112.7347,-7.3138],[112.7349,-7.3126],[112.7352,-7.3113],[112.7365,-7.3115],[112.7379,-7.3118],[112.739,-7.312],[112.739,-7.312]]]]}},{"type":"Feature","properties":{"level":"village","regency":"Sidoarjo","district":"Sukodono","village":"Masangan Kulon"},"geometry":{"type":"MultiPolygon","coordinates":[[[[112.6904,-7.3759],[112.6913,-7.3766],[112.6918,-7.3775],[112.6921,-7.3785],[112.693,-7.3793],[112.693,-7.3812],[112.6936,-7.3821],[112.6952,-7.3828],[112.6962,-7.3835],[112.6969,-7.3842],[112.6967,-7.3855],[112.6965,-7.3868],[112.6947,-7.387],[112.6931,-7.3892],[112.6923,-7.3906],[112.6918,-7.3916],[112.6911,-7.3928],[112.6901,-7.3924],[112.6893,-7.3917],[112.6883,-7.3905],[112.6874,-7.3898],[112.6864,-7.3891],[112.6854,-7.3887],[112.6844,-7.3885],[112.6833,-7.3884],[112.6822,-7.3884],[112.6816,-7.3872],[112.6818,-7.3862],[112.6823,-7.3848],[112.6821,-7.3837],[112.6821,-7.3827],[112.682,-7.3812],[112.6822,-7.3799],[112.6825,-7.3788],[112.6832,-7.3777],[112.6838,-7.3768],[112.6856,-7.3758],[112.6865,-7.3753],[112.6875,-7.3753],[112.6887,-7.3754],[112.6904,-7.3759]]]]}},{"type":"Feature","properties":{"level":"village","regency":"Sidoarjo","district":"Sukodono","village":"Masangan Wetan"},"geometry":{"type":"MultiPolygon","coordinates":[[[[112.6987,-7.3849],[112.7004,-7.3854],[112.7017,-7.3859],[112.7028,-7.3861],[112.7039,-7.3863],[112.7047,-7.3873],[112.7044,-7.3883],[112.7042,-7.3894],[112.7041,-7.3906],[112.7039,-7.3917],[112.7036,-7.3929],[112.7033,-7.3942],[112.7018,-7.3941],[112.7008,-7.394],[112.7,-7.3946],[112.6997,-7.3956],[112.6993,-7.3967],[112.6977,-7.3972],[112.6965,-7.3969],[112.6948,-7.3968],[112.6937,-7.3968],[112.6925,-7.3969],[112.6923,-7.3954],[112.6914,-7.3943],[112.6908,-7.3932],[112.6914,-7.3923],[112.6923,-7.3906],[112.6931,-7.3892],[112.6942,-7.3877],[112.6957,-7.3873],[112.6967,-7.3855],[112.6969,-7.3844],[112.6984,-7.385],[112.6987,-7.3849]]]]}},{"type":"Feature","properties":{"level":"village","regency":"Sidoarjo","district":"Waru","village":"Medaeng"},"geometry":{"type":"MultiPolygon","coordinates":[[[[112.7119,-7.3507],[112.7134,-7.3511],[112.7148,-7.3512],[112.716,-7.3515],[112.7178,-7.352],[112.719,-7.3522],[112.7202,-7.3525],[112.7213,-7.353],[112.7224,-7.3532],[112.7235,-7.3535],[112.7245,-7.3539],[112.7255,-7.3543],[112.7259,-7.3555],[112.7258,-7.3567],[112.7241,-7.3564],[112.7237,-7.358],[112.7224,-7.3582],[112.7214,-7.3579],[112.7204,-7.3577],[112.7193,-7.3577],[112.7183,-7.3585],[112.7174,-7.359],[112.7161,-7.3597],[112.7149,-7.36],[112.7134,-7.3603],[112.7122,-7.3605],[112.7111,-7.3607],[112.7101,-7.3607],[112.7087,-7.3608],[112.709,-7.3598],[112.7095,-7.3589],[112.7101,-7.358],[112.7098,-7.3567],[112.7099,-7.3544],[112.7094,-7.3532],[112.7098,-7.3513],[112.7099,-7.3502],[112.7113,-7.3506],[112.7119,-7.3507]]]]}},{"type":"Feature","properties":{"level":"village","regency":"Sidoarjo","district":"Tulangan","village":"Medalem"},"geometry":{"type":"MultiPolygon","coordinates":[[[[112.6648,-7.479],[112.6639,-7.4784],[112.6628,-7.4784],[112.6624,-7.4772],[112.6614,-7.477],[112.6605,-7.4775],[112.6596,-7.4782],[112.6585,-7.4781],[112.6569,-7.4778],[112.6571,-7.4763],[112.6571,-7.4751],[112.6567,-7.474],[112.6548,-7.4737],[112.6552,-7.4722],[112.6555,-7.4711],[112.6557,-7.4701],[112.6568,-7.4698],[112.6579,-7.4689],[112.6598,-7.4686],[112.6612,-7.4684],[112.6616,-7.4694],[112.6626,-7.4696],[112.6634,-7.4704],[112.6636,-7.4717],[112.6637,-7.473],[112.664,-7.4741],[112.6645,-7.4753],[112.6639,-7.4762],[112.6644,-7.4779],[112.6648,-7.4788],[112.6648,-7.479]]]]}},{"type":"Feature","properties":{"level":"village","regency":"Surabaya","district":"Rungkut","village":"Medokan Ayu"},"geometry":{"type":"MultiPolygon","coordinates":[[[[112.8355,-7.3194],[112.8363,-7.3209],[112.8371,-7.3217],[112.8371,-7.3227],[112.8359,-7.3231],[112.834,-7.3256],[112.8328,-7.329],[112.8321,-7.3323],[112.8315,-7.3335],[112.8306,-7.3347],[112.8281,-7.333],[112.827,-7.3329],[112.8264,-7.3321],[112.826,-7.3311],[112.8249,-7.3308],[112.8235,-7.3309],[112.8226,-7.3305],[112.8214,-7.3305],[112.8202,-7.3305],[112.8189,-7.3307],[112.8178,-7.3306],[112.8163,-7.3306],[112.8153,-7.3306],[112.814,-7.3307],[112.8124,-7.3309],[112.8101,-7.331],[112.8089,-7.3311],[112.8077,-7.3312],[112.8067,-7.3315],[112.8055,-7.3316],[112.8045,-7.332],[112.8035,-7.3322],[112.8016,-7.3325],[112.8003,-7.3327],[112.7984,-7.3329],[112.7969,-7.3331],[112.7958,-7.3333],[112.7948,-7.3334],[112.7922,-7.3331],[112.7905,-7.3328],[112.789,-7.3324],[112.788,-7.3321],[112.788,-7.3311],[112.7881,-7.3297],[112.7881,-7.328],[112.7881,-7.3262],[112.7899,-7.3258],[112.7911,-7.3256],[112.7921,-7.3255],[112.792,-7.3243],[112.7918,-7.3229],[112.7911,-7.3206],[112.7933,-7.3201],[112.7943,-7.3199],[112.7957,-7.3196],[112.7967,-7.3192],[112.7977,-7.3189],[112.7988,-7.3187],[112.7998,-7.3184],[112.8008,-7.3182],[112.8021,-7.3179],[112.8035,-7.3176],[112.8048,-7.3174],[112.8058,-7.3171],[112.808,-7.3167],[112.809,-7.3167],[112.8101,-7.3167],[112.8112,-7.3166],[112.8122,-7.3166],[112.8135,-7.3167],[112.8144,-7.3159],[112.8145,-7.3148],[112.8154,-7.3143],[112.8163,-7.3137],[112.8169,-7.3129],[112.8179,-7.3123],[112.8188,-7.3117],[112.8192,-7.3106],[112.82,-7.3112],[112.8212,-7.3107],[112.8226,-7.3116],[112.8241,-7.3125],[112.825,-7.313],[112.8259,-7.3136],[112.8265,-7.3148],[112.8271,-7.3156],[112.8278,-7.3163],[112.8287,-7.3169],[112.8296,-7.3174],[112.8307,-7.3176],[112.8317,-7.3176],[112.8327,-7.3179],[112.8336,-7.3183],[112.8345,-7.3188],[112.8354,-7.3194],[112.8355,-7.3194]]]]}},{"type":"Feature","properties":{"level":"village","regency":"Surabaya","district":"Sukolilo","village":"Medokan Semampir"},"geometry":{"type":"MultiPolygon","coordinates":[[[[112.806,-7.3038],[112.8063,-7.3048],[112.807,-7.3056],[112.8078,-7.3063],[112.8085,-7.3072],[112.8081,-7.3082],[112.8072,-7.3087],[112.8062,-7.3087],[112.8052,-7.3083],[112.8042,-7.3079],[112.8033,-7.3075],[112.8023,-7.3075],[112.8013,-7.3077],[112.8003,-7.3078],[112.7992,-7.3079],[112.7981,-7.3079],[112.797,-7.3079],[112.7959,-7.3079],[112.7948,-7.3078],[112.7937,-7.3077],[112.7926,-7.3076],[112.7916,-7.3075],[112.7906,-7.3077],[112.7895,-7.308],[112.7884,-7.3083],[112.7872,-7.3087],[112.786,-7.309],[112.7848,-7.3094],[112.7838,-7.3097],[112.7827,-7.3101],[112.7818,-7.3104],[112.7808,-7.3107],[112.7798,-7.3108],[112.7787,-7.3106],[112.7776,-7.3104],[112.7765,-7.3101],[112.7755,-7.3098],[112.7744,-7.3095],[112.7732,-7.3092],[112.7737,-7.3083],[112.7748,-7.3081],[112.7755,-7.3073],[112.7764,-7.3067],[112.7765,-7.3054],[112.7773,-7.3046],[112.7785,-7.3047],[112.7796,-7.3047],[112.7808,-7.3047],[112.7818,-7.3048],[112.7828,-7.3039],[112.784,-7.3038],[112.7852,-7.3039],[112.7863,-7.3039],[112.7873,-7.3038],[112.7887,-7.3041],[112.7901,-7.3044],[112.7905,-7.3029],[112.7908,-7.3018],[112.7911,-7.3005],[112.7899,-7.2999],[112.7885,-7.2995],[112.7877,-7.3004],[112.7875,-7.3014],[112.7858,-7.3018],[112.7857,-7.3007],[112.7857,-7.2991],[112.7864,-7.2982],[112.7865,-7.2966],[112.7886,-7.2961],[112.7896,-7.2967],[112.7905,-7.2973],[112.7916,-7.2979],[112.7925,-7.2983],[112.7935,-7.2988],[112.7944,-7.2992],[112.7953,-7.2997],[112.7964,-7.3002],[112.7973,-7.3006],[112.7982,-7.3011],[112.7987,-7.3021],[112.7991,-7.303],[112.7999,-7.3037],[112.8008,-7.304],[112.8018,-7.3043],[112.8029,-7.3044],[112.8039,-7.3045],[112.8049,-7.3046],[112.8059,-7.304],[112.806,-7.3038]]]]}},{"type":"Feature","properties":{"level":"village","regency":"Surabaya","district":"Gayungan","village":"Menanggal"},"geometry":{"type":"MultiPolygon","coordinates":[[[[112.7293,-7.3382],[112.7293,-7.3395],[112.7293,-7.3409],[112.7293,-7.3429],[112.7293,-7.3441],[112.727,-7.3433],[112.7254,-7.3428],[112.724,-7.3423],[112.7229,-7.342],[112.7215,-7.3416],[112.7204,-7.3413],[112.7194,-7.341],[112.7184,-7.3407],[112.7175,-7.3403],[112.7177,-7.3393],[112.7194,-7.3388],[112.7198,-7.3375],[112.72,-7.3362],[112.7214,-7.3361],[112.7232,-7.3364],[112.7243,-7.3376],[112.7252,-7.3381],[112.7262,-7.3386],[112.7272,-7.3388],[112.7283,-7.3393],[112.7283,-7.338],[112.7293,-7.3382]]]]}},{"type":"Feature","properties":{"level":"village","regency":"Surabaya","district":"Sukolilo","village":"Menur Pumpungan"},"geometry":{"type":"MultiPolygon","coordinates":[[[[112.7684,-7.2851],[112.7694,-7.2852],[112.7702,-7.2858],[112.7714,-7.2859],[112.7713,-7.2869],[112.7708,-7.2894],[112.772,-7.2893],[112.7723,-7.2905],[112.7725,-7.2917],[112.7727,-7.2927],[112.7729,-7.2937],[112.7731,-7.2947],[112.7729,-7.2959],[112.7727,-7.2976],[112.7725,-7.2989],[112.7724,-7.3],[112.7709,-7.3],[112.7698,-7.3],[112.7682,-7.2999],[112.7658,-7.2997],[112.7645,-7.2996],[112.7635,-7.2995],[112.7625,-7.2994],[112.762,-7.2979],[112.7621,-7.2962],[112.7622,-7.2951],[112.7623,-7.294],[112.7625,-7.2926],[112.7626,-7.2916],[112.7629,-7.2901],[112.7637,-7.2893],[112.7643,-7.2885],[112.7644,-7.2873],[112.765,-7.2863],[112.7654,-7.2849],[112.7666,-7.2854],[112.7677,-7.2851],[112.7684,-7.2851]]]]}},{"type":"Feature","properties":{"level":"village","regency":"Sidoarjo","district":"Tarik","village":"Mergobener"},"geometry":{"type":"MultiPolygon","coordinates":[[[[112.5354,-7.4644],[112.5371,-7.465],[112.5373,-7.4662],[112.5379,-7.4672],[112.5378,-7.4684],[112.5377,-7.4698],[112.5373,-7.4708],[112.5361,-7.471],[112.5351,-7.4712],[112.5341,-7.4712],[112.5331,-7.471],[112.5322,-7.4703],[112.5304,-7.4695],[112.5292,-7.4692],[112.528,-7.4692],[112.5269,-7.4692],[112.5258,-7.469],[112.5247,-7.4689],[112.5231,-7.4684],[112.5215,-7.4679],[112.5205,-7.4676],[112.5199,-7.4668],[112.5201,-7.4658],[112.5204,-7.4645],[112.5206,-7.4633],[112.5208,-7.4623],[112.523,-7.4621],[112.5245,-7.4615],[112.5256,-7.4619],[112.5273,-7.4623],[112.5281,-7.4612],[112.5294,-7.4615],[112.53,-7.4605],[112.531,-7.4599],[112.531,-7.461],[112.5308,-7.4621],[112.5317,-7.4628],[112.5322,-7.4638],[112.5335,-7.4641],[112.5348,-7.4642],[112.5354,-7.4644]]]]}},{"type":"Feature","properties":{"level":"village","regency":"Sidoarjo","district":"Tarik","village":"Mergosari"},"geometry":{"type":"MultiPolygon","coordinates":[[[[112.5296,-7.4519],[112.5305,-7.4524],[112.5314,-7.4528],[112.5324,-7.4533],[112.5331,-7.4542],[112.5346,-7.4543],[112.5358,-7.4544],[112.5375,-7.4546],[112.5386,-7.4546],[112.5385,-7.4558],[112.5382,-7.4571],[112.538,-7.4582],[112.5385,-7.4591],[112.5375,-7.4593],[112.5364,-7.4594],[112.536,-7.4603],[112.536,-7.4613],[112.5357,-7.4629],[112.5355,-7.4639],[112.5345,-7.4641],[112.5335,-7.4641],[112.5323,-7.4638],[112.5317,-7.4629],[112.5308,-7.4623],[112.531,-7.461],[112.5313,-7.4598],[112.5302,-7.4598],[112.53,-7.461],[112.529,-7.4614],[112.5278,-7.4619],[112.5256,-7.4619],[112.5245,-7.4615],[112.5234,-7.4617],[112.5216,-7.4619],[112.5211,-7.4608],[112.5213,-7.4595],[112.5209,-7.4584],[112.5219,-7.458],[112.5227,-7.4571],[112.5235,-7.4563],[112.5245,-7.4558],[112.5255,-7.4552],[112.5262,-7.4543],[112.5273,-7.4529],[112.5279,-7.4518],[112.5288,-7.4514],[112.5296,-7.4519]]]]}},{"type":"Feature","properties":{"level":"village","regency":"Sidoarjo","district":"Porong","village":"Mindi"},"geometry":{"type":"MultiPolygon","coordinates":[[[[112.7076,-7.5361],[112.7059,-7.5384],[112.7053,-7.5392],[112.7049,-7.5402],[112.7043,-7.5415],[112.7038,-7.5429],[112.7036,-7.544],[112.704,-7.5451],[112.7026,-7.5453],[112.7005,-7.5456],[112.6987,-7.5457],[112.6983,-7.5445],[112.6986,-7.5432],[112.6999,-7.5429],[112.7001,-7.5416],[112.6993,-7.5407],[112.6996,-7.5397],[112.6999,-7.5386],[112.7004,-7.5369],[112.7007,-7.5358],[112.7011,-7.5345],[112.7021,-7.5345],[112.7036,-7.5345],[112.705,-7.535],[112.707,-7.5359],[112.7076,-7.5361]]]]}},{"type":"Feature","properties":{"level":"village","regency":"Sidoarjo","district":"Tarik","village":"Mindugading"},"geometry":{"type":"MultiPolygon","coordinates":[[[[112.5093,-7.4391],[112.51,-7.44],[112.5097,-7.4416],[112.5094,-7.4428],[112.509,-7.4455],[112.5079,-7.4459],[112.5068,-7.4458],[112.5058,-7.4456],[112.5044,-7.4454],[112.5034,-7.4453],[112.502,-7.4451],[112.5013,-7.4443],[112.5014,-7.4417],[112.5004,-7.4409],[112.4994,-7.441],[112.4983,-7.441],[112.4972,-7.4409],[112.4961,-7.4406],[112.4951,-7.4403],[112.4937,-7.4401],[112.4927,-7.4399],[112.4925,-7.4387],[112.4916,-7.438],[112.491,-7.4371],[112.491,-7.436],[112.4911,-7.4348],[112.4915,-7.4337],[112.4915,-7.4325],[112.4917,-7.4315],[112.4919,-7.4304],[112.4938,-7.4304],[112.4937,-7.4315],[112.4936,-7.4325],[112.4935,-7.4336],[112.4965,-7.434],[112.4977,-7.4341],[112.4988,-7.4337],[112.5003,-7.4335],[112.5022,-7.4345],[112.5031,-7.4356],[112.5031,-7.4368],[112.5041,-7.4379],[112.5054,-7.4382],[112.5071,-7.4385],[112.5091,-7.439],[112.5093,-7.4391]]]]}},{"type":"Feature","properties":{"level":"village","regency":"Sidoarjo","district":"Tarik","village":"Mliriprowo"},"geometry":{"type":"MultiPolygon","coordinates":[[[[112.4726,-7.4361],[112.4719,-7.4392],[112.4717,-7.4402],[112.4715,-7.4413],[112.471,-7.4427],[112.4721,-7.4434],[112.4742,-7.4439],[112.4752,-7.444],[112.4767,-7.4443],[112.4774,-7.4436],[112.4788,-7.4437],[112.4801,-7.4439],[112.4814,-7.4441],[112.4825,-7.4442],[112.4827,-7.4454],[112.4828,-7.4468],[112.4828,-7.4479],[112.4826,-7.4492],[112.4812,-7.4489],[112.4808,-7.4504],[112.4806,-7.4514],[112.4793,-7.4529],[112.4773,-7.4518],[112.4756,-7.4504],[112.4743,-7.4499],[112.4729,-7.4491],[112.472,-7.4484],[112.4706,-7.4471],[112.4695,-7.4459],[112.4686,-7.4453],[112.4673,-7.4449],[112.4654,-7.4451],[112.4639,-7.4454],[112.4624,-7.4459],[112.4609,-7.4464],[112.4598,-7.4466],[112.4582,-7.4468],[112.4571,-7.4469],[112.4569,-7.4456],[112.4572,-7.4446],[112.4577,-7.4426],[112.4589,-7.4413],[112.4595,-7.4403],[112.4597,-7.4392],[112.4607,-7.4389],[112.4621,-7.439],[112.4637,-7.4391],[112.4644,-7.4382],[112.4653,-7.4376],[112.4662,-7.4369],[112.4673,-7.4362],[112.4681,-7.4355],[112.4691,-7.4349],[112.4702,-7.4353],[112.4712,-7.4358],[112.4726,-7.4361]]]]}},{"type":"Feature","properties":{"level":"village","regency":"Sidoarjo","district":"Tulangan","village":"Modong"},"geometry":{"type":"MultiPolygon","coordinates":[[[[112.6492,-7.4524],[112.6502,-7.453],[112.6516,-7.4536],[112.6519,-7.4547],[112.6527,-7.4553],[112.6526,-7.4565],[112.6525,-7.4576],[112.6523,-7.459],[112.6521,-7.4604],[112.6531,-7.4611],[112.6543,-7.4613],[112.654,-7.4633],[112.6537,-7.4644],[112.6526,-7.4652],[112.6514,-7.4647],[112.6502,-7.4645],[112.6489,-7.4646],[112.6482,-7.4639],[112.6469,-7.4624],[112.6459,-7.462],[112.6455,-7.4605],[112.6454,-7.4588],[112.6453,-7.457],[112.6453,-7.4558],[112.6446,-7.4551],[112.644,-7.4535],[112.645,-7.4527],[112.6471,-7.4517],[112.6488,-7.4522],[112.6492,-7.4524]]]]}},{"type":"Feature","properties":{"level":"village","regency":"Surabaya","district":"Gubeng","village":"Mojo"},"geometry":{"type":"MultiPolygon","coordinates":[[[[112.7763,-7.2641],[112.7768,-7.265],[112.7778,-7.2654],[112.7765,-7.2663],[112.7757,-7.2669],[112.7749,-7.2681],[112.774,-7.2687],[112.7738,-7.2697],[112.7736,-7.2709],[112.7734,-7.272],[112.7731,-7.2731],[112.7729,-7.2742],[112.7727,-7.2754],[112.7725,-7.2769],[112.7724,-7.278],[112.7721,-7.2795],[112.7716,-7.2804],[112.7705,-7.2803],[112.7688,-7.2802],[112.7673,-7.28],[112.766,-7.2799],[112.7647,-7.2797],[112.7645,-7.2786],[112.7646,-7.2776],[112.7622,-7.2772],[112.7624,-7.2762],[112.7624,-7.2751],[112.7623,-7.274],[112.7616,-7.2729],[112.7611,-7.272],[112.7605,-7.2712],[112.7603,-7.2702],[112.7607,-7.2692],[112.7608,-7.2676],[112.7608,-7.2664],[112.7622,-7.2659],[112.7631,-7.2646],[112.7636,-7.2636],[112.7643,-7.2628],[112.7654,-7.2629],[112.7665,-7.263],[112.7675,-7.2631],[112.7686,-7.2633],[112.7698,-7.2634],[112.7708,-7.2635],[112.7721,-7.2637],[112.7733,-7.2638],[112.7743,-7.2639],[112.7756,-7.264],[112.7763,-7.2641]]]]}},{"type":"Feature","properties":{"level":"village","regency":"Sidoarjo","district":"Wonoayu","village":"Mojorangagung"},"geometry":{"type":"MultiPolygon","coordinates":[[[[112.6653,-7.4304],[112.6652,-7.4315],[112.6642,-7.4329],[112.6637,-7.4347],[112.6624,-7.435],[112.6609,-7.4347],[112.66,-7.4355],[112.6587,-7.4354],[112.6576,-7.4349],[112.6572,-7.4338],[112.6586,-7.4312],[112.6599,-7.4314],[112.6607,-7.4301],[112.6617,-7.4304],[112.6629,-7.4306],[112.6639,-7.4305],[112.6653,-7.4304]]]]}},{"type":"Feature","properties":{"level":"village","regency":"Sidoarjo","district":"Krembung","village":"Mojoruntut"},"geometry":{"type":"MultiPolygon","coordinates":[[[[112.6084,-7.5064],[112.6095,-7.507],[112.6106,-7.5072],[112.6121,-7.5079],[112.6133,-7.5092],[112.6141,-7.5104],[112.6152,-7.5107],[112.6165,-7.5113],[112.618,-7.5124],[112.6179,-7.5139],[112.6187,-7.5146],[112.6194,-7.5154],[112.6202,-7.5146],[112.6209,-7.5153],[112.6216,-7.5145],[112.6218,-7.5135],[112.6221,-7.5126],[112.6228,-7.5118],[112.624,-7.5112],[112.6252,-7.5107],[112.6262,-7.5112],[112.6271,-7.5116],[112.6281,-7.5114],[112.6292,-7.5117],[112.6303,-7.5117],[112.6313,-7.5115],[112.6314,-7.5126],[112.6311,-7.5136],[112.6317,-7.5144],[112.6327,-7.5147],[112.6338,-7.515],[112.634,-7.5161],[112.6346,-7.5171],[112.6382,-7.5181],[112.6383,-7.5196],[112.6379,-7.5223],[112.6396,-7.5225],[112.6388,-7.5232],[112.6377,-7.5233],[112.6367,-7.5231],[112.6357,-7.5229],[112.6346,-7.5226],[112.6334,-7.5225],[112.6323,-7.5222],[112.6315,-7.5228],[112.6311,-7.5239],[112.6306,-7.5248],[112.6296,-7.5244],[112.6285,-7.5239],[112.6275,-7.5234],[112.6265,-7.5226],[112.6255,-7.522],[112.6248,-7.5212],[112.6242,-7.5202],[112.623,-7.519],[112.6221,-7.5194],[112.6215,-7.5203],[112.6203,-7.5197],[112.6196,-7.5188],[112.6186,-7.5184],[112.6176,-7.5181],[112.6165,-7.5174],[112.6155,-7.5165],[112.6145,-7.5157],[112.6138,-7.5149],[112.6135,-7.5139],[112.6135,-7.5129],[112.6128,-7.512],[112.6115,-7.5111],[112.6106,-7.51],[112.6098,-7.5094],[112.6093,-7.5084],[112.6087,-7.5072],[112.6084,-7.5064]]]]}},{"type":"Feature","properties":{"level":"village","regency":"Surabaya","district":"Krembangan","village":"Morokrembangan"},"geometry":{"type":"MultiPolygon","coordinates":[[[[112.7159,-7.2124],[112.7171,-7.2131],[112.7176,-7.2144],[112.7177,-7.2157],[112.7184,-7.2169],[112.7187,-7.2181],[112.7191,-7.2194],[112.7196,-7.2211],[112.7202,-7.2232],[112.7206,-7.2242],[112.721,-7.2254],[112.7212,-7.2264],[112.7217,-7.2275],[112.7215,-7.2287],[112.7217,-7.2299],[112.7214,-7.2313],[112.7221,-7.2323],[112.7238,-7.2328],[112.7249,-7.2331],[112.7259,-7.2333],[112.7264,-7.2343],[112.7261,-7.2354],[112.7257,-7.2365],[112.7254,-7.2375],[112.7244,-7.2372],[112.7231,-7.2368],[112.7221,-7.2365],[112.7206,-7.2361],[112.7196,-7.236],[112.7187,-7.2365],[112.7176,-7.2363],[112.7166,-7.236],[112.7156,-7.236],[112.715,-7.2368],[112.7147,-7.2379],[112.7146,-7.2389],[112.7149,-7.2398],[112.7155,-7.2407],[112.7161,-7.2416],[112.7167,-7.2424],[112.7156,-7.243],[112.7146,-7.2427],[112.7131,-7.2414],[112.7134,-7.2404],[112.7125,-7.2408],[112.7115,-7.2405],[112.7105,-7.2403],[112.7098,-7.2395],[112.7096,-7.2385],[112.7091,-7.2376],[112.7101,-7.2379],[112.7112,-7.2379],[112.7113,-7.2369],[112.7111,-7.2359],[112.71,-7.2359],[112.7091,-7.2364],[112.7081,-7.2365],[112.7081,-7.2353],[112.7083,-7.2342],[112.7088,-7.233],[112.7096,-7.2323],[112.7099,-7.2314],[112.7091,-7.2306],[112.7081,-7.2306],[112.7071,-7.2303],[112.7071,-7.2292],[112.7071,-7.2282],[112.7068,-7.2272],[112.7063,-7.2263],[112.7062,-7.2253],[112.7064,-7.2243],[112.7067,-7.2233],[112.7077,-7.2234],[112.7087,-7.2233],[112.709,-7.2222],[112.7105,-7.2213],[112.7101,-7.2204],[112.7094,-7.2187],[112.7103,-7.2173],[112.712,-7.217],[112.713,-7.2167],[112.714,-7.2158],[112.7152,-7.2142],[112.7156,-7.2132],[112.7154,-7.2122],[112.7149,-7.2107],[112.7157,-7.2119],[112.7159,-7.2124]]]]}},{"type":"Feature","properties":{"level":"village","regency":"Sidoarjo","district":"Wonoayu","village":"Mulyodadi"},"geometry":{"type":"MultiPolygon","coordinates":[[[[112.6226,-7.4227],[112.6236,-7.4231],[112.625,-7.4232],[112.6261,-7.4231],[112.6274,-7.4233],[112.6284,-7.4234],[112.6295,-7.4236],[112.6306,-7.4237],[112.6317,-7.424],[112.6328,-7.4242],[112.6324,-7.4252],[112.6321,-7.4264],[112.6323,-7.4276],[112.6333,-7.4277],[112.6343,-7.4281],[112.6353,-7.4287],[112.6365,-7.4288],[112.6357,-7.4315],[112.6346,-7.4344],[112.6321,-7.4341],[112.6307,-7.4337],[112.629,-7.4331],[112.6287,-7.4313],[112.6289,-7.4302],[112.6291,-7.4292],[112.628,-7.429],[112.6257,-7.4284],[112.6238,-7.4275],[112.6222,-7.4265],[112.6212,-7.4261],[112.6201,-7.4258],[112.619,-7.4249],[112.6185,-7.4239],[112.6187,-7.4221],[112.6196,-7.4217],[112.6204,-7.4224],[112.6214,-7.4221],[112.6223,-7.4227],[112.6226,-7.4227]]]]}},{"type":"Feature","properties":{"level":"village","regency":"Surabaya","district":"Mulyorejo","village":"Mulyorejo"},"geometry":{"type":"MultiPolygon","coordinates":[[[[112.787,-7.2593],[112.7869,-7.2607],[112.7861,-7.2615],[112.7856,-7.2624],[112.7855,-7.2634],[112.7849,-7.2674],[112.7859,-7.2685],[112.7894,-7.2701],[112.7904,-7.2695],[112.7917,-7.2699],[112.7928,-7.2703],[112.7938,-7.2705],[112.795,-7.2709],[112.7962,-7.2713],[112.7971,-7.2718],[112.7974,-7.2728],[112.7975,-7.2741],[112.7962,-7.2744],[112.7947,-7.2747],[112.7932,-7.275],[112.7917,-7.2753],[112.7903,-7.2756],[112.7892,-7.2759],[112.7881,-7.2761],[112.7871,-7.2763],[112.7861,-7.2765],[112.7851,-7.2767],[112.784,-7.2769],[112.7829,-7.2771],[112.7818,-7.2772],[112.7808,-7.2774],[112.7798,-7.2775],[112.7787,-7.2776],[112.7777,-7.2777],[112.7767,-7.2777],[112.7757,-7.2778],[112.7746,-7.2778],[112.7736,-7.2777],[112.7724,-7.2776],[112.7726,-7.2762],[112.7728,-7.2747],[112.7731,-7.2731],[112.7734,-7.272],[112.7736,-7.2709],[112.7738,-7.2699],[112.774,-7.2687],[112.7749,-7.2681],[112.7751,-7.2669],[112.7759,-7.2662],[112.7774,-7.2662],[112.7772,-7.2651],[112.7763,-7.2644],[112.7772,-7.2639],[112.7782,-7.2632],[112.7792,-7.2636],[112.7806,-7.2615],[112.7812,-7.2598],[112.7822,-7.2596],[112.7839,-7.2596],[112.7851,-7.2589],[112.7863,-7.2599],[112.787,-7.2593]]]]}},{"type":"Feature","properties":{"level":"village","regency":"Sidoarjo","district":"Tanggulangin","village":"Ngaban"},"geometry":{"type":"MultiPolygon","coordinates":[[[[112.7114,-7.4992],[112.7128,-7.4996],[112.7137,-7.5001],[112.7148,-7.5003],[112.7158,-7.501],[112.7168,-7.5012],[112.7184,-7.5017],[112.7186,-7.5002],[112.7195,-7.4996],[112.7205,-7.4999],[112.7217,-7.5006],[112.7229,-7.5003],[112.7239,-7.5007],[112.7238,-7.5017],[112.726,-7.503],[112.7255,-7.5048],[112.7251,-7.5062],[112.724,-7.5059],[112.7227,-7.506],[112.7216,-7.506],[112.7207,-7.5055],[112.7193,-7.5056],[112.7182,-7.5056],[112.7171,-7.5051],[112.7162,-7.5047],[112.7145,-7.5043],[112.7132,-7.504],[112.7118,-7.5037],[112.7106,-7.5031],[112.7095,-7.5027],[112.708,-7.5022],[112.708,-7.5012],[112.7085,-7.5001],[112.7089,-7.499],[112.7097,-7.4983],[112.7114,-7.4992]]]]}},{"type":"Feature","properties":{"level":"village","regency":"Surabaya","district":"Wonokromo","village":"Ngagel"},"geometry":{"type":"MultiPolygon","coordinates":[[[[112.7503,-7.2773],[112.75,-7.2788],[112.7498,-7.2798],[112.7496,-7.2808],[112.7494,-7.2819],[112.749,-7.2834],[112.7487,-7.285],[112.7484,-7.2862],[112.7482,-7.2873],[112.7479,-7.2886],[112.7476,-7.2897],[112.7474,-7.2908],[112.7469,-7.2919],[112.7463,-7.293],[112.7455,-7.2941],[112.7441,-7.2958],[112.7433,-7.2967],[112.7427,-7.2975],[112.7421,-7.2983],[112.741,-7.2999],[112.74,-7.3004],[112.7386,-7.3],[112.7399,-7.2991],[112.7408,-7.2986],[112.7417,-7.2971],[112.7421,-7.295],[112.7421,-7.2934],[112.7421,-7.292],[112.7425,-7.291],[112.7434,-7.2894],[112.7442,-7.2887],[112.7453,-7.2877],[112.746,-7.2869],[112.747,-7.2855],[112.7472,-7.2841],[112.747,-7.283],[112.7465,-7.2816],[112.7458,-7.2803],[112.7451,-7.2792],[112.7445,-7.2781],[112.7446,-7.2771],[112.7457,-7.2765],[112.7467,-7.2766],[112.748,-7.2768],[112.7492,-7.277],[112.7502,-7.2773],[112.7503,-7.2773]]]]}},{"type":"Feature","properties":{"level":"village","regency":"Surabaya","district":"Wonokromo","village":"Ngagelrejo"},"geometry":{"type":"MultiPolygon","coordinates":[[[[112.7571,-7.2936],[112.7569,-7.2947],[112.7566,-7.2958],[112.7562,-7.2972],[112.7558,-7.2985],[112.7555,-7.2997],[112.7552,-7.3007],[112.7549,-7.302],[112.7546,-7.3031],[112.7544,-7.3041],[112.7534,-7.3039],[112.7524,-7.3036],[112.7514,-7.3034],[112.7504,-7.3031],[112.7487,-7.3026],[112.7465,-7.302],[112.7444,-7.3014],[112.7421,-7.3009],[112.7408,-7.3006],[112.7417,-7.2989],[112.7427,-7.2976],[112.7433,-7.2967],[112.7441,-7.2958],[112.745,-7.2946],[112.746,-7.2934],[112.7467,-7.2924],[112.7472,-7.2911],[112.7482,-7.2917],[112.7492,-7.292],[112.7505,-7.2925],[112.7517,-7.2929],[112.7537,-7.2934],[112.7547,-7.2936],[112.7557,-7.2936],[112.7571,-7.2936]]]]}},{"type":"Feature","properties":{"level":"village","regency":"Sidoarjo","district":"Candi","village":"Ngampelsari"},"geometry":{"type":"MultiPolygon","coordinates":[[[[112.7174,-7.4896],[112.7183,-7.4902],[112.7197,-7.4907],[112.7205,-7.4914],[112.7208,-7.4924],[112.7206,-7.4943],[112.7204,-7.4956],[112.72,-7.4967],[112.7195,-7.4982],[112.7192,-7.4992],[112.7186,-7.5002],[112.7187,-7.5013],[112.7177,-7.5015],[112.7167,-7.5012],[112.7152,-7.5007],[112.7142,-7.5001],[112.7132,-7.4998],[112.7117,-7.4993],[112.7122,-7.4959],[112.7124,-7.4949],[112.7126,-7.4938],[112.7129,-7.4927],[112.712,-7.4921],[112.7126,-7.4901],[112.7132,-7.4883],[112.7142,-7.4887],[112.7152,-7.4892],[112.7158,-7.49],[112.7169,-7.4905],[112.7174,-7.4896]]]]}},{"type":"Feature","properties":{"level":"village","regency":"Sidoarjo","district":"Sukodono","village":"Ngaresrejo"},"geometry":{"type":"MultiPolygon","coordinates":[[[[112.6426,-7.3928],[112.6415,-7.3933],[112.6403,-7.3934],[112.6392,-7.3938],[112.6378,-7.3945],[112.6364,-7.395],[112.635,-7.3951],[112.634,-7.3947],[112.6326,-7.3941],[112.6316,-7.3939],[112.6306,-7.3936],[112.632,-7.3923],[112.6325,-7.3913],[112.6324,-7.3903],[112.633,-7.3893],[112.6338,-7.3879],[112.6347,-7.387],[112.6356,-7.3865],[112.6366,-7.386],[112.6376,-7.3868],[112.638,-7.3878],[112.6393,-7.3879],[112.6406,-7.3876],[112.6417,-7.3874],[112.6429,-7.3872],[112.6439,-7.3863],[112.6441,-7.3853],[112.6451,-7.385],[112.6464,-7.3851],[112.6474,-7.3846],[112.6475,-7.3861],[112.6476,-7.3871],[112.6478,-7.3882],[112.6478,-7.3896],[112.6477,-7.3907],[112.6474,-7.3917],[112.6462,-7.3915],[112.6449,-7.3918],[112.6439,-7.3921],[112.6429,-7.3926],[112.6426,-7.3928]]]]}},{"type":"Feature","properties":{"level":"village","regency":"Sidoarjo","district":"Taman","village":"Ngelom"},"geometry":{"type":"MultiPolygon","coordinates":[[[[112.6915,-7.3456],[112.6924,-7.3461],[112.6927,-7.3471],[112.6924,-7.3481],[112.692,-7.3491],[112.6914,-7.3499],[112.6902,-7.3504],[112.6883,-7.3504],[112.6873,-7.3508],[112.6863,-7.3511],[112.6853,-7.3514],[112.6844,-7.3508],[112.6834,-7.3502],[112.6827,-7.3495],[112.6823,-7.3486],[112.6828,-7.3476],[112.6838,-7.3473],[112.6852,-7.3468],[112.6863,-7.3465],[112.688,-7.3461],[112.6895,-7.3457],[112.691,-7.3452],[112.6915,-7.3456]]]]}},{"type":"Feature","properties":{"level":"village","regency":"Surabaya","district":"Sukolilo","village":"Ngiden Jangkungan"},"geometry":{"type":"MultiPolygon","coordinates":[[[[112.7724,-7.3],[112.7726,-7.301],[112.7723,-7.3022],[112.7723,-7.3033],[112.7727,-7.305],[112.7731,-7.3061],[112.7741,-7.3065],[112.775,-7.3072],[112.7746,-7.3082],[112.7734,-7.3084],[112.7725,-7.309],[112.7714,-7.3087],[112.7703,-7.3084],[112.7692,-7.3081],[112.7682,-7.3079],[112.7672,-7.3076],[112.7662,-7.3073],[112.765,-7.307],[112.7639,-7.3067],[112.7627,-7.3064],[112.762,-7.3056],[112.7621,-7.304],[112.762,-7.3015],[112.762,-7.2997],[112.7631,-7.2994],[112.7645,-7.2996],[112.7657,-7.2997],[112.7673,-7.2998],[112.7692,-7.2999],[112.7703,-7.3],[112.772,-7.3],[112.7724,-7.3]]]]}},{"type":"Feature","properties":{"level":"village","regency":"Sidoarjo","district":"Waru","village":"Ngingas"},"geometry":{"type":"MultiPolygon","coordinates":[[[[112.7529,-7.3568],[112.7527,-7.358],[112.7524,-7.3591],[112.752,-7.3604],[112.7515,-7.362],[112.7511,-7.3635],[112.7497,-7.3638],[112.7477,-7.3635],[112.7462,-7.3642],[112.7455,-7.365],[112.7444,-7.365],[112.7433,-7.3648],[112.7421,-7.3645],[112.7411,-7.3644],[112.7401,-7.3638],[112.7391,-7.3636],[112.7388,-7.3624],[112.7388,-7.3613],[112.7387,-7.3603],[112.7389,-7.3587],[112.7388,-7.3573],[112.739,-7.3563],[112.7392,-7.3538],[112.7394,-7.3522],[112.7395,-7.351],[112.7408,-7.3506],[112.742,-7.3501],[112.7432,-7.3502],[112.745,-7.3498],[112.7455,-7.3508],[112.7455,-7.352],[112.7461,-7.3532],[112.7459,-7.3545],[112.7459,-7.3557],[112.7465,-7.3567],[112.748,-7.3563],[112.7493,-7.3564],[112.7506,-7.3565],[112.7529,-7.3568],[112.7529,-7.3568]]]]}},{"type":"Feature","properties":{"level":"village","regency":"Surabaya","district":"Pabean Cantian","village":"Nyamplungan"},"geometry":{"type":"MultiPolygon","coordinates":[[[[112.741,-7.2253],[112.741,-7.2263],[112.7414,-7.2273],[112.7414,-7.2283],[112.7415,-7.2294],[112.7409,-7.2302],[112.7409,-7.2313],[112.741,-7.2328],[112.7413,-7.2338],[112.7423,-7.2341],[112.7431,-7.2347],[112.7433,-7.2359],[112.7439,-7.2368],[112.7445,-7.2377],[112.7435,-7.2381],[112.7424,-7.2377],[112.741,-7.2374],[112.7397,-7.237],[112.7387,-7.2367],[112.7386,-7.2357],[112.7388,-7.2347],[112.7387,-7.2337],[112.7384,-7.2327],[112.7383,-7.2316],[112.7383,-7.2306],[112.7382,-7.2296],[112.7382,-7.2286],[112.7382,-7.2276],[112.7382,-7.2266],[112.7382,-7.2256],[112.7382,-7.2246],[112.7394,-7.2248],[112.7405,-7.2252],[112.741,-7.2253]]]]}},{"type":"Feature","properties":{"level":"village","regency":"Sidoarjo","district":"Sedati","village":"Pabean"},"geometry":{"type":"MultiPolygon","coordinates":[[[[112.7537,-7.3639],[112.7548,-7.3641],[112.7558,-7.3642],[112.7568,-7.3644],[112.7581,-7.3645],[112.7594,-7.3641],[112.761,-7.3642],[112.7615,-7.3652],[112.7626,-7.3656],[112.7636,-7.3659],[112.7647,-7.3664],[112.7645,-7.3675],[112.7656,-7.3675],[112.767,-7.3675],[112.7681,-7.3668],[112.7692,-7.3671],[112.7703,-7.3673],[112.7699,-7.3682],[112.7694,-7.3695],[112.7689,-7.3704],[112.7686,-7.3714],[112.7684,-7.3725],[112.7682,-7.3737],[112.7672,-7.374],[112.7654,-7.3737],[112.7641,-7.3734],[112.763,-7.3726],[112.7629,-7.371],[112.7621,-7.3703],[112.7608,-7.3704],[112.7597,-7.3702],[112.7582,-7.3701],[112.7569,-7.3699],[112.7556,-7.3698],[112.7544,-7.3697],[112.7532,-7.3694],[112.7522,-7.3695],[112.7516,-7.3704],[112.7508,-7.3712],[112.7501,-7.3727],[112.7492,-7.3732],[112.7481,-7.3727],[112.7467,-7.3722],[112.7456,-7.3718],[112.7452,-7.3708],[112.7456,-7.3693],[112.7459,-7.368],[112.7461,-7.3668],[112.7455,-7.3658],[112.7461,-7.3643],[112.7473,-7.3643],[112.7494,-7.3638],[112.751,-7.3639],[112.7524,-7.3637],[112.7537,-7.3639]]]]}},{"type":"Feature","properties":{"level":"village","regency":"Surabaya","district":"Tambaksari","village":"Pacar Keling"},"geometry":{"type":"MultiPolygon","coordinates":[[[[112.7653,-7.2551],[112.765,-7.2563],[112.7644,-7.2571],[112.7636,-7.258],[112.7624,-7.2584],[112.7613,-7.2588],[112.7601,-7.2593],[112.7593,-7.2601],[112.7585,-7.2608],[112.758,-7.2617],[112.7574,-7.2629],[112.757,-7.2639],[112.7566,-7.2655],[112.7557,-7.2665],[112.7551,-7.2676],[112.7551,-7.2687],[112.7541,-7.269],[112.7532,-7.2686],[112.7524,-7.2678],[112.7514,-7.2679],[112.7513,-7.2668],[112.7519,-7.2645],[112.7523,-7.263],[112.7524,-7.2609],[112.7525,-7.2598],[112.7527,-7.2577],[112.7528,-7.2566],[112.7542,-7.2561],[112.7564,-7.2562],[112.7578,-7.256],[112.7588,-7.2556],[112.7596,-7.255],[112.7606,-7.2546],[112.7616,-7.2543],[112.7627,-7.2547],[112.7637,-7.2548],[112.7648,-7.2549],[112.7653,-7.2551]]]]}},{"type":"Feature","properties":{"level":"village","regency":"Surabaya","district":"Tambaksari","village":"Pacar Kembang"},"geometry":{"type":"MultiPolygon","coordinates":[[[[112.775,-7.2593],[112.7746,-7.2602],[112.7745,-7.2612],[112.774,-7.2622],[112.775,-7.2627],[112.7755,-7.2618],[112.7764,-7.2623],[112.7782,-7.2632],[112.7773,-7.2638],[112.7761,-7.2641],[112.7748,-7.2639],[112.7735,-7.2638],[112.7724,-7.2637],[112.7708,-7.2635],[112.7698,-7.2634],[112.7686,-7.2633],[112.7675,-7.2631],[112.7665,-7.263],[112.7654,-7.2629],[112.7643,-7.2628],[112.7636,-7.2636],[112.7631,-7.2646],[112.7626,-7.2655],[112.7616,-7.2659],[112.7603,-7.2659],[112.7592,-7.2658],[112.7578,-7.2658],[112.7568,-7.2657],[112.7569,-7.2642],[112.7572,-7.2632],[112.7577,-7.2622],[112.7583,-7.2612],[112.7589,-7.2604],[112.7597,-7.2597],[112.7613,-7.2588],[112.7624,-7.2585],[112.7635,-7.2581],[112.7642,-7.2573],[112.7648,-7.2564],[112.7652,-7.2553],[112.7662,-7.2553],[112.7675,-7.2554],[112.7689,-7.2561],[112.7705,-7.2566],[112.7715,-7.257],[112.7722,-7.2577],[112.7731,-7.2583],[112.7741,-7.259],[112.775,-7.2593]]]]}},{"type":"Feature","properties":{"level":"village","regency":"Sidoarjo","district":"Sukodono","village":"Pademonegoro"},"geometry":{"type":"MultiPolygon","coordinates":[[[[112.6627,-7.3957],[112.6638,-7.3958],[112.6649,-7.3959],[112.6661,-7.3963],[112.667,-7.3966],[112.6675,-7.3977],[112.6673,-7.3989],[112.667,-7.4001],[112.6668,-7.4012],[112.6666,-7.4023],[112.6663,-7.4033],[112.6658,-7.4042],[112.6651,-7.405],[112.6638,-7.4054],[112.6636,-7.4066],[112.6631,-7.4079],[112.6627,-7.4093],[112.6624,-7.4106],[112.6614,-7.4114],[112.6604,-7.4109],[112.6595,-7.4103],[112.6587,-7.4095],[112.6577,-7.4092],[112.6565,-7.4091],[112.6553,-7.4091],[112.6541,-7.4088],[112.6527,-7.4084],[112.653,-7.4058],[112.6532,-7.4039],[112.6534,-7.4021],[112.6534,-7.4009],[112.6529,-7.4],[112.6532,-7.3986],[112.6543,-7.3988],[112.6553,-7.3989],[112.6567,-7.3992],[112.6579,-7.3995],[112.6589,-7.3996],[112.6592,-7.3985],[112.6594,-7.3974],[112.6597,-7.3962],[112.6601,-7.3952],[112.6611,-7.3954],[112.6621,-7.3956],[112.6627,-7.3957]]]]}},{"type":"Feature","properties":{"level":"village","regency":"Sidoarjo","district":"Wonoayu","village":"Pagerngumbuk"},"geometry":{"type":"MultiPolygon","coordinates":[[[[112.6205,-7.414],[112.6223,-7.4147],[112.624,-7.4153],[112.6242,-7.4164],[112.6239,-7.4174],[112.6234,-7.4189],[112.6232,-7.4201],[112.6229,-7.4211],[112.6226,-7.4223],[112.6215,-7.4222],[112.6205,-7.4225],[112.6198,-7.4217],[112.6188,-7.4216],[112.6185,-7.4239],[112.6189,-7.4249],[112.6198,-7.4256],[112.6209,-7.426],[112.6219,-7.4264],[112.6233,-7.4267],[112.623,-7.4287],[112.6226,-7.4301],[112.6222,-7.4313],[112.6211,-7.4322],[112.6199,-7.4326],[112.6188,-7.4326],[112.6176,-7.4326],[112.6169,-7.4314],[112.6158,-7.4301],[112.6148,-7.4296],[112.6136,-7.4289],[112.6137,-7.4277],[112.6142,-7.4267],[112.615,-7.4256],[112.6154,-7.4243],[112.6157,-7.4232],[112.6165,-7.4217],[112.6157,-7.421],[112.6154,-7.4199],[112.6141,-7.4202],[112.6126,-7.4203],[112.6119,-7.4193],[112.6107,-7.4194],[112.6104,-7.4183],[112.6106,-7.417],[112.6108,-7.416],[112.6122,-7.4159],[112.6132,-7.4161],[112.6145,-7.4163],[112.6156,-7.4165],[112.6167,-7.4166],[112.6177,-7.4162],[112.6183,-7.4153],[112.6183,-7.4143],[112.619,-7.4135],[112.6205,-7.414]]]]}},{"type":"Feature","properties":{"level":"village","regency":"Sidoarjo","district":"Buduran","village":"Pagerwojo"},"geometry":{"type":"MultiPolygon","coordinates":[[[[112.7162,-7.4368],[112.716,-7.438],[112.7157,-7.4392],[112.7152,-7.4406],[112.7146,-7.4423],[112.7134,-7.4419],[112.7121,-7.4412],[112.711,-7.4408],[112.71,-7.4403],[112.7087,-7.4403],[112.7076,-7.4403],[112.707,-7.4415],[112.7064,-7.4423],[112.7055,-7.4428],[112.7046,-7.4434],[112.7045,-7.4446],[112.7042,-7.4457],[112.7031,-7.446],[112.702,-7.4455],[112.7006,-7.4451],[112.7009,-7.4433],[112.7013,-7.4422],[112.7018,-7.4405],[112.7022,-7.439],[112.7017,-7.438],[112.7017,-7.4368],[112.7022,-7.4357],[112.7027,-7.4342],[112.7032,-7.4331],[112.7043,-7.433],[112.7051,-7.4324],[112.7068,-7.4294],[112.708,-7.4299],[112.7093,-7.4304],[112.7103,-7.4307],[112.7113,-7.431],[112.7111,-7.432],[112.7114,-7.4329],[112.7112,-7.4339],[112.7133,-7.4355],[112.7158,-7.4366],[112.7162,-7.4368]]]]}},{"type":"Feature","properties":{"level":"village","regency":"Surabaya","district":"Jambangan","village":"Pagesangan"},"geometry":{"type":"MultiPolygon","coordinates":[[[[112.7195,-7.3311],[112.7192,-7.3333],[112.7188,-7.3357],[112.7174,-7.3354],[112.7166,-7.3363],[112.7165,-7.3375],[112.717,-7.3384],[112.7177,-7.3392],[112.7175,-7.3403],[112.7163,-7.34],[112.7151,-7.3396],[112.7139,-7.3393],[112.7129,-7.339],[112.7116,-7.3386],[112.7105,-7.3383],[112.7095,-7.338],[112.7085,-7.3377],[112.7075,-7.3373],[112.7063,-7.337],[112.7051,-7.3364],[112.7053,-7.3354],[112.7059,-7.3346],[112.7064,-7.3337],[112.707,-7.3328],[112.7075,-7.3319],[112.7083,-7.3312],[112.7091,-7.3305],[112.7103,-7.3307],[112.7115,-7.331],[112.7125,-7.3313],[112.7134,-7.3318],[112.7145,-7.3317],[112.7159,-7.3313],[112.7165,-7.3304],[112.7181,-7.331],[112.7195,-7.3311]]]]}},{"type":"Feature","properties":{"level":"village","regency":"Surabaya","district":"Pakal","village":"Pakal"},"geometry":{"type":"MultiPolygon","coordinates":[[[[112.6267,-7.2197],[112.6272,-7.2207],[112.6272,-7.2218],[112.6271,-7.2229],[112.6258,-7.2232],[112.6249,-7.2238],[112.6245,-7.2247],[112.6242,-7.2259],[112.6242,-7.227],[112.6244,-7.2282],[112.6239,-7.2295],[112.6248,-7.2304],[112.6247,-7.2318],[112.6245,-7.2331],[112.6244,-7.2349],[112.624,-7.2362],[112.6234,-7.2377],[112.6228,-7.2394],[112.6239,-7.24],[112.625,-7.2406],[112.626,-7.2409],[112.6259,-7.2419],[112.6261,-7.2429],[112.6259,-7.244],[112.6258,-7.2451],[112.6266,-7.246],[112.6276,-7.2466],[112.6276,-7.2483],[112.6273,-7.2493],[112.6264,-7.2502],[112.6258,-7.2512],[112.6252,-7.2523],[112.6238,-7.2524],[112.6229,-7.2529],[112.6223,-7.254],[112.6227,-7.255],[112.6239,-7.2555],[112.624,-7.2566],[112.6236,-7.2575],[112.6228,-7.2569],[112.6213,-7.2557],[112.6204,-7.2569],[112.6198,-7.258],[112.6188,-7.2578],[112.6176,-7.2576],[112.6174,-7.2564],[112.6176,-7.2554],[112.6177,-7.2542],[112.6178,-7.2532],[112.6167,-7.2526],[112.6154,-7.2525],[112.6142,-7.2524],[112.6146,-7.2514],[112.6147,-7.25],[112.6147,-7.2488],[112.6139,-7.2481],[112.6128,-7.2481],[112.6105,-7.2481],[112.6094,-7.2481],[112.6093,-7.2469],[112.6099,-7.2455],[112.6104,-7.2442],[112.6107,-7.2432],[112.6111,-7.2419],[112.6117,-7.2411],[112.6124,-7.2402],[112.6128,-7.2393],[112.6133,-7.2384],[112.614,-7.2375],[112.6149,-7.2371],[112.6163,-7.2375],[112.6167,-7.2365],[112.6171,-7.2356],[112.6192,-7.2293],[112.618,-7.2287],[112.6171,-7.228],[112.6167,-7.2269],[112.6166,-7.2258],[112.6172,-7.2242],[112.6175,-7.223],[112.618,-7.2214],[112.6183,-7.2204],[112.6189,-7.218],[112.6201,-7.218],[112.6213,-7.218],[112.6227,-7.2184],[112.624,-7.2185],[112.625,-7.2187],[112.6261,-7.2194],[112.6267,-7.2197]]]]}},{"type":"Feature","properties":{"level":"village","regency":"Surabaya","district":"Sawahan","village":"Pakis"},"geometry":{"type":"MultiPolygon","coordinates":[[[[112.729,-7.2813],[112.7294,-7.2823],[112.7301,-7.2834],[112.7302,-7.2844],[112.7301,-7.2854],[112.7297,-7.2867],[112.7297,-7.2877],[112.7303,-7.2886],[112.7301,-7.2898],[112.7294,-7.2906],[112.729,-7.2917],[112.725,-7.2922],[112.7238,-7.2921],[112.7225,-7.292],[112.721,-7.2919],[112.719,-7.2917],[112.7179,-7.2916],[112.7169,-7.2914],[112.7159,-7.2912],[112.7149,-7.2908],[112.7134,-7.2904],[112.7136,-7.2893],[112.714,-7.2882],[112.7146,-7.287],[112.7151,-7.2858],[112.7156,-7.2848],[112.716,-7.2836],[112.7163,-7.2825],[112.7173,-7.282],[112.7183,-7.282],[112.72,-7.2819],[112.7211,-7.2818],[112.7221,-7.2821],[112.7233,-7.2821],[112.7245,-7.2816],[112.7259,-7.2809],[112.7269,-7.2808],[112.728,-7.2811],[112.729,-7.2813]]]]}},{"type":"Feature","properties":{"level":"village","regency":"Sidoarjo","district":"Porong","village":"Pamotan"},"geometry":{"type":"MultiPolygon","coordinates":[[[[112.7021,-7.5198],[112.7014,-7.5222],[112.7011,-7.5233],[112.7007,-7.5247],[112.7002,-7.5263],[112.6993,-7.5268],[112.6983,-7.5267],[112.6973,-7.5266],[112.6968,-7.5275],[112.6961,-7.5288],[112.6958,-7.53],[112.695,-7.5306],[112.694,-7.5303],[112.693,-7.5302],[112.6922,-7.5295],[112.691,-7.5294],[112.6893,-7.5291],[112.6882,-7.529],[112.6872,-7.529],[112.6862,-7.5289],[112.6851,-7.5295],[112.6838,-7.5296],[112.6827,-7.5294],[112.6813,-7.5291],[112.6802,-7.529],[112.679,-7.5289],[112.6779,-7.5288],[112.678,-7.5253],[112.6794,-7.526],[112.6803,-7.527],[112.6808,-7.5261],[112.6816,-7.5254],[112.6823,-7.5246],[112.6833,-7.5246],[112.6844,-7.5246],[112.6859,-7.5247],[112.6869,-7.5245],[112.6886,-7.5241],[112.6909,-7.5242],[112.693,-7.5245],[112.6941,-7.5242],[112.6951,-7.5243],[112.6959,-7.5233],[112.697,-7.5228],[112.6977,-7.5219],[112.699,-7.5205],[112.7,-7.5198],[112.7009,-7.5192],[112.702,-7.5198],[112.7021,-7.5198]]]]}},{"type":"Feature","properties":{"level":"village","regency":"Sidoarjo","district":"Jabon","village":"Panggreh"},"geometry":{"type":"MultiPolygon","coordinates":[[[[112.7329,-7.5583],[112.731,-7.5577],[112.73,-7.5582],[112.7286,-7.5584],[112.7271,-7.5582],[112.7255,-7.5579],[112.7241,-7.5578],[112.7232,-7.5588],[112.7219,-7.5593],[112.7215,-7.5602],[112.7214,-7.5616],[112.7221,-7.5639],[112.7222,-7.5654],[112.7218,-7.5644],[112.7212,-7.5633],[112.7202,-7.562],[112.7194,-7.5612],[112.7185,-7.5605],[112.717,-7.56],[112.7159,-7.5598],[112.7145,-7.5594],[112.7136,-7.5588],[112.7127,-7.5581],[112.7138,-7.5579],[112.7151,-7.5579],[112.717,-7.5573],[112.7185,-7.5545],[112.7195,-7.5525],[112.7207,-7.5529],[112.7218,-7.5532],[112.7231,-7.5522],[112.7246,-7.5528],[112.7243,-7.5544],[112.7253,-7.5544],[112.7268,-7.5523],[112.727,-7.5511],[112.7279,-7.5506],[112.7288,-7.5499],[112.7301,-7.5513],[112.731,-7.5518],[112.7323,-7.5524],[112.7343,-7.5535],[112.7345,-7.5545],[112.7339,-7.5559],[112.7334,-7.557],[112.7329,-7.5583],[112.7329,-7.5583]]]]}},{"type":"Feature","properties":{"level":"village","regency":"Sidoarjo","district":"Tulangan","village":"Pangkemiri"},"geometry":{"type":"MultiPolygon","coordinates":[[[[112.6725,-7.4928],[112.672,-7.4945],[112.6717,-7.4956],[112.6709,-7.4984],[112.67,-7.498],[112.6684,-7.5001],[112.6675,-7.5006],[112.6666,-7.4999],[112.6652,-7.4999],[112.6649,-7.4989],[112.6641,-7.4981],[112.6628,-7.498],[112.6618,-7.4977],[112.6617,-7.4966],[112.662,-7.4956],[112.6622,-7.4943],[112.6624,-7.4933],[112.6614,-7.4939],[112.6605,-7.4931],[112.6606,-7.4921],[112.6599,-7.4913],[112.66,-7.4899],[112.6603,-7.4887],[112.6616,-7.4889],[112.6629,-7.4891],[112.6642,-7.4845],[112.6652,-7.4841],[112.6665,-7.4839],[112.6675,-7.4839],[112.6675,-7.4855],[112.6672,-7.4872],[112.667,-7.4884],[112.6669,-7.4895],[112.6674,-7.4907],[112.6686,-7.4905],[112.6701,-7.4908],[112.6708,-7.4918],[112.6716,-7.4924],[112.6726,-7.4927],[112.6725,-7.4928]]]]}},{"type":"Feature","properties":{"level":"village","regency":"Surabaya","district":"Tenggilis Mejoyo","village":"Panjang Jiwo"},"geometry":{"type":"MultiPolygon","coordinates":[[[[112.7647,-7.3069],[112.7659,-7.3072],[112.7671,-7.3076],[112.7682,-7.3079],[112.7692,-7.3081],[112.7702,-7.3084],[112.7706,-7.3107],[112.7697,-7.3102],[112.7687,-7.3105],[112.7685,-7.3116],[112.7688,-7.3128],[112.7689,-7.3138],[112.7678,-7.3139],[112.7669,-7.3144],[112.7658,-7.3147],[112.765,-7.314],[112.7641,-7.3135],[112.7644,-7.3145],[112.7633,-7.3149],[112.7624,-7.3144],[112.7617,-7.3152],[112.7606,-7.315],[112.7599,-7.3158],[112.7589,-7.3166],[112.7577,-7.316],[112.7567,-7.3158],[112.7559,-7.3152],[112.7549,-7.3159],[112.7541,-7.3152],[112.7532,-7.3147],[112.7533,-7.3137],[112.7532,-7.3127],[112.7533,-7.3116],[112.7543,-7.3117],[112.7555,-7.3121],[112.7566,-7.3122],[112.7575,-7.3115],[112.7582,-7.3106],[112.759,-7.3095],[112.7588,-7.3082],[112.759,-7.3072],[112.7592,-7.3054],[112.7602,-7.3057],[112.7613,-7.306],[112.7624,-7.3063],[112.7635,-7.3066],[112.7646,-7.3069],[112.7647,-7.3069]]]]}},{"type":"Feature","properties":{"level":"village","regency":"Sidoarjo","district":"Sukodono","village":"Panjunan"},"geometry":{"type":"MultiPolygon","coordinates":[[[[112.6821,-7.3791],[112.6821,-7.3804],[112.682,-7.3819],[112.6821,-7.383],[112.682,-7.3843],[112.6821,-7.3853],[112.6811,-7.3858],[112.68,-7.3864],[112.6789,-7.3866],[112.6779,-7.3862],[112.6768,-7.3859],[112.675,-7.3858],[112.674,-7.3861],[112.6728,-7.3861],[112.672,-7.387],[112.6713,-7.3877],[112.6701,-7.3878],[112.6688,-7.3883],[112.6691,-7.3871],[112.6687,-7.3856],[112.669,-7.3839],[112.6691,-7.3826],[112.6692,-7.3814],[112.6702,-7.3816],[112.6714,-7.3805],[112.6718,-7.3786],[112.6728,-7.3789],[112.674,-7.3793],[112.675,-7.3796],[112.6766,-7.379],[112.6778,-7.3791],[112.6787,-7.3787],[112.6799,-7.3789],[112.6811,-7.379],[112.6821,-7.3791]]]]}},{"type":"Feature","properties":{"level":"village","regency":"Surabaya","district":"Semampir","village":"Pegirian"},"geometry":{"type":"MultiPolygon","coordinates":[[[[112.758,-7.225],[112.7582,-7.226],[112.7585,-7.227],[112.7584,-7.2284],[112.7577,-7.2293],[112.7571,-7.2301],[112.7572,-7.2314],[112.7573,-7.2325],[112.7575,-7.2335],[112.7576,-7.2346],[112.7566,-7.2341],[112.7565,-7.233],[112.7563,-7.2318],[112.7562,-7.2308],[112.756,-7.2298],[112.7552,-7.2288],[112.7542,-7.2285],[112.7533,-7.2279],[112.7524,-7.2272],[112.7514,-7.2263],[112.7506,-7.2255],[112.75,-7.2245],[112.7502,-7.2256],[112.7508,-7.2266],[112.7505,-7.2283],[112.7494,-7.2283],[112.7486,-7.2277],[112.7478,-7.2271],[112.7467,-7.2265],[112.7459,-7.2258],[112.7453,-7.2249],[112.7454,-7.2239],[112.7463,-7.2235],[112.7473,-7.2232],[112.7484,-7.2232],[112.7494,-7.223],[112.7507,-7.2229],[112.7518,-7.2233],[112.7528,-7.2236],[112.7538,-7.2238],[112.7548,-7.2241],[112.756,-7.2244],[112.7572,-7.2246],[112.758,-7.225]]]]}},{"type":"Feature","properties":{"level":"village","regency":"Sidoarjo","district":"Prambon","village":"Pejangkungan"},"geometry":{"type":"MultiPolygon","coordinates":[[[[112.598,-7.4704],[112.5977,-7.4714],[112.5974,-7.4724],[112.5971,-7.4734],[112.5969,-7.4746],[112.5964,-7.4758],[112.5964,-7.4768],[112.5957,-7.4778],[112.5946,-7.4781],[112.5936,-7.4781],[112.5929,-7.4792],[112.5917,-7.48],[112.5906,-7.4804],[112.5898,-7.4813],[112.5896,-7.4825],[112.5894,-7.4835],[112.5893,-7.4846],[112.5883,-7.4846],[112.5873,-7.4842],[112.5864,-7.4835],[112.5858,-7.4827],[112.5849,-7.4823],[112.5848,-7.4813],[112.5852,-7.4803],[112.5856,-7.4793],[112.5866,-7.4776],[112.587,-7.4767],[112.5872,-7.4754],[112.5871,-7.4743],[112.5871,-7.4732],[112.5883,-7.4735],[112.5894,-7.474],[112.5904,-7.4733],[112.5907,-7.4719],[112.5909,-7.4707],[112.5911,-7.4697],[112.591,-7.4685],[112.592,-7.4683],[112.5932,-7.4687],[112.5942,-7.4689],[112.5952,-7.4687],[112.5962,-7.4686],[112.5972,-7.4687],[112.5983,-7.4689],[112.5981,-7.4699],[112.598,-7.4704]]]]}},{"type":"Feature","properties":{"level":"village","regency":"Sidoarjo","district":"Jabon","village":"Pejarakan"},"geometry":{"type":"MultiPolygon","coordinates":[[[[112.7114,-7.5378],[112.7106,-7.5387],[112.7099,-7.5396],[112.7093,-7.5405],[112.7091,-7.5415],[112.7088,-7.5429],[112.71,-7.5428],[112.7102,-7.5418],[112.7115,-7.5415],[112.7111,-7.5426],[112.7109,-7.5436],[112.71,-7.5447],[112.7093,-7.5465],[112.709,-7.5475],[112.7076,-7.5468],[112.7065,-7.5462],[112.7062,-7.5452],[112.7045,-7.545],[112.7036,-7.544],[112.7038,-7.5429],[112.7043,-7.5415],[112.7048,-7.5403],[112.7053,-7.5392],[112.7072,-7.537],[112.708,-7.5363],[112.7092,-7.5368],[112.7105,-7.5374],[112.7114,-7.5378]]]]}},{"type":"Feature","properties":{"level":"village","regency":"Sidoarjo","district":"Sukodono","village":"Pekarungan"},"geometry":{"type":"MultiPolygon","coordinates":[[[[112.676,-7.4031],[112.6761,-7.4048],[112.6752,-7.4055],[112.6751,-7.4065],[112.6759,-7.4073],[112.6761,-7.4084],[112.6765,-7.4094],[112.6753,-7.41],[112.6739,-7.4099],[112.6736,-7.4113],[112.6734,-7.4125],[112.6723,-7.4126],[112.6711,-7.4125],[112.6701,-7.4125],[112.6689,-7.4125],[112.6678,-7.4126],[112.6673,-7.4143],[112.666,-7.4147],[112.6654,-7.4136],[112.6655,-7.4125],[112.6644,-7.4121],[112.6633,-7.4118],[112.6622,-7.4115],[112.6625,-7.4101],[112.6628,-7.4088],[112.6635,-7.4074],[112.6638,-7.4055],[112.6651,-7.405],[112.6658,-7.4042],[112.6663,-7.4033],[112.6666,-7.4023],[112.6668,-7.4012],[112.667,-7.4001],[112.6673,-7.3989],[112.6675,-7.3977],[112.669,-7.3978],[112.6701,-7.3982],[112.6703,-7.3997],[112.6708,-7.4006],[112.6714,-7.4018],[112.6714,-7.4029],[112.6724,-7.4031],[112.6735,-7.4032],[112.6746,-7.4031],[112.676,-7.4031],[112.676,-7.4031]]]]}},{"type":"Feature","properties":{"level":"village","regency":"Sidoarjo","district":"Sidoarjo","village":"Pekauman"},"geometry":{"type":"MultiPolygon","coordinates":[[[[112.7187,-7.4556],[112.7199,-7.456],[112.7193,-7.4569],[112.7186,-7.4576],[112.7176,-7.4579],[112.7173,-7.459],[112.7174,-7.4601],[112.7163,-7.4601],[112.7157,-7.4593],[112.7159,-7.4583],[112.7158,-7.4573],[112.7161,-7.4563],[112.7166,-7.4552],[112.7176,-7.4547],[112.7184,-7.4554],[112.7187,-7.4556]]]]}},{"type":"Feature","properties":{"level":"village","regency":"Sidoarjo","district":"Balong Bendo","village":"Penambangan"},"geometry":{"type":"MultiPolygon","coordinates":[[[[112.5288,-7.4054],[112.5307,-7.4062],[112.5335,-7.4059],[112.5355,-7.4055],[112.5382,-7.4051],[112.5397,-7.4052],[112.5407,-7.4053],[112.5425,-7.406],[112.5422,-7.4071],[112.5419,-7.409],[112.5405,-7.4109],[112.5407,-7.4124],[112.5394,-7.4122],[112.5383,-7.4122],[112.5372,-7.4116],[112.5358,-7.411],[112.5349,-7.4106],[112.5333,-7.4102],[112.532,-7.4098],[112.531,-7.4095],[112.5295,-7.4092],[112.5283,-7.4093],[112.5273,-7.4093],[112.5262,-7.4092],[112.5251,-7.4092],[112.5241,-7.4089],[112.5238,-7.4079],[112.5236,-7.4069],[112.5234,-7.4054],[112.524,-7.4043],[112.5266,-7.4044],[112.5288,-7.4054]]]]}},{"type":"Feature","properties":{"level":"village","regency":"Sidoarjo","district":"Tanggulangin","village":"Penatarsewu"},"geometry":{"type":"MultiPolygon","coordinates":[[[[112.7665,-7.5198],[112.7675,-7.5204],[112.7675,-7.5216],[112.7668,-7.5226],[112.766,-7.5234],[112.765,-7.5234],[112.7638,-7.5224],[112.7628,-7.522],[112.7619,-7.5215],[112.7609,-7.5206],[112.76,-7.5201],[112.7591,-7.5194],[112.7581,-7.5195],[112.7569,-7.5198],[112.7555,-7.5201],[112.7544,-7.5203],[112.7534,-7.5203],[112.7523,-7.5209],[112.751,-7.521],[112.75,-7.5211],[112.7489,-7.5208],[112.7479,-7.5214],[112.7468,-7.5213],[112.7454,-7.5214],[112.7438,-7.5214],[112.7427,-7.5213],[112.7416,-7.5216],[112.7405,-7.5215],[112.7393,-7.5213],[112.7379,-7.5212],[112.7364,-7.5207],[112.7361,-7.5194],[112.7365,-7.5183],[112.7368,-7.5173],[112.7378,-7.5171],[112.7392,-7.5168],[112.7405,-7.5164],[112.7418,-7.516],[112.7419,-7.5147],[112.7432,-7.5145],[112.745,-7.5152],[112.7454,-7.514],[112.747,-7.5135],[112.7478,-7.5129],[112.7483,-7.5116],[112.7489,-7.5104],[112.75,-7.5103],[112.751,-7.5104],[112.7519,-7.5108],[112.753,-7.511],[112.754,-7.5113],[112.7551,-7.511],[112.7556,-7.5101],[112.7568,-7.5104],[112.7585,-7.5105],[112.7588,-7.512],[112.7589,-7.5131],[112.7586,-7.5141],[112.7581,-7.515],[112.7591,-7.5153],[112.7599,-7.5147],[112.7603,-7.5137],[112.7612,-7.5132],[112.7617,-7.5141],[112.7621,-7.5155],[112.7627,-7.5147],[112.7628,-7.5135],[112.764,-7.5139],[112.7649,-7.5143],[112.7655,-7.5154],[112.766,-7.5163],[112.7654,-7.5183],[112.7649,-7.5197],[112.7644,-7.5209],[112.7654,-7.5208],[112.7661,-7.5199],[112.7665,-7.5198]]]]}},{"type":"Feature","properties":{"level":"village","regency":"Surabaya","district":"Genteng","village":"Peneleh"},"geometry":{"type":"MultiPolygon","coordinates":[[[[112.7468,-7.2483],[112.7462,-7.2492],[112.7455,-7.2506],[112.7449,-7.2517],[112.7444,-7.2526],[112.7443,-7.254],[112.7437,-7.2548],[112.7434,-7.256],[112.7422,-7.2557],[112.7412,-7.2557],[112.7399,-7.2557],[112.7386,-7.2556],[112.7378,-7.2549],[112.7376,-7.2537],[112.7373,-7.2526],[112.7376,-7.2516],[112.7385,-7.251],[112.7395,-7.2504],[112.7404,-7.2499],[112.7412,-7.2493],[112.7418,-7.2485],[112.7429,-7.248],[112.7439,-7.2481],[112.7453,-7.2482],[112.7464,-7.2483],[112.7468,-7.2483]]]]}},{"type":"Feature","properties":{"level":"village","regency":"Surabaya","district":"Rungkut","village":"Penjaringan Sari"},"geometry":{"type":"MultiPolygon","coordinates":[[[[112.7915,-7.3205],[112.7918,-7.3229],[112.792,-7.3243],[112.7921,-7.3255],[112.7911,-7.3256],[112.7899,-7.3258],[112.7888,-7.3259],[112.7875,-7.326],[112.7863,-7.3261],[112.7851,-7.3262],[112.7835,-7.3264],[112.7821,-7.3266],[112.7809,-7.3267],[112.7807,-7.3253],[112.7806,-7.3234],[112.7806,-7.3222],[112.7809,-7.3211],[112.781,-7.3201],[112.781,-7.3191],[112.7812,-7.3181],[112.7815,-7.3171],[112.782,-7.3162],[112.7826,-7.3153],[112.7832,-7.3143],[112.7832,-7.3133],[112.7833,-7.3122],[112.7836,-7.3112],[112.7838,-7.3097],[112.7848,-7.3094],[112.7859,-7.3091],[112.786,-7.3104],[112.786,-7.3115],[112.7879,-7.3111],[112.788,-7.3126],[112.7881,-7.3136],[112.7882,-7.3151],[112.7892,-7.3158],[112.7902,-7.3157],[112.7905,-7.3169],[112.7908,-7.318],[112.7909,-7.3191],[112.7913,-7.3201],[112.7915,-7.3205]]]]}},{"type":"Feature","properties":{"level":"village","regency":"Sidoarjo","district":"Sedati","village":"Pepe"},"geometry":{"type":"MultiPolygon","coordinates":[[[[112.7661,-7.394],[112.7671,-7.3943],[112.767,-7.3954],[112.7687,-7.3961],[112.7697,-7.3958],[112.7712,-7.3953],[112.7733,-7.3955],[112.7745,-7.3951],[112.7758,-7.3954],[112.7759,-7.3966],[112.7758,-7.3982],[112.7757,-7.3999],[112.7757,-7.4012],[112.7756,-7.4022],[112.7764,-7.403],[112.7768,-7.4041],[112.7779,-7.4045],[112.7781,-7.4055],[112.7789,-7.4062],[112.7792,-7.4079],[112.7805,-7.4083],[112.7815,-7.4085],[112.7826,-7.4082],[112.7838,-7.4086],[112.7848,-7.4087],[112.7859,-7.4088],[112.7875,-7.4087],[112.7883,-7.4096],[112.7881,-7.411],[112.7874,-7.4118],[112.788,-7.413],[112.7887,-7.4139],[112.7883,-7.4149],[112.7876,-7.4157],[112.7872,-7.4171],[112.7875,-7.4182],[112.7885,-7.4186],[112.7894,-7.4191],[112.7882,-7.4203],[112.7872,-7.421],[112.7859,-7.4214],[112.7848,-7.4215],[112.7838,-7.4213],[112.7827,-7.4208],[112.7806,-7.4204],[112.7794,-7.4201],[112.7782,-7.4199],[112.7771,-7.4198],[112.776,-7.4195],[112.7744,-7.4193],[112.7733,-7.4194],[112.7724,-7.4188],[112.772,-7.4177],[112.7722,-7.4161],[112.7728,-7.4149],[112.7742,-7.415],[112.7755,-7.4144],[112.7761,-7.413],[112.7763,-7.4115],[112.7761,-7.4104],[112.7744,-7.4107],[112.7718,-7.4105],[112.7707,-7.4105],[112.7692,-7.4103],[112.768,-7.4099],[112.767,-7.4094],[112.7661,-7.4086],[112.7648,-7.4086],[112.7637,-7.4086],[112.7635,-7.4044],[112.7628,-7.4035],[112.7623,-7.4025],[112.7626,-7.4011],[112.7629,-7.3995],[112.763,-7.3984],[112.7633,-7.3965],[112.7634,-7.3954],[112.7642,-7.3935],[112.7661,-7.394]]]]}},{"type":"Feature","properties":{"level":"village","regency":"Sidoarjo","district":"Waru","village":"Pepelegi"},"geometry":{"type":"MultiPolygon","coordinates":[[[[112.7206,-7.3578],[112.7201,-7.3589],[112.7196,-7.3599],[112.7201,-7.3608],[112.7211,-7.3617],[112.7219,-7.3624],[112.7229,-7.3626],[112.724,-7.3627],[112.725,-7.363],[112.7262,-7.3632],[112.727,-7.364],[112.7268,-7.365],[112.7266,-7.366],[112.7264,-7.3672],[112.7266,-7.3685],[112.7261,-7.3694],[112.7253,-7.3704],[112.7239,-7.3701],[112.7225,-7.3693],[112.7214,-7.3688],[112.7202,-7.3685],[112.7188,-7.3684],[112.7175,-7.3678],[112.7164,-7.3676],[112.7159,-7.3665],[112.7143,-7.366],[112.7137,-7.3652],[112.7134,-7.3642],[112.7125,-7.3636],[112.7113,-7.3618],[112.7111,-7.3607],[112.7122,-7.3605],[112.7132,-7.3603],[112.7144,-7.3601],[112.7154,-7.3599],[112.7168,-7.3594],[112.7176,-7.3588],[112.7192,-7.3583],[112.7199,-7.3574],[112.7206,-7.3578]]]]}},{"type":"Feature","properties":{"level":"village","regency":"Surabaya","district":"Krembangan","village":"Perak Barat"},"geometry":{"type":"MultiPolygon","coordinates":[[[[112.7197,-7.2081],[112.7203,-7.2092],[112.7208,-7.2101],[112.7217,-7.2107],[112.7219,-7.2118],[112.7232,-7.2116],[112.7242,-7.2126],[112.7248,-7.214],[112.7253,-7.215],[112.7259,-7.2162],[112.7268,-7.2172],[112.7278,-7.2179],[112.7293,-7.2189],[112.7302,-7.2194],[112.7307,-7.2204],[112.7311,-7.2213],[112.7322,-7.2206],[112.7324,-7.2217],[112.7322,-7.2229],[112.732,-7.2242],[112.7317,-7.2253],[112.7309,-7.2269],[112.7302,-7.2286],[112.7297,-7.2296],[112.7291,-7.2307],[112.7284,-7.232],[112.7274,-7.2328],[112.7264,-7.2332],[112.7253,-7.2332],[112.7241,-7.2329],[112.7229,-7.2326],[112.7217,-7.232],[112.7215,-7.2308],[112.7218,-7.2291],[112.7217,-7.2279],[112.7215,-7.2268],[112.7212,-7.2258],[112.7206,-7.2242],[112.7202,-7.2232],[112.7198,-7.2218],[112.7192,-7.2199],[112.7189,-7.2188],[112.7185,-7.2172],[112.7177,-7.2157],[112.7171,-7.2146],[112.7173,-7.2135],[112.7167,-7.2124],[112.7157,-7.2119],[112.7154,-7.2108],[112.7148,-7.2099],[112.7142,-7.209],[112.7129,-7.2089],[112.713,-7.2074],[112.7142,-7.2072],[112.7147,-7.2081],[112.7158,-7.2082],[112.719,-7.2067],[112.7196,-7.2078],[112.7197,-7.2081]]]]}},{"type":"Feature","properties":{"level":"village","regency":"Surabaya","district":"Pabean Cantian","village":"Perak Timur"},"geometry":{"type":"MultiPolygon","coordinates":[[[[112.7381,-7.2238],[112.737,-7.224],[112.7359,-7.2246],[112.735,-7.2251],[112.7341,-7.2256],[112.7336,-7.2266],[112.7331,-7.2276],[112.7327,-7.2287],[112.7322,-7.2296],[112.7317,-7.2307],[112.7313,-7.2318],[112.7309,-7.2331],[112.7307,-7.2342],[112.7295,-7.2335],[112.7287,-7.2327],[112.7288,-7.2313],[112.7294,-7.2301],[112.7299,-7.2291],[112.7308,-7.2272],[112.7317,-7.2253],[112.732,-7.2242],[112.7322,-7.2229],[112.7334,-7.2226],[112.7351,-7.2225],[112.7362,-7.2225],[112.7374,-7.2224],[112.7381,-7.2231],[112.7381,-7.2238]]]]}},{"type":"Feature","properties":{"level":"village","regency":"Surabaya","district":"Pabean Cantian","village":"Perak Utara"},"geometry":{"type":"MultiPolygon","coordinates":[[[[112.7381,-7.2224],[112.737,-7.2224],[112.7359,-7.2224],[112.7342,-7.2225],[112.7326,-7.2226],[112.7325,-7.2206],[112.7315,-7.2209],[112.7306,-7.2202],[112.7302,-7.2192],[112.7283,-7.2182],[112.7268,-7.2172],[112.7259,-7.2162],[112.7254,-7.2152],[112.7248,-7.214],[112.7243,-7.2129],[112.7237,-7.2116],[112.7226,-7.2118],[112.7217,-7.2107],[112.7213,-7.2096],[112.7216,-7.2086],[112.7207,-7.2079],[112.7195,-7.2062],[112.7193,-7.205],[112.7185,-7.2034],[112.718,-7.2024],[112.7175,-7.2013],[112.718,-7.2002],[112.7174,-7.1991],[112.7184,-7.1992],[112.7194,-7.1989],[112.7205,-7.1992],[112.7211,-7.2006],[112.7222,-7.2023],[112.7253,-7.209],[112.7262,-7.2096],[112.7245,-7.2033],[112.7256,-7.2028],[112.7286,-7.2091],[112.7305,-7.2088],[112.7298,-7.2072],[112.7327,-7.2066],[112.7322,-7.2038],[112.7322,-7.202],[112.7314,-7.2013],[112.7304,-7.2004],[112.732,-7.2001],[112.7315,-7.1985],[112.7243,-7.1999],[112.7236,-7.1985],[112.7335,-7.1963],[112.7349,-7.1961],[112.7351,-7.1972],[112.7353,-7.1982],[112.7355,-7.1992],[112.7357,-7.2003],[112.736,-7.2013],[112.7362,-7.2024],[112.7364,-7.2034],[112.7366,-7.2044],[112.7368,-7.2055],[112.737,-7.2066],[112.7372,-7.2077],[112.7374,-7.2087],[112.7375,-7.2097],[112.7376,-7.2108],[112.7377,-7.2119],[112.7377,-7.213],[112.7378,-7.2141],[112.7378,-7.2152],[112.7378,-7.2162],[112.7379,-7.2173],[112.7379,-7.2184],[112.738,-7.2195],[112.738,-7.2205],[112.7381,-7.2215],[112.7381,-7.2224]]]]}},{"type":"Feature","properties":{"level":"village","regency":"Sidoarjo","district":"Jabon","village":"Permisan"},"geometry":{"type":"MultiPolygon","coordinates":[[[[112.8138,-7.5253],[112.8144,-7.5268],[112.8152,-7.5287],[112.8157,-7.5298],[112.8153,-7.5313],[112.8159,-7.5328],[112.8158,-7.5342],[112.8155,-7.5356],[112.8157,-7.5368],[112.8141,-7.5375],[112.813,-7.5381],[112.8115,-7.5385],[112.8101,-7.5385],[112.8088,-7.5385],[112.8073,-7.5383],[112.806,-7.5379],[112.8046,-7.5377],[112.8036,-7.5373],[112.8026,-7.5368],[112.8016,-7.5366],[112.7997,-7.5361],[112.7986,-7.5358],[112.7972,-7.5362],[112.7958,-7.5361],[112.7947,-7.5361],[112.7934,-7.5361],[112.7918,-7.536],[112.7894,-7.5352],[112.7882,-7.5347],[112.787,-7.5339],[112.786,-7.5332],[112.7852,-7.5325],[112.7841,-7.5325],[112.7832,-7.5334],[112.7821,-7.5339],[112.7798,-7.5345],[112.7794,-7.5336],[112.7789,-7.5327],[112.7779,-7.5324],[112.777,-7.5331],[112.7754,-7.5329],[112.7743,-7.5326],[112.7733,-7.5329],[112.7716,-7.5328],[112.7707,-7.5323],[112.7695,-7.5314],[112.7679,-7.5314],[112.7668,-7.5317],[112.7659,-7.5323],[112.7647,-7.532],[112.7634,-7.5321],[112.7615,-7.533],[112.7598,-7.5343],[112.7596,-7.5362],[112.7592,-7.5379],[112.7589,-7.5392],[112.7586,-7.5402],[112.7563,-7.5405],[112.7545,-7.5403],[112.7529,-7.5405],[112.7513,-7.5407],[112.7499,-7.5408],[112.7483,-7.541],[112.7469,-7.5413],[112.7457,-7.5415],[112.7444,-7.5417],[112.7428,-7.5418],[112.7418,-7.542],[112.7414,-7.5406],[112.7417,-7.5392],[112.7418,-7.5382],[112.7423,-7.5372],[112.7427,-7.5361],[112.7445,-7.5341],[112.7461,-7.5342],[112.7481,-7.5345],[112.7493,-7.5348],[112.7501,-7.5339],[112.7506,-7.533],[112.7511,-7.5321],[112.7523,-7.5309],[112.7521,-7.5293],[112.7535,-7.5286],[112.7542,-7.5278],[112.7551,-7.5265],[112.7564,-7.5264],[112.7575,-7.5261],[112.7583,-7.5254],[112.7598,-7.5261],[112.7609,-7.5264],[112.7622,-7.5271],[112.7632,-7.5271],[112.7645,-7.527],[112.7659,-7.5273],[112.7668,-7.5279],[112.7677,-7.5274],[112.7686,-7.5268],[112.7699,-7.5265],[112.7713,-7.5265],[112.7729,-7.5261],[112.774,-7.5257],[112.7749,-7.5271],[112.7757,-7.5278],[112.7775,-7.5274],[112.7788,-7.5269],[112.7798,-7.5272],[112.7807,-7.5282],[112.7817,-7.5285],[112.7829,-7.5283],[112.7842,-7.5275],[112.7855,-7.5275],[112.7866,-7.528],[112.7879,-7.5288],[112.7893,-7.5287],[112.7901,-7.5279],[112.7901,-7.5267],[112.7901,-7.5256],[112.7895,-7.5247],[112.7886,-7.5241],[112.7875,-7.5232],[112.7884,-7.5224],[112.7894,-7.5223],[112.7905,-7.5223],[112.7917,-7.5224],[112.7931,-7.5226],[112.7945,-7.5232],[112.7956,-7.5236],[112.7966,-7.5231],[112.7984,-7.5224],[112.7992,-7.5216],[112.8001,-7.5208],[112.8011,-7.5203],[112.8024,-7.5203],[112.8035,-7.5205],[112.8047,-7.5209],[112.8058,-7.5213],[112.807,-7.5212],[112.808,-7.5216],[112.8087,-7.5224],[112.8097,-7.5231],[112.8103,-7.5244],[112.8108,-7.5255],[112.8119,-7.5256],[112.8132,-7.5256],[112.8138,-7.5253]]]]}},{"type":"Feature","properties":{"level":"village","regency":"Sidoarjo","district":"Taman","village":"Pertapan Maduretno"},"geometry":{"type":"MultiPolygon","coordinates":[[[[112.6324,-7.3665],[112.6331,-7.3673],[112.6336,-7.3695],[112.634,-7.3705],[112.6328,-7.3712],[112.6319,-7.372],[112.6302,-7.3718],[112.629,-7.3717],[112.6282,-7.3723],[112.6279,-7.3734],[112.6275,-7.3749],[112.6267,-7.3758],[112.6262,-7.377],[112.625,-7.3772],[112.6236,-7.3771],[112.6218,-7.3768],[112.6196,-7.3764],[112.6198,-7.3754],[112.6193,-7.3745],[112.6178,-7.3746],[112.6176,-7.3734],[112.6157,-7.3732],[112.6157,-7.3722],[112.6155,-7.3709],[112.6154,-7.3693],[112.615,-7.3679],[112.6158,-7.3673],[112.6168,-7.3668],[112.6179,-7.3664],[112.6194,-7.3667],[112.6206,-7.3676],[112.6216,-7.368],[112.6227,-7.368],[112.6237,-7.3674],[112.6247,-7.3669],[112.6257,-7.367],[112.6266,-7.3675],[112.6282,-7.368],[112.6292,-7.368],[112.6302,-7.3678],[112.6312,-7.3673],[112.6323,-7.3665],[112.6324,-7.3665]]]]}},{"type":"Feature","properties":{"level":"village","regency":"Sidoarjo","district":"Porong","village":"Pesawahan"},"geometry":{"type":"MultiPolygon","coordinates":[[[[112.6824,-7.5042],[112.6822,-7.5052],[112.6826,-7.5064],[112.6829,-7.5074],[112.6824,-7.5083],[112.6832,-7.5089],[112.6842,-7.5094],[112.6853,-7.5095],[112.6862,-7.5101],[112.6855,-7.511],[112.6862,-7.5119],[112.6863,-7.5129],[112.6858,-7.5138],[112.6845,-7.5138],[112.6834,-7.5135],[112.6825,-7.5131],[112.6814,-7.5132],[112.6809,-7.5142],[112.6799,-7.5151],[112.6788,-7.5153],[112.6782,-7.5162],[112.6777,-7.5151],[112.6767,-7.5147],[112.6767,-7.5132],[112.6764,-7.512],[112.6756,-7.5107],[112.6745,-7.5105],[112.6737,-7.5098],[112.6726,-7.5098],[112.6716,-7.5098],[112.6707,-7.5089],[112.67,-7.5081],[112.6696,-7.507],[112.6692,-7.5058],[112.6687,-7.5047],[112.6684,-7.5036],[112.6701,-7.5034],[112.6711,-7.5036],[112.6724,-7.5038],[112.6737,-7.504],[112.6749,-7.5042],[112.6768,-7.5045],[112.678,-7.5046],[112.6795,-7.5048],[112.6803,-7.5031],[112.681,-7.504],[112.6822,-7.5044],[112.6824,-7.5042]]]]}},{"type":"Feature","properties":{"level":"village","regency":"Surabaya","district":"Sawahan","village":"Petemon"},"geometry":{"type":"MultiPolygon","coordinates":[[[[112.7258,-7.257],[112.7256,-7.2585],[112.7255,-7.2596],[112.7251,-7.2608],[112.7248,-7.2619],[112.7246,-7.2631],[112.7244,-7.2642],[112.7243,-7.2652],[112.7241,-7.2662],[112.7239,-7.2673],[112.7237,-7.2685],[112.722,-7.2682],[112.7206,-7.2679],[112.7191,-7.2676],[112.7181,-7.2675],[112.7171,-7.2673],[112.7161,-7.267],[112.7151,-7.2667],[112.7128,-7.2664],[112.713,-7.2648],[112.7132,-7.2632],[112.7135,-7.2615],[112.7137,-7.2603],[112.7138,-7.2592],[112.714,-7.2582],[112.7142,-7.2571],[112.7149,-7.2562],[112.7151,-7.2551],[112.7161,-7.2552],[112.7171,-7.2557],[112.7182,-7.2559],[112.7193,-7.2562],[112.7203,-7.2564],[112.7218,-7.2567],[112.7231,-7.2568],[112.7241,-7.257],[112.7252,-7.2571],[112.7258,-7.257]]]]}},{"type":"Feature","properties":{"level":"village","regency":"Sidoarjo","district":"Wonoayu","village":"Pilang"},"geometry":{"type":"MultiPolygon","coordinates":[[[[112.6661,-7.4443],[112.6659,-7.4459],[112.6656,-7.447],[112.6652,-7.4485],[112.6647,-7.4496],[112.6636,-7.45],[112.6626,-7.4501],[112.6618,-7.4516],[112.6605,-7.4553],[112.659,-7.455],[112.6576,-7.4546],[112.6565,-7.4544],[112.6554,-7.4542],[112.6541,-7.454],[112.6524,-7.4538],[112.6508,-7.4534],[112.65,-7.4527],[112.6495,-7.4512],[112.65,-7.4483],[112.6489,-7.4479],[112.6493,-7.4458],[112.6498,-7.4442],[112.6508,-7.4421],[112.6518,-7.4424],[112.653,-7.4426],[112.6538,-7.4432],[112.655,-7.443],[112.6562,-7.4428],[112.6572,-7.4426],[112.6584,-7.4421],[112.6596,-7.442],[112.6606,-7.4422],[112.6617,-7.4424],[112.6627,-7.443],[112.6638,-7.4437],[112.6648,-7.444],[112.6659,-7.444],[112.6661,-7.4443]]]]}},{"type":"Feature","properties":{"level":"village","regency":"Sidoarjo","district":"Wonoayu","village":"Plaosan"},"geometry":{"type":"MultiPolygon","coordinates":[[[[112.6317,-7.4144],[112.6314,-7.4164],[112.6309,-7.4183],[112.6296,-7.4178],[112.6286,-7.4174],[112.6284,-7.4189],[112.6282,-7.42],[112.6281,-7.4212],[112.6279,-7.423],[112.6267,-7.4233],[112.6256,-7.4232],[112.6246,-7.4229],[112.6236,-7.4231],[112.6226,-7.4227],[112.6229,-7.4211],[112.6232,-7.4201],[112.6234,-7.4191],[112.6238,-7.4179],[112.6242,-7.4164],[112.6244,-7.4154],[112.6223,-7.4147],[112.6213,-7.4143],[112.6206,-7.4134],[112.6208,-7.4124],[112.6209,-7.411],[112.6219,-7.41],[112.6227,-7.4093],[112.6237,-7.4088],[112.6247,-7.4086],[112.6255,-7.4076],[112.6263,-7.4082],[112.6269,-7.4093],[112.6277,-7.41],[112.6286,-7.4104],[112.6296,-7.4111],[112.6295,-7.4123],[112.6297,-7.4133],[112.631,-7.414],[112.6317,-7.4144]]]]}},{"type":"Feature","properties":{"level":"village","regency":"Sidoarjo","district":"Krembung","village":"Ploso"},"geometry":{"type":"MultiPolygon","coordinates":[[[[112.6525,-7.5053],[112.6521,-7.5064],[112.6528,-7.5073],[112.6535,-7.5083],[112.6543,-7.5097],[112.6549,-7.5105],[112.6543,-7.512],[112.6538,-7.5132],[112.6535,-7.5142],[112.6529,-7.5156],[112.6524,-7.5165],[112.6515,-7.5172],[112.6509,-7.5181],[112.6489,-7.5175],[112.6481,-7.5169],[112.6467,-7.5163],[112.6453,-7.5159],[112.6444,-7.5153],[112.6434,-7.5151],[112.6431,-7.5139],[112.6435,-7.5129],[112.644,-7.5118],[112.6447,-7.5103],[112.6453,-7.5087],[112.646,-7.5066],[112.6464,-7.5056],[112.6471,-7.5036],[112.6485,-7.504],[112.6495,-7.5043],[112.6504,-7.5048],[112.6514,-7.5051],[112.6525,-7.5053]]]]}},{"type":"Feature","properties":{"level":"village","regency":"Sidoarjo","district":"Wonoayu","village":"Ploso"},"geometry":{"type":"MultiPolygon","coordinates":[[[[112.6428,-7.4275],[112.6419,-7.4287],[112.6421,-7.4297],[112.6433,-7.4299],[112.6444,-7.43],[112.6455,-7.4305],[112.6469,-7.4308],[112.6471,-7.4325],[112.6467,-7.4337],[112.6477,-7.4343],[112.6478,-7.4357],[112.6474,-7.4368],[112.6471,-7.4379],[112.6437,-7.4374],[112.6431,-7.4387],[112.6423,-7.4397],[112.6418,-7.4409],[112.6379,-7.4397],[112.6385,-7.4381],[112.6367,-7.4378],[112.6352,-7.4373],[112.6334,-7.4368],[112.6339,-7.4358],[112.6344,-7.4349],[112.6357,-7.4315],[112.6366,-7.4289],[112.6378,-7.4281],[112.6383,-7.4269],[112.6398,-7.4265],[112.6413,-7.427],[112.6428,-7.4275]]]]}},{"type":"Feature","properties":{"level":"village","regency":"Surabaya","district":"Tambaksari","village":"Ploso"},"geometry":{"type":"MultiPolygon","coordinates":[[[[112.7808,-7.2519],[112.7822,-7.2533],[112.7816,-7.2541],[112.7809,-7.2548],[112.7792,-7.2546],[112.7779,-7.2543],[112.7772,-7.255],[112.7768,-7.2559],[112.7763,-7.2569],[112.7759,-7.2579],[112.7753,-7.2589],[112.7743,-7.2591],[112.7733,-7.2584],[112.7722,-7.2577],[112.7715,-7.257],[112.7705,-7.2566],[112.7691,-7.2561],[112.7681,-7.2558],[112.7671,-7.2554],[112.7654,-7.2551],[112.7644,-7.2548],[112.7628,-7.2547],[112.7616,-7.2543],[112.7613,-7.2532],[112.7617,-7.2522],[112.7609,-7.2516],[112.7596,-7.2515],[112.7583,-7.2514],[112.7572,-7.2513],[112.7562,-7.2511],[112.7555,-7.25],[112.7561,-7.2491],[112.7573,-7.2488],[112.7583,-7.2488],[112.7593,-7.249],[112.7605,-7.2492],[112.7619,-7.2496],[112.763,-7.2498],[112.7645,-7.2502],[112.7655,-7.2504],[112.7668,-7.2507],[112.768,-7.2506],[112.7685,-7.2495],[112.7688,-7.2485],[112.7699,-7.2487],[112.7709,-7.249],[112.772,-7.2493],[112.7732,-7.2497],[112.7744,-7.2501],[112.7754,-7.2504],[112.7771,-7.2509],[112.7781,-7.2512],[112.7794,-7.2516],[112.7805,-7.2519],[112.7808,-7.2519]]]]}},{"type":"Feature","properties":{"level":"village","regency":"Sidoarjo","district":"Porong","village":"Plumbon"},"geometry":{"type":"MultiPolygon","coordinates":[[[[112.7927,-7.5184],[112.794,-7.5201],[112.7951,-7.5207],[112.7962,-7.521],[112.7973,-7.5211],[112.7983,-7.5204],[112.8001,-7.5198],[112.8011,-7.5199],[112.8001,-7.5208],[112.7992,-7.5216],[112.7984,-7.5224],[112.7976,-7.523],[112.7966,-7.5231],[112.7956,-7.5236],[112.7945,-7.5232],[112.7931,-7.5226],[112.7917,-7.5224],[112.7905,-7.5223],[112.7894,-7.5223],[112.7884,-7.5224],[112.7875,-7.5232],[112.7886,-7.5241],[112.7895,-7.5247],[112.7901,-7.5256],[112.7901,-7.5267],[112.7901,-7.5279],[112.7893,-7.5287],[112.7879,-7.5288],[112.7866,-7.528],[112.7855,-7.5275],[112.7845,-7.5274],[112.7832,-7.528],[112.7823,-7.5284],[112.7813,-7.5283],[112.7802,-7.5278],[112.7795,-7.5269],[112.778,-7.5271],[112.7766,-7.5277],[112.7752,-7.5275],[112.7745,-7.5261],[112.7735,-7.5258],[112.7721,-7.5264],[112.7707,-7.5265],[112.7694,-7.5266],[112.768,-7.5271],[112.7672,-7.5278],[112.7661,-7.5275],[112.7652,-7.5267],[112.7641,-7.5271],[112.7626,-7.5271],[112.7615,-7.5267],[112.7604,-7.5262],[112.7592,-7.5256],[112.758,-7.5255],[112.7571,-7.526],[112.7559,-7.5264],[112.7546,-7.5272],[112.7542,-7.5281],[112.7528,-7.5287],[112.752,-7.5301],[112.7521,-7.5322],[112.7511,-7.5321],[112.7506,-7.533],[112.7501,-7.5339],[112.7495,-7.5348],[112.7481,-7.5345],[112.7461,-7.5342],[112.745,-7.5336],[112.743,-7.5352],[112.7426,-7.5364],[112.7414,-7.537],[112.7404,-7.5367],[112.7391,-7.5365],[112.7372,-7.5359],[112.7371,-7.5338],[112.738,-7.5333],[112.7393,-7.5336],[112.7405,-7.533],[112.7416,-7.5331],[112.7426,-7.5329],[112.7435,-7.5324],[112.7446,-7.5322],[112.7453,-7.5315],[112.7458,-7.5304],[112.7464,-7.5294],[112.7475,-7.5303],[112.7481,-7.5293],[112.7479,-7.5283],[112.7476,-7.5271],[112.7475,-7.526],[112.7475,-7.5247],[112.7475,-7.5236],[112.7483,-7.5228],[112.748,-7.5217],[112.7486,-7.5208],[112.7497,-7.5211],[112.7507,-7.5209],[112.7523,-7.5209],[112.7532,-7.5205],[112.7544,-7.5203],[112.7555,-7.5201],[112.7569,-7.5198],[112.7581,-7.5195],[112.7593,-7.5195],[112.7605,-7.5204],[112.7614,-7.521],[112.7624,-7.5215],[112.7633,-7.5221],[112.7644,-7.5227],[112.7655,-7.5234],[112.7668,-7.5226],[112.7675,-7.5216],[112.7675,-7.5204],[112.7665,-7.5198],[112.7665,-7.5186],[112.7675,-7.5178],[112.7685,-7.517],[112.7707,-7.5165],[112.7717,-7.517],[112.773,-7.5166],[112.774,-7.5158],[112.7742,-7.5147],[112.7745,-7.5137],[112.7756,-7.5144],[112.7765,-7.5148],[112.7779,-7.5146],[112.779,-7.514],[112.7795,-7.5129],[112.7795,-7.5118],[112.7804,-7.5113],[112.7816,-7.5112],[112.7831,-7.5115],[112.784,-7.512],[112.7852,-7.5124],[112.7861,-7.5134],[112.7868,-7.5145],[112.787,-7.5156],[112.7865,-7.5165],[112.7862,-7.5176],[112.787,-7.5183],[112.7879,-7.5189],[112.7889,-7.5186],[112.7897,-7.518],[112.7907,-7.5176],[112.792,-7.5179],[112.7927,-7.5184]]]]}},{"type":"Feature","properties":{"level":"village","regency":"Sidoarjo","district":"Sukodono","village":"Plumbungan"},"geometry":{"type":"MultiPolygon","coordinates":[[[[112.668,-7.3906],[112.6676,-7.3916],[112.6677,-7.3926],[112.6675,-7.3936],[112.6679,-7.3947],[112.6678,-7.3961],[112.6666,-7.3965],[112.6656,-7.3961],[112.6646,-7.3959],[112.663,-7.3957],[112.662,-7.3956],[112.6608,-7.3954],[112.6597,-7.3958],[112.6595,-7.3968],[112.6593,-7.3978],[112.6591,-7.399],[112.6581,-7.3994],[112.6569,-7.3995],[112.6559,-7.3991],[112.6548,-7.3989],[112.6536,-7.3986],[112.6536,-7.3973],[112.6546,-7.3962],[112.6548,-7.3951],[112.655,-7.3939],[112.6556,-7.3928],[112.6552,-7.3919],[112.6563,-7.3913],[112.6574,-7.3909],[112.6585,-7.3906],[112.6599,-7.3905],[112.661,-7.3905],[112.662,-7.3899],[112.6629,-7.3891],[112.6639,-7.3887],[112.6651,-7.3892],[112.6661,-7.3897],[112.6678,-7.3905],[112.668,-7.3906]]]]}},{"type":"Feature","properties":{"level":"village","regency":"Sidoarjo","district":"Krian","village":"Ponokawan"},"geometry":{"type":"MultiPolygon","coordinates":[[[[112.6041,-7.3891],[112.6044,-7.3903],[112.6036,-7.3917],[112.6033,-7.3937],[112.6029,-7.3955],[112.6018,-7.3949],[112.6007,-7.3952],[112.5997,-7.3958],[112.5989,-7.3964],[112.5976,-7.3964],[112.5966,-7.3971],[112.5962,-7.3981],[112.5952,-7.3983],[112.5942,-7.3981],[112.5937,-7.3971],[112.5936,-7.396],[112.5936,-7.3945],[112.5935,-7.3933],[112.5934,-7.3918],[112.5935,-7.3908],[112.5947,-7.3906],[112.5968,-7.3903],[112.5982,-7.3901],[112.5994,-7.3898],[112.5994,-7.3886],[112.6017,-7.3886],[112.6027,-7.3888],[112.6037,-7.389],[112.6041,-7.3891]]]]}},{"type":"Feature","properties":{"level":"village","regency":"Sidoarjo","district":"Wonoayu","village":"Popoh"},"geometry":{"type":"MultiPolygon","coordinates":[[[[112.6282,-7.4396],[112.6298,-7.4405],[112.6296,-7.4418],[112.6293,-7.4429],[112.6286,-7.4438],[112.6282,-7.4448],[112.6272,-7.445],[112.6259,-7.4453],[112.625,-7.4461],[112.624,-7.4462],[112.6233,-7.4455],[112.6223,-7.4453],[112.6213,-7.4451],[112.6204,-7.4458],[112.6192,-7.446],[112.6179,-7.447],[112.617,-7.4476],[112.6163,-7.4485],[112.6152,-7.4488],[112.614,-7.4486],[112.6129,-7.4486],[112.6126,-7.4476],[112.6131,-7.4464],[112.6136,-7.4449],[112.614,-7.444],[112.6142,-7.4427],[112.6144,-7.4417],[112.6148,-7.4398],[112.615,-7.4386],[112.616,-7.4385],[112.6171,-7.4389],[112.6181,-7.4392],[112.6193,-7.4396],[112.6204,-7.4398],[112.6216,-7.4399],[112.6229,-7.4399],[112.624,-7.44],[112.625,-7.4402],[112.6262,-7.4389],[112.6276,-7.4392],[112.6282,-7.4396]]]]}},{"type":"Feature","properties":{"level":"village","regency":"Sidoarjo","district":"Porong","village":"Porong"},"geometry":{"type":"MultiPolygon","coordinates":[[[[112.6993,-7.5407],[112.7003,-7.5412],[112.6999,-7.5428],[112.6987,-7.5426],[112.6983,-7.5445],[112.698,-7.5456],[112.6968,-7.5456],[112.6947,-7.5459],[112.6942,-7.5449],[112.6926,-7.5453],[112.6912,-7.5448],[112.69,-7.5448],[112.6889,-7.545],[112.6877,-7.5448],[112.6863,-7.5449],[112.685,-7.5451],[112.6839,-7.5448],[112.683,-7.5443],[112.6817,-7.5443],[112.6804,-7.5442],[112.6793,-7.5442],[112.6793,-7.5432],[112.6795,-7.5417],[112.68,-7.5399],[112.681,-7.54],[112.6827,-7.5402],[112.684,-7.5404],[112.6852,-7.5406],[112.687,-7.5409],[112.6882,-7.541],[112.6892,-7.5411],[112.6902,-7.5413],[112.6913,-7.5415],[112.6923,-7.5412],[112.6935,-7.5416],[112.6946,-7.5413],[112.6955,-7.5408],[112.6967,-7.5409],[112.698,-7.5413],[112.6989,-7.542],[112.6993,-7.5407]]]]}},{"type":"Feature","properties":{"level":"village","regency":"Surabaya","district":"Dukuh Pakis","village":"Pradahkali Kendal"},"geometry":{"type":"MultiPolygon","coordinates":[[[[112.6845,-7.2751],[112.6851,-7.276],[112.6859,-7.2769],[112.6871,-7.2791],[112.6884,-7.278],[112.6896,-7.278],[112.6906,-7.2786],[112.692,-7.2782],[112.6938,-7.2784],[112.695,-7.2785],[112.6961,-7.2794],[112.6972,-7.2807],[112.6963,-7.2815],[112.6944,-7.2843],[112.6962,-7.2852],[112.6965,-7.2865],[112.6949,-7.2864],[112.6946,-7.2881],[112.6941,-7.2897],[112.6955,-7.2902],[112.6972,-7.2911],[112.6976,-7.2924],[112.6974,-7.295],[112.6975,-7.2964],[112.6978,-7.299],[112.697,-7.2999],[112.6962,-7.3012],[112.6947,-7.3006],[112.6919,-7.2995],[112.6905,-7.2996],[112.6891,-7.2994],[112.6877,-7.2996],[112.6867,-7.3003],[112.6854,-7.3015],[112.6838,-7.3016],[112.6832,-7.3008],[112.684,-7.2994],[112.6825,-7.298],[112.6801,-7.2967],[112.6771,-7.2957],[112.6768,-7.2946],[112.6757,-7.2943],[112.676,-7.2923],[112.6765,-7.2909],[112.6772,-7.2893],[112.678,-7.2885],[112.6786,-7.2876],[112.6779,-7.2867],[112.678,-7.2857],[112.6784,-7.2843],[112.6782,-7.283],[112.6784,-7.2815],[112.6792,-7.2807],[112.6801,-7.2802],[112.6811,-7.2794],[112.6824,-7.2784],[112.6832,-7.2777],[112.6842,-7.2769],[112.6843,-7.2754],[112.6845,-7.2751]]]]}},{"type":"Feature","properties":{"level":"village","regency":"Sidoarjo","district":"Prambon","village":"Prambon"},"geometry":{"type":"MultiPolygon","coordinates":[[[[112.5596,-7.4627],[112.5593,-7.4638],[112.5604,-7.4642],[112.5603,-7.4659],[112.5599,-7.4673],[112.5595,-7.4683],[112.5607,-7.469],[112.5618,-7.4693],[112.5628,-7.4696],[112.5627,-7.4707],[112.5624,-7.4721],[112.5615,-7.4727],[112.5612,-7.4737],[112.561,-7.4748],[112.5602,-7.4756],[112.5591,-7.4755],[112.5577,-7.4753],[112.5559,-7.4752],[112.5548,-7.475],[112.5537,-7.4748],[112.5526,-7.4744],[112.5515,-7.474],[112.5502,-7.4735],[112.5485,-7.4731],[112.5474,-7.4729],[112.5462,-7.4728],[112.5451,-7.4728],[112.5435,-7.4726],[112.5424,-7.4723],[112.5414,-7.472],[112.5404,-7.4714],[112.5395,-7.471],[112.5383,-7.4706],[112.5378,-7.469],[112.5378,-7.4678],[112.5385,-7.4667],[112.5394,-7.4662],[112.5402,-7.4668],[112.5412,-7.4666],[112.5424,-7.4666],[112.5423,-7.4686],[112.5436,-7.4686],[112.5447,-7.4687],[112.5459,-7.4688],[112.5471,-7.4687],[112.5483,-7.4687],[112.5494,-7.4683],[112.5495,-7.4672],[112.5505,-7.467],[112.5521,-7.4672],[112.5536,-7.4675],[112.5543,-7.4664],[112.5548,-7.4654],[112.556,-7.4644],[112.5569,-7.4637],[112.558,-7.4632],[112.559,-7.4628],[112.5596,-7.4627]]]]}},{"type":"Feature","properties":{"level":"village","regency":"Sidoarjo","district":"Sedati","village":"Pranti"},"geometry":{"type":"MultiPolygon","coordinates":[[[[112.7935,-7.3684],[112.7927,-7.3694],[112.7919,-7.3704],[112.7912,-7.3712],[112.7901,-7.3711],[112.7882,-7.3708],[112.7863,-7.3704],[112.7852,-7.3709],[112.7848,-7.3719],[112.7844,-7.3729],[112.7831,-7.3732],[112.7815,-7.3729],[112.7812,-7.3744],[112.781,-7.3758],[112.7795,-7.3761],[112.7784,-7.3759],[112.7772,-7.3757],[112.776,-7.3755],[112.775,-7.3754],[112.7761,-7.3747],[112.7772,-7.3739],[112.7782,-7.3733],[112.7796,-7.3729],[112.7799,-7.3715],[112.78,-7.3704],[112.7804,-7.3685],[112.7807,-7.3674],[112.7809,-7.3661],[112.782,-7.3657],[112.7833,-7.366],[112.7844,-7.3661],[112.7856,-7.3663],[112.7866,-7.3665],[112.7877,-7.3667],[112.7888,-7.3666],[112.7898,-7.3671],[112.7909,-7.3674],[112.7933,-7.3682],[112.7935,-7.3684]]]]}},{"type":"Feature","properties":{"level":"village","regency":"Sidoarjo","district":"Buduran","village":"Prasung"},"geometry":{"type":"MultiPolygon","coordinates":[[[[112.7448,-7.4211],[112.7459,-7.4212],[112.7478,-7.4217],[112.7487,-7.4209],[112.749,-7.419],[112.75,-7.4186],[112.751,-7.4184],[112.7522,-7.4181],[112.7523,-7.4191],[112.7527,-7.4204],[112.7538,-7.4207],[112.7548,-7.4212],[112.7548,-7.4227],[112.7555,-7.4234],[112.7563,-7.4243],[112.7574,-7.4245],[112.7582,-7.4252],[112.7591,-7.4258],[112.759,-7.4271],[112.76,-7.4273],[112.7609,-7.4279],[112.7618,-7.4284],[112.7629,-7.4287],[112.7638,-7.4294],[112.7639,-7.4307],[112.7653,-7.431],[112.7665,-7.4315],[112.7676,-7.4319],[112.7693,-7.4323],[112.7701,-7.4317],[112.7713,-7.4328],[112.7724,-7.4334],[112.7733,-7.434],[112.7742,-7.4348],[112.7735,-7.4365],[112.7732,-7.4375],[112.7731,-7.4385],[112.7727,-7.4395],[112.7728,-7.4407],[112.7724,-7.4417],[112.7719,-7.4428],[112.771,-7.4435],[112.771,-7.4446],[112.7716,-7.4456],[112.773,-7.4472],[112.7714,-7.4475],[112.7701,-7.448],[112.7688,-7.4484],[112.7678,-7.4481],[112.7671,-7.4474],[112.766,-7.4466],[112.765,-7.4459],[112.7639,-7.4455],[112.763,-7.445],[112.762,-7.4449],[112.761,-7.4446],[112.7602,-7.4436],[112.7596,-7.4428],[112.7582,-7.4424],[112.7572,-7.4429],[112.7563,-7.4434],[112.7552,-7.443],[112.7538,-7.4426],[112.7527,-7.4421],[112.7511,-7.4419],[112.7501,-7.4412],[112.7496,-7.4401],[112.7485,-7.4391],[112.7474,-7.4385],[112.7461,-7.438],[112.7455,-7.4368],[112.7444,-7.4366],[112.743,-7.4361],[112.7424,-7.4351],[112.7417,-7.4335],[112.7413,-7.4325],[112.7406,-7.4318],[112.7397,-7.4311],[112.7383,-7.4312],[112.7369,-7.4302],[112.7372,-7.4289],[112.7376,-7.4267],[112.738,-7.4245],[112.7368,-7.4242],[112.7371,-7.4232],[112.7374,-7.422],[112.7377,-7.421],[112.7386,-7.4174],[112.7394,-7.418],[112.7401,-7.4189],[112.741,-7.4193],[112.742,-7.4198],[112.7435,-7.4205],[112.7446,-7.4211],[112.7448,-7.4211]]]]}},{"type":"Feature","properties":{"level":"village","regency":"Sidoarjo","district":"Sidoarjo","village":"Pucang"},"geometry":{"type":"MultiPolygon","coordinates":[[[[112.719,-7.4342],[112.7202,-7.4348],[112.7209,-7.4356],[112.7208,-7.4367],[112.722,-7.4376],[112.7231,-7.4379],[112.7242,-7.4382],[112.7253,-7.4386],[112.7263,-7.4391],[112.7268,-7.4403],[112.7258,-7.4406],[112.7253,-7.4415],[112.7237,-7.442],[112.7221,-7.4427],[112.7217,-7.4437],[112.7213,-7.4447],[112.7188,-7.4453],[112.7183,-7.4444],[112.7176,-7.4432],[112.7162,-7.4428],[112.7149,-7.4424],[112.7152,-7.4406],[112.7157,-7.4392],[112.716,-7.438],[112.7161,-7.4368],[112.7166,-7.4359],[112.7175,-7.4354],[112.7182,-7.4346],[112.719,-7.4342]]]]}},{"type":"Feature","properties":{"level":"village","regency":"Surabaya","district":"Gubeng","village":"Pucang Sewu"},"geometry":{"type":"MultiPolygon","coordinates":[[[[112.7577,-7.2871],[112.7577,-7.2883],[112.7577,-7.2893],[112.7577,-7.2904],[112.7576,-7.2914],[112.7573,-7.2928],[112.7565,-7.2936],[112.7551,-7.2936],[112.7539,-7.2935],[112.7526,-7.2932],[112.7511,-7.2927],[112.7495,-7.2921],[112.7482,-7.2917],[112.7472,-7.2911],[112.7476,-7.2898],[112.7479,-7.2886],[112.7481,-7.2876],[112.7484,-7.2863],[112.7487,-7.285],[112.7489,-7.284],[112.7499,-7.2836],[112.7509,-7.2839],[112.752,-7.2843],[112.7531,-7.2843],[112.7541,-7.2843],[112.7554,-7.2843],[112.7558,-7.2855],[112.7558,-7.2868],[112.7569,-7.287],[112.7577,-7.2871]]]]}},{"type":"Feature","properties":{"level":"village","regency":"Sidoarjo","district":"Sidoarjo","village":"Pucanganom"},"geometry":{"type":"MultiPolygon","coordinates":[[[[112.7666,-7.4471],[112.7674,-7.4477],[112.768,-7.4485],[112.7682,-7.4495],[112.7684,-7.4506],[112.7686,-7.4516],[112.7689,-7.4526],[112.7693,-7.4536],[112.7699,-7.4544],[112.7706,-7.4552],[112.7715,-7.4558],[112.7725,-7.4559],[112.7736,-7.4557],[112.7744,-7.4551],[112.7753,-7.4545],[112.7762,-7.454],[112.7772,-7.4536],[112.7782,-7.4534],[112.7793,-7.4535],[112.7802,-7.454],[112.7808,-7.4548],[112.7814,-7.4557],[112.7817,-7.4567],[112.7818,-7.4577],[112.7822,-7.4592],[112.7828,-7.4603],[112.7833,-7.4614],[112.7835,-7.4626],[112.7833,-7.4638],[112.7824,-7.4647],[112.7814,-7.4647],[112.7804,-7.4644],[112.7794,-7.4644],[112.7784,-7.4646],[112.7776,-7.4652],[112.7768,-7.4659],[112.7762,-7.4667],[112.7755,-7.4675],[112.7746,-7.468],[112.7736,-7.4679],[112.7727,-7.4673],[112.7725,-7.4663],[112.7722,-7.4653],[112.7716,-7.4645],[112.7708,-7.4639],[112.7698,-7.4638],[112.7692,-7.4646],[112.7693,-7.4656],[112.7694,-7.4666],[112.7693,-7.4676],[112.7686,-7.4684],[112.7677,-7.4689],[112.7668,-7.4694],[112.7657,-7.4693],[112.7647,-7.4691],[112.7637,-7.4689],[112.7627,-7.4687],[112.7617,-7.4685],[112.7607,-7.4683],[112.7597,-7.4681],[112.7587,-7.4679],[112.7577,-7.4677],[112.7567,-7.4676],[112.7557,-7.4678],[112.7546,-7.4679],[112.7535,-7.468],[112.7533,-7.4669],[112.7537,-7.466],[112.7544,-7.4653],[112.7551,-7.4642],[112.7552,-7.4631],[112.7561,-7.4626],[112.7558,-7.4614],[112.7555,-7.4603],[112.7548,-7.4582],[112.7543,-7.4572],[112.7537,-7.4564],[112.7533,-7.4555],[112.7527,-7.4547],[112.7529,-7.4536],[112.7533,-7.4525],[112.7538,-7.4516],[112.7541,-7.4504],[112.754,-7.449],[112.7551,-7.448],[112.7559,-7.4468],[112.7568,-7.446],[112.758,-7.446],[112.7585,-7.4473],[112.7584,-7.4485],[112.7586,-7.4496],[112.7588,-7.4506],[112.7586,-7.4519],[112.7595,-7.4529],[112.7609,-7.4532],[112.7619,-7.453],[112.7628,-7.4525],[112.7636,-7.4518],[112.7641,-7.4509],[112.7644,-7.4499],[112.7649,-7.449],[112.7654,-7.4481],[112.7662,-7.4474],[112.7666,-7.4471]]],[[[112.7295,-7.4544],[112.7288,-7.4552],[112.728,-7.4561],[112.7274,-7.457],[112.727,-7.4584],[112.7262,-7.4591],[112.7247,-7.4591],[112.7233,-7.4587],[112.7223,-7.4588],[112.7224,-7.4572],[112.7212,-7.4571],[112.7208,-7.4584],[112.7198,-7.4581],[112.7193,-7.4569],[112.7198,-7.456],[112.7206,-7.4553],[112.7201,-7.4544],[112.7211,-7.4541],[112.7224,-7.4541],[112.7236,-7.4528],[112.7246,-7.4532],[112.7255,-7.4526],[112.7266,-7.4526],[112.7278,-7.4526],[112.728,-7.4537],[112.729,-7.4544],[112.7295,-7.4544]]]]}},{"type":"Feature","properties":{"level":"village","regency":"Sidoarjo","district":"Sedati","village":"Pulungan"},"geometry":{"type":"MultiPolygon","coordinates":[[[[112.7754,-7.3947],[112.7745,-7.3951],[112.7733,-7.3955],[112.7721,-7.3954],[112.7705,-7.3953],[112.7697,-7.3959],[112.7687,-7.3961],[112.7677,-7.3959],[112.767,-7.3949],[112.7661,-7.394],[112.7672,-7.3938],[112.7681,-7.3942],[112.7695,-7.3947],[112.7697,-7.3937],[112.7699,-7.3925],[112.7698,-7.3908],[112.77,-7.3891],[112.7707,-7.3905],[112.7706,-7.3923],[112.7705,-7.3933],[112.7704,-7.3949],[112.7715,-7.395],[112.7715,-7.3937],[112.7715,-7.3926],[112.7729,-7.3926],[112.7742,-7.3927],[112.7755,-7.3927],[112.7754,-7.3941],[112.7754,-7.3947]]]]}},{"type":"Feature","properties":{"level":"village","regency":"Sidoarjo","district":"Gedangan","village":"Punggul"},"geometry":{"type":"MultiPolygon","coordinates":[[[[112.7409,-7.3924],[112.7422,-7.3927],[112.7432,-7.3928],[112.7443,-7.3926],[112.7454,-7.3929],[112.7454,-7.3949],[112.7452,-7.3965],[112.7451,-7.3975],[112.745,-7.3994],[112.745,-7.401],[112.745,-7.4021],[112.745,-7.4032],[112.7449,-7.4046],[112.7438,-7.4047],[112.7423,-7.4042],[112.7406,-7.404],[112.739,-7.4033],[112.7361,-7.4024],[112.7358,-7.404],[112.7338,-7.4043],[112.7326,-7.4048],[112.7316,-7.4036],[112.7298,-7.4032],[112.7282,-7.4028],[112.7283,-7.4017],[112.7284,-7.4006],[112.7286,-7.3995],[112.7288,-7.3981],[112.7293,-7.3962],[112.7299,-7.395],[112.731,-7.3952],[112.7323,-7.3953],[112.7335,-7.3952],[112.7346,-7.3947],[112.7355,-7.3939],[112.7356,-7.3926],[112.7369,-7.3928],[112.7379,-7.3929],[112.7392,-7.3926],[112.7401,-7.3921],[112.7409,-7.3924]]]]}},{"type":"Feature","properties":{"level":"village","regency":"Sidoarjo","district":"Tanggulangin","village":"Putat"},"geometry":{"type":"MultiPolygon","coordinates":[[[[112.7362,-7.5031],[112.7369,-7.5039],[112.7359,-7.5039],[112.735,-7.5051],[112.7351,-7.5061],[112.736,-7.5066],[112.7361,-7.5076],[112.7362,-7.5088],[112.7358,-7.51],[112.7357,-7.5112],[112.7345,-7.5117],[112.7331,-7.5115],[112.7319,-7.5112],[112.7311,-7.5102],[112.7306,-7.5093],[112.7305,-7.5082],[112.7296,-7.5076],[112.7285,-7.5074],[112.7276,-7.5069],[112.7265,-7.5067],[112.7255,-7.5065],[112.7253,-7.5054],[112.7258,-7.5036],[112.7246,-7.5023],[112.7239,-7.5015],[112.7247,-7.5007],[112.7257,-7.5003],[112.727,-7.5006],[112.7279,-7.4998],[112.7289,-7.4995],[112.7299,-7.4997],[112.731,-7.4998],[112.732,-7.5004],[112.7329,-7.5009],[112.7337,-7.5017],[112.7346,-7.5023],[112.7355,-7.5028],[112.7362,-7.5031]]]]}},{"type":"Feature","properties":{"level":"village","regency":"Surabaya","district":"Suko Manunggal","village":"Putat Gede"},"geometry":{"type":"MultiPolygon","coordinates":[[[[112.7076,-7.2865],[112.7072,-7.2883],[112.7069,-7.2897],[112.7056,-7.2895],[112.7047,-7.2914],[112.704,-7.2921],[112.7035,-7.293],[112.7,-7.2922],[112.6982,-7.2916],[112.6972,-7.2912],[112.6958,-7.2903],[112.6941,-7.2897],[112.6945,-7.2883],[112.6948,-7.2872],[112.696,-7.2865],[112.697,-7.2864],[112.6977,-7.2856],[112.6979,-7.2846],[112.7,-7.2849],[112.7009,-7.2844],[112.7022,-7.2845],[112.7032,-7.2838],[112.7043,-7.2828],[112.7069,-7.2835],[112.7081,-7.2838],[112.7078,-7.2853],[112.7076,-7.2865]]]]}},{"type":"Feature","properties":{"level":"village","regency":"Surabaya","district":"Sawahan","village":"Putat Jaya"},"geometry":{"type":"MultiPolygon","coordinates":[[[[112.7277,-7.2784],[112.7276,-7.2794],[112.7286,-7.2801],[112.729,-7.2813],[112.728,-7.2811],[112.7269,-7.2808],[112.7249,-7.2811],[112.724,-7.2816],[112.7231,-7.2821],[112.722,-7.2816],[112.721,-7.2818],[112.72,-7.2819],[112.7189,-7.2819],[112.7178,-7.282],[112.7169,-7.2824],[112.7167,-7.2812],[112.7171,-7.2802],[112.7165,-7.2793],[112.7155,-7.279],[112.7139,-7.2787],[112.7128,-7.2788],[112.7117,-7.2783],[112.7096,-7.2776],[112.7099,-7.2763],[112.7089,-7.2757],[112.7087,-7.2745],[112.7088,-7.2733],[112.7107,-7.2732],[112.7109,-7.2722],[112.7123,-7.2718],[112.7136,-7.2723],[112.7149,-7.2726],[112.715,-7.2715],[112.7165,-7.272],[112.7174,-7.2728],[112.7182,-7.2735],[112.719,-7.2742],[112.72,-7.2744],[112.7201,-7.2755],[112.7218,-7.2765],[112.7226,-7.2775],[112.7242,-7.2781],[112.7241,-7.2794],[112.7254,-7.279],[112.7274,-7.2784],[112.7277,-7.2784]]]]}},{"type":"Feature","properties":{"level":"village","regency":"Sidoarjo","district":"Tanggulangin","village":"Randegan"},"geometry":{"type":"MultiPolygon","coordinates":[[[[112.686,-7.4915],[112.6856,-7.4925],[112.6852,-7.4935],[112.6847,-7.4945],[112.6839,-7.4959],[112.6832,-7.4975],[112.6828,-7.4984],[112.6822,-7.4995],[112.6817,-7.5006],[112.6806,-7.5027],[112.6799,-7.5039],[112.6788,-7.5047],[112.6768,-7.5045],[112.6756,-7.5044],[112.6741,-7.5042],[112.6728,-7.5039],[112.6711,-7.5036],[112.6686,-7.5031],[112.6685,-7.5017],[112.6687,-7.5004],[112.6691,-7.4978],[112.6709,-7.4984],[112.6717,-7.4956],[112.672,-7.4945],[112.6725,-7.4928],[112.6735,-7.4926],[112.6742,-7.4917],[112.6747,-7.4906],[112.6759,-7.4879],[112.6832,-7.4905],[112.6848,-7.4911],[112.686,-7.4915],[112.686,-7.4915]]]]}},{"type":"Feature","properties":{"level":"village","regency":"Surabaya","district":"Tambaksari","village":"Rangkah"},"geometry":{"type":"MultiPolygon","coordinates":[[[[112.7689,-7.2453],[112.7688,-7.2467],[112.7688,-7.2485],[112.7685,-7.2495],[112.768,-7.2506],[112.7668,-7.2507],[112.7656,-7.2505],[112.7645,-7.2502],[112.7633,-7.2499],[112.7623,-7.2497],[112.7607,-7.2493],[112.7597,-7.2491],[112.7595,-7.248],[112.7597,-7.247],[112.76,-7.246],[112.7602,-7.245],[112.7606,-7.2437],[112.7617,-7.2432],[112.7628,-7.2435],[112.764,-7.2439],[112.7653,-7.2443],[112.767,-7.2448],[112.768,-7.245],[112.7689,-7.2453]]]]}},{"type":"Feature","properties":{"level":"village","regency":"Sidoarjo","district":"Sidoarjo","village":"Rangkahkidul"},"geometry":{"type":"MultiPolygon","coordinates":[[[[112.7539,-7.4507],[112.7536,-7.4517],[112.7532,-7.4527],[112.7529,-7.4538],[112.7529,-7.4549],[112.7534,-7.4558],[112.754,-7.4568],[112.7546,-7.4579],[112.7548,-7.4596],[112.7555,-7.4603],[112.7558,-7.4614],[112.7562,-7.4624],[112.7552,-7.4631],[112.7554,-7.4641],[112.7548,-7.4649],[112.754,-7.4656],[112.7534,-7.4667],[112.753,-7.4677],[112.7521,-7.4683],[112.751,-7.4686],[112.7499,-7.4684],[112.7492,-7.4677],[112.7497,-7.4668],[112.7499,-7.4657],[112.7504,-7.4646],[112.7505,-7.4634],[112.7499,-7.4624],[112.7487,-7.4626],[112.7481,-7.4634],[112.7473,-7.4642],[112.7467,-7.4662],[112.7449,-7.4657],[112.7437,-7.4654],[112.7425,-7.4654],[112.7413,-7.4658],[112.74,-7.4656],[112.7389,-7.4659],[112.7378,-7.4662],[112.7368,-7.4658],[112.7363,-7.4649],[112.7353,-7.4641],[112.7344,-7.4633],[112.7334,-7.4629],[112.7326,-7.4636],[112.7316,-7.4633],[112.7306,-7.463],[112.7299,-7.4623],[112.7301,-7.4612],[112.7301,-7.4599],[112.7303,-7.4585],[112.7306,-7.4558],[112.7316,-7.4565],[112.7328,-7.4556],[112.7336,-7.4547],[112.734,-7.4558],[112.7341,-7.4568],[112.7359,-7.4565],[112.7368,-7.4569],[112.7379,-7.456],[112.7379,-7.4548],[112.7393,-7.4552],[112.7403,-7.4563],[112.741,-7.4577],[112.7422,-7.4581],[112.7434,-7.4571],[112.7445,-7.4568],[112.7455,-7.4566],[112.7446,-7.4557],[112.7435,-7.4557],[112.743,-7.4545],[112.744,-7.4538],[112.745,-7.4537],[112.7463,-7.4536],[112.7475,-7.4545],[112.748,-7.4557],[112.7488,-7.4551],[112.7491,-7.454],[112.748,-7.4534],[112.7471,-7.4528],[112.7457,-7.4524],[112.7452,-7.4514],[112.7469,-7.4506],[112.7482,-7.45],[112.7496,-7.4488],[112.7508,-7.4489],[112.7514,-7.4498],[112.7521,-7.4508],[112.7537,-7.4508],[112.7539,-7.4507]]]]}},{"type":"Feature","properties":{"level":"village","regency":"Sidoarjo","district":"Krembung","village":"Rejeni"},"geometry":{"type":"MultiPolygon","coordinates":[[[[112.6444,-7.5024],[112.6469,-7.5034],[112.6467,-7.5048],[112.646,-7.5066],[112.6455,-7.508],[112.6447,-7.5103],[112.644,-7.5118],[112.6436,-7.5128],[112.6431,-7.5139],[112.6426,-7.5151],[112.641,-7.5147],[112.6396,-7.5144],[112.6394,-7.5154],[112.6388,-7.517],[112.6386,-7.5181],[112.6346,-7.5171],[112.634,-7.5161],[112.6338,-7.515],[112.6328,-7.5147],[112.6317,-7.5144],[112.631,-7.5136],[112.6314,-7.5126],[112.6318,-7.5117],[112.6327,-7.5123],[112.6341,-7.5119],[112.6344,-7.5107],[112.6346,-7.5095],[112.6364,-7.5098],[112.6367,-7.5087],[112.6372,-7.5064],[112.6375,-7.5053],[112.638,-7.5036],[112.6391,-7.5027],[112.6403,-7.5029],[112.6417,-7.503],[112.6427,-7.5028],[112.6439,-7.5027],[112.6444,-7.5024]]]]}},{"type":"Feature","properties":{"level":"village","regency":"Sidoarjo","district":"Porong","village":"Renokenongo"},"geometry":{"type":"MultiPolygon","coordinates":[[[[112.7258,-7.5205],[112.7252,-7.5221],[112.7245,-7.5239],[112.7237,-7.5257],[112.7232,-7.5268],[112.7229,-7.5278],[112.7224,-7.5295],[112.7219,-7.5308],[112.7212,-7.5322],[112.7207,-7.5338],[112.7196,-7.5339],[112.7185,-7.5342],[112.7175,-7.5346],[112.7165,-7.5348],[112.7154,-7.5344],[112.7144,-7.534],[112.7133,-7.5336],[112.712,-7.5332],[112.7122,-7.5322],[112.7126,-7.5306],[112.7117,-7.5297],[112.7106,-7.5293],[112.7109,-7.5282],[112.7113,-7.5272],[112.7117,-7.526],[112.7121,-7.5248],[112.7125,-7.5237],[112.7139,-7.5242],[112.7143,-7.5228],[112.715,-7.5221],[112.7163,-7.5222],[112.7184,-7.5227],[112.7198,-7.5229],[112.7206,-7.5221],[112.721,-7.5209],[112.7215,-7.5189],[112.7239,-7.5191],[112.725,-7.5195],[112.7256,-7.5204],[112.7258,-7.5205]]]]}},{"type":"Feature","properties":{"level":"village","regency":"Surabaya","district":"Benowo","village":"Romokalisari"},"geometry":{"type":"MultiPolygon","coordinates":[[[[112.6603,-7.1938],[112.6632,-7.1935],[112.664,-7.1943],[112.6639,-7.1964],[112.6643,-7.1976],[112.6634,-7.1998],[112.6615,-7.2001],[112.6604,-7.1995],[112.6595,-7.1989],[112.6583,-7.1992],[112.6569,-7.1995],[112.6558,-7.1997],[112.6546,-7.2],[112.6535,-7.2004],[112.6525,-7.201],[112.6515,-7.2019],[112.6506,-7.2026],[112.6499,-7.2034],[112.6489,-7.2036],[112.6478,-7.2042],[112.647,-7.205],[112.646,-7.2057],[112.646,-7.2075],[112.6459,-7.2089],[112.6455,-7.2106],[112.645,-7.2116],[112.6445,-7.2125],[112.6436,-7.2133],[112.6426,-7.2143],[112.6426,-7.2153],[112.6425,-7.2165],[112.6417,-7.2175],[112.6402,-7.2187],[112.6393,-7.2193],[112.6385,-7.2201],[112.6378,-7.2212],[112.6368,-7.2218],[112.6358,-7.2214],[112.6349,-7.2209],[112.6339,-7.2218],[112.6339,-7.2229],[112.6327,-7.2231],[112.6313,-7.2225],[112.63,-7.2219],[112.6295,-7.2231],[112.628,-7.2225],[112.6272,-7.2218],[112.6271,-7.2207],[112.6267,-7.2197],[112.6269,-7.2186],[112.627,-7.2173],[112.627,-7.2162],[112.6276,-7.2149],[112.6281,-7.2136],[112.628,-7.2124],[112.627,-7.212],[112.6259,-7.2116],[112.6256,-7.2103],[112.6256,-7.2091],[112.6257,-7.2079],[112.625,-7.2071],[112.6252,-7.2061],[112.6256,-7.2041],[112.6288,-7.2015],[112.631,-7.2008],[112.6348,-7.1996],[112.6371,-7.1992],[112.6397,-7.1987],[112.6437,-7.1981],[112.6464,-7.1979],[112.6486,-7.1976],[112.6513,-7.197],[112.6542,-7.1961],[112.6592,-7.1964],[112.6591,-7.1951],[112.6598,-7.1943],[112.6603,-7.1938]]],[[[112.6643,-7.1937],[112.664,-7.1927],[112.665,-7.1921],[112.6657,-7.1933],[112.666,-7.1945],[112.6662,-7.1956],[112.6659,-7.1973],[112.6646,-7.1971],[112.6644,-7.1956],[112.6644,-7.1941],[112.6643,-7.1937]]]]}},{"type":"Feature","properties":{"level":"village","regency":"Surabaya","district":"Rungkut","village":"Rungkut Kidul"},"geometry":{"type":"MultiPolygon","coordinates":[[[[112.7881,-7.3292],[112.788,-7.3303],[112.788,-7.3318],[112.7867,-7.3319],[112.7853,-7.3319],[112.784,-7.3319],[112.7825,-7.3318],[112.7815,-7.3317],[112.7805,-7.3317],[112.7794,-7.3317],[112.778,-7.3316],[112.777,-7.3315],[112.7759,-7.3315],[112.7748,-7.3315],[112.773,-7.3314],[112.7719,-7.3313],[112.7707,-7.3312],[112.7696,-7.3313],[112.7684,-7.3313],[112.7675,-7.3319],[112.7662,-7.3318],[112.7647,-7.3312],[112.7636,-7.3309],[112.7625,-7.3307],[112.7614,-7.3307],[112.7602,-7.3306],[112.758,-7.3304],[112.7582,-7.3289],[112.7587,-7.328],[112.7592,-7.3271],[112.7602,-7.3272],[112.7612,-7.3273],[112.7623,-7.3274],[112.7634,-7.3275],[112.7644,-7.3277],[112.7653,-7.328],[112.7663,-7.3281],[112.7672,-7.3275],[112.7682,-7.3273],[112.7693,-7.3272],[112.7704,-7.3272],[112.7724,-7.327],[112.774,-7.327],[112.7755,-7.327],[112.7766,-7.327],[112.7791,-7.3271],[112.7807,-7.3271],[112.7813,-7.329],[112.7836,-7.3291],[112.787,-7.3292],[112.7881,-7.3292]]]]}},{"type":"Feature","properties":{"level":"village","regency":"Surabaya","district":"Gunung Anyar","village":"Rungkut Menanggal"},"geometry":{"type":"MultiPolygon","coordinates":[[[[112.7786,-7.3354],[112.7784,-7.3365],[112.7781,-7.3377],[112.7779,-7.3388],[112.7777,-7.3398],[112.7775,-7.3408],[112.7759,-7.3411],[112.7739,-7.3408],[112.7713,-7.3396],[112.7703,-7.3393],[112.7691,-7.3399],[112.7686,-7.3409],[112.768,-7.3417],[112.767,-7.3416],[112.7668,-7.3405],[112.7667,-7.3395],[112.7665,-7.3384],[112.7653,-7.3384],[112.7634,-7.3385],[112.7617,-7.3381],[112.7607,-7.3378],[112.7593,-7.3375],[112.7576,-7.3372],[112.7564,-7.3369],[112.7554,-7.3367],[112.7549,-7.3358],[112.7554,-7.3348],[112.7649,-7.3352],[112.7659,-7.3351],[112.767,-7.3354],[112.768,-7.3358],[112.769,-7.3361],[112.7698,-7.3354],[112.7704,-7.3346],[112.7715,-7.3346],[112.7725,-7.3348],[112.7736,-7.3349],[112.7747,-7.335],[112.7757,-7.3351],[112.7775,-7.3352],[112.7786,-7.3354]]]]}},{"type":"Feature","properties":{"level":"village","regency":"Surabaya","district":"Gunung Anyar","village":"Rungkut Tengah"},"geometry":{"type":"MultiPolygon","coordinates":[[[[112.7808,-7.3317],[112.7805,-7.3327],[112.7803,-7.3339],[112.7804,-7.3349],[112.7793,-7.3353],[112.7782,-7.3353],[112.7764,-7.3351],[112.7752,-7.335],[112.7736,-7.3349],[112.7725,-7.3348],[112.7715,-7.3346],[112.7704,-7.3346],[112.7698,-7.3357],[112.7687,-7.336],[112.7677,-7.3357],[112.7668,-7.3354],[112.7657,-7.3351],[112.7555,-7.3345],[112.7561,-7.3333],[112.7567,-7.3319],[112.7575,-7.3303],[112.7593,-7.3305],[112.7607,-7.3306],[112.7625,-7.3307],[112.7635,-7.3309],[112.7647,-7.3312],[112.7658,-7.3317],[112.7669,-7.332],[112.7679,-7.3318],[112.7688,-7.3313],[112.7702,-7.3312],[112.7712,-7.3312],[112.7723,-7.3313],[112.7748,-7.3315],[112.7759,-7.3315],[112.777,-7.3315],[112.778,-7.3316],[112.7793,-7.3317],[112.7805,-7.3317],[112.7808,-7.3317]]]]}},{"type":"Feature","properties":{"level":"village","regency":"Sidoarjo","district":"Taman","village":"Sadang"},"geometry":{"type":"MultiPolygon","coordinates":[[[[112.6912,-7.374],[112.6907,-7.375],[112.6896,-7.3757],[112.6884,-7.3754],[112.6873,-7.3753],[112.6862,-7.3754],[112.6846,-7.3762],[112.6835,-7.3771],[112.6831,-7.3781],[112.6821,-7.379],[112.6811,-7.379],[112.6799,-7.3789],[112.6787,-7.3787],[112.6771,-7.3791],[112.6758,-7.3793],[112.6747,-7.3795],[112.6734,-7.3792],[112.6724,-7.3788],[112.672,-7.3774],[112.672,-7.374],[112.6757,-7.3741],[112.6784,-7.3746],[112.6786,-7.3732],[112.681,-7.3733],[112.6911,-7.3739],[112.6912,-7.374]]]]}},{"type":"Feature","properties":{"level":"village","regency":"Sidoarjo","district":"Taman","village":"Sambi Bulu"},"geometry":{"type":"MultiPolygon","coordinates":[[[[112.6788,-7.3629],[112.6787,-7.3645],[112.6786,-7.3657],[112.6782,-7.3672],[112.6771,-7.368],[112.6761,-7.3681],[112.6759,-7.3694],[112.6716,-7.3695],[112.672,-7.3738],[112.672,-7.3765],[112.6718,-7.3786],[112.6716,-7.3799],[112.6712,-7.3815],[112.6701,-7.3815],[112.669,-7.3814],[112.6674,-7.381],[112.6663,-7.3808],[112.6652,-7.3807],[112.664,-7.3805],[112.6628,-7.3799],[112.6616,-7.3799],[112.6601,-7.3796],[112.659,-7.3794],[112.6583,-7.3786],[112.6585,-7.3775],[112.6588,-7.3764],[112.6597,-7.3757],[112.6607,-7.3754],[112.6619,-7.3752],[112.6629,-7.3752],[112.664,-7.374],[112.6643,-7.3729],[112.6646,-7.3719],[112.6649,-7.3707],[112.6655,-7.3697],[112.6658,-7.3686],[112.6669,-7.3679],[112.6682,-7.367],[112.6693,-7.3669],[112.6703,-7.3673],[112.6714,-7.3671],[112.6722,-7.3663],[112.6732,-7.3663],[112.6744,-7.3646],[112.6739,-7.3637],[112.6753,-7.3621],[112.6766,-7.3623],[112.6784,-7.3629],[112.6788,-7.3629]]]]}},{"type":"Feature","properties":{"level":"village","regency":"Surabaya","district":"Sambikerep","village":"Sambikerep"},"geometry":{"type":"MultiPolygon","coordinates":[[[[112.6626,-7.2701],[112.6623,-7.2714],[112.6613,-7.2713],[112.6606,-7.2723],[112.6601,-7.2738],[112.6598,-7.275],[112.6594,-7.276],[112.6591,-7.2773],[112.6588,-7.2785],[112.6585,-7.2797],[112.6582,-7.2807],[112.6577,-7.2827],[112.6566,-7.2829],[112.6564,-7.2839],[112.656,-7.2849],[112.6549,-7.2852],[112.6545,-7.2865],[112.6545,-7.2876],[112.6523,-7.2876],[112.6521,-7.2895],[112.6506,-7.2904],[112.6494,-7.2912],[112.6484,-7.2915],[112.6482,-7.2905],[112.6478,-7.2885],[112.6468,-7.2886],[112.6458,-7.2888],[112.6442,-7.2888],[112.6429,-7.2887],[112.6419,-7.2887],[112.6407,-7.2885],[112.6395,-7.2887],[112.6403,-7.2878],[112.641,-7.2867],[112.6408,-7.2855],[112.6407,-7.2845],[112.6415,-7.2837],[112.6424,-7.2827],[112.6426,-7.2817],[112.6428,-7.2807],[112.6436,-7.2799],[112.6443,-7.279],[112.6452,-7.2787],[112.6454,-7.2761],[112.6452,-7.275],[112.6464,-7.2746],[112.6473,-7.2739],[112.6476,-7.2728],[112.6482,-7.272],[112.6487,-7.2711],[112.6485,-7.2701],[112.6491,-7.269],[112.6492,-7.2679],[112.6483,-7.2673],[112.649,-7.2663],[112.6501,-7.2659],[112.651,-7.2654],[112.6518,-7.2646],[112.6531,-7.2648],[112.6541,-7.2653],[112.6551,-7.2647],[112.656,-7.2638],[112.657,-7.2631],[112.6586,-7.2628],[112.6596,-7.2626],[112.6606,-7.2632],[112.6614,-7.264],[112.6622,-7.2647],[112.6631,-7.2653],[112.6628,-7.2663],[112.6628,-7.2673],[112.6626,-7.2684],[112.6622,-7.2695],[112.6626,-7.2701]]]]}},{"type":"Feature","properties":{"level":"village","regency":"Sidoarjo","district":"Sukodono","village":"Sambungrejo"},"geometry":{"type":"MultiPolygon","coordinates":[[[[112.6586,-7.3845],[112.6588,-7.3857],[112.6581,-7.3868],[112.658,-7.388],[112.658,-7.3892],[112.6577,-7.3905],[112.6565,-7.3912],[112.6556,-7.3918],[112.6556,-7.3928],[112.655,-7.3939],[112.6548,-7.3951],[112.6546,-7.3962],[112.6541,-7.3971],[112.6529,-7.3969],[112.6518,-7.3968],[112.6506,-7.3967],[112.6496,-7.3966],[112.649,-7.3953],[112.6479,-7.3952],[112.6468,-7.3952],[112.6448,-7.3951],[112.6434,-7.3949],[112.6423,-7.3948],[112.6425,-7.3935],[112.6429,-7.3926],[112.6439,-7.3921],[112.6449,-7.3918],[112.646,-7.3915],[112.647,-7.3919],[112.6477,-7.3911],[112.6477,-7.3899],[112.6479,-7.3887],[112.6476,-7.3874],[112.6475,-7.3861],[112.6474,-7.3849],[112.6483,-7.3837],[112.6491,-7.3828],[112.6496,-7.3819],[112.6503,-7.3809],[112.6513,-7.3803],[112.6526,-7.3803],[112.6538,-7.3803],[112.6543,-7.3814],[112.6542,-7.3835],[112.6584,-7.3845],[112.6586,-7.3845]]]]}},{"type":"Feature","properties":{"level":"village","regency":"Sidoarjo","district":"Sidoarjo","village":"Sari Rogo"},"geometry":{"type":"MultiPolygon","coordinates":[[[[112.6815,-7.4216],[112.6828,-7.4217],[112.6835,-7.4225],[112.6845,-7.4227],[112.6856,-7.423],[112.6861,-7.424],[112.6867,-7.4249],[112.6871,-7.4262],[112.6868,-7.4272],[112.6862,-7.4282],[112.6853,-7.4298],[112.6843,-7.4292],[112.6838,-7.4307],[112.6833,-7.4325],[112.6824,-7.433],[112.6814,-7.4333],[112.6818,-7.4342],[112.6822,-7.4352],[112.6824,-7.4363],[112.6825,-7.4375],[112.6813,-7.4374],[112.6802,-7.437],[112.6795,-7.4362],[112.6782,-7.4352],[112.6769,-7.4346],[112.6772,-7.4336],[112.6764,-7.433],[112.676,-7.432],[112.6754,-7.4312],[112.6754,-7.4301],[112.675,-7.4291],[112.6746,-7.4282],[112.6747,-7.4271],[112.6757,-7.4267],[112.6758,-7.4252],[112.6759,-7.4233],[112.676,-7.4218],[112.6772,-7.4221],[112.6783,-7.4223],[112.6793,-7.4218],[112.6806,-7.4219],[112.6815,-7.4216]]]]}},{"type":"Feature","properties":{"level":"village","regency":"Surabaya","district":"Sawahan","village":"Sawahan"},"geometry":{"type":"MultiPolygon","coordinates":[[[[112.7277,-7.2559],[112.7288,-7.256],[112.7298,-7.2561],[112.731,-7.2562],[112.732,-7.2559],[112.7333,-7.2559],[112.7343,-7.2559],[112.7338,-7.2571],[112.7333,-7.2582],[112.7327,-7.2595],[112.7323,-7.2607],[112.7319,-7.2617],[112.7315,-7.2629],[112.731,-7.2638],[112.7305,-7.2651],[112.73,-7.2665],[112.7294,-7.2678],[112.729,-7.2688],[112.7276,-7.2691],[112.7261,-7.2688],[112.7249,-7.2684],[112.7238,-7.2682],[112.7239,-7.2671],[112.7241,-7.2661],[112.7243,-7.2649],[112.7245,-7.2639],[112.7247,-7.2628],[112.7249,-7.2617],[112.7253,-7.2605],[112.7255,-7.2594],[112.7257,-7.2578],[112.726,-7.2564],[112.7271,-7.2559],[112.7277,-7.2559]]]]}},{"type":"Feature","properties":{"level":"village","regency":"Sidoarjo","district":"Wonoayu","village":"Sawocangkring"},"geometry":{"type":"MultiPolygon","coordinates":[[[[112.6527,-7.4084],[112.6541,-7.4088],[112.6553,-7.4091],[112.6565,-7.4091],[112.6577,-7.4092],[112.6587,-7.4095],[112.6595,-7.4103],[112.6598,-7.4114],[112.6594,-7.4124],[112.6591,-7.4137],[112.6588,-7.415],[112.6585,-7.4161],[112.658,-7.4175],[112.6576,-7.4188],[112.6571,-7.4208],[112.6564,-7.4217],[112.6555,-7.4223],[112.6546,-7.4233],[112.6536,-7.4238],[112.6524,-7.4246],[112.6514,-7.4255],[112.6503,-7.4258],[112.6492,-7.4261],[112.6484,-7.4268],[112.6473,-7.4263],[112.6463,-7.4258],[112.6451,-7.4252],[112.6454,-7.4235],[112.6458,-7.4225],[112.646,-7.4215],[112.6457,-7.4205],[112.6463,-7.4196],[112.6465,-7.4185],[112.6469,-7.4175],[112.647,-7.4164],[112.648,-7.4156],[112.6499,-7.4077],[112.6513,-7.408],[112.6524,-7.4082],[112.6527,-7.4084]]]]}},{"type":"Feature","properties":{"level":"village","regency":"Sidoarjo","district":"Buduran","village":"Sawohan"},"geometry":{"type":"MultiPolygon","coordinates":[[[[112.7728,-7.4291],[112.7739,-7.4289],[112.7756,-7.4277],[112.7769,-7.4276],[112.7781,-7.4275],[112.7791,-7.4283],[112.78,-7.4289],[112.7808,-7.4283],[112.7825,-7.4282],[112.784,-7.4278],[112.7851,-7.4278],[112.7866,-7.428],[112.788,-7.4289],[112.7876,-7.4299],[112.7876,-7.4309],[112.7873,-7.4319],[112.7877,-7.4328],[112.7877,-7.4338],[112.7881,-7.4348],[112.7887,-7.4357],[112.7891,-7.4367],[112.7891,-7.4377],[112.7898,-7.4384],[112.7906,-7.4391],[112.7916,-7.4395],[112.7927,-7.4396],[112.7937,-7.4394],[112.7952,-7.439],[112.7962,-7.4379],[112.7962,-7.4367],[112.7975,-7.4362],[112.7989,-7.436],[112.7999,-7.4365],[112.801,-7.4365],[112.8021,-7.4361],[112.803,-7.4367],[112.8036,-7.4376],[112.8039,-7.4388],[112.8049,-7.4397],[112.806,-7.4404],[112.8071,-7.4409],[112.8077,-7.4419],[112.8085,-7.4428],[112.8086,-7.4439],[112.8088,-7.4449],[112.8091,-7.4459],[112.8094,-7.4469],[112.8101,-7.4477],[112.811,-7.4482],[112.8115,-7.4491],[112.812,-7.45],[112.8124,-7.4509],[112.8127,-7.4519],[112.8132,-7.4528],[112.8139,-7.4536],[112.8147,-7.4542],[112.8156,-7.4548],[112.8165,-7.4554],[112.8173,-7.456],[112.8178,-7.4569],[112.818,-7.4579],[112.8182,-7.4589],[112.8183,-7.4599],[112.8185,-7.461],[112.8187,-7.462],[112.8187,-7.4631],[112.8182,-7.464],[112.8177,-7.4649],[112.8173,-7.4658],[112.8172,-7.4668],[112.8175,-7.4678],[112.8179,-7.4687],[112.8182,-7.4697],[112.8183,-7.4707],[112.8185,-7.4717],[112.8187,-7.4727],[112.818,-7.4735],[112.8171,-7.4741],[112.8164,-7.4749],[112.8151,-7.4763],[112.8142,-7.4771],[112.8133,-7.478],[112.8129,-7.4792],[112.8119,-7.4797],[112.8109,-7.4798],[112.8098,-7.4799],[112.8086,-7.4801],[112.8076,-7.4802],[112.8066,-7.4802],[112.8055,-7.4802],[112.8045,-7.48],[112.8035,-7.4796],[112.8029,-7.4787],[112.8029,-7.4777],[112.803,-7.4766],[112.803,-7.4755],[112.803,-7.4744],[112.8026,-7.4734],[112.8021,-7.4725],[112.8015,-7.4717],[112.798,-7.4684],[112.7972,-7.4677],[112.7963,-7.467],[112.7955,-7.4663],[112.7947,-7.4656],[112.7939,-7.465],[112.7931,-7.4644],[112.7922,-7.4638],[112.7915,-7.4631],[112.7908,-7.4623],[112.7902,-7.4615],[112.7896,-7.4607],[112.789,-7.4598],[112.7885,-7.4589],[112.7877,-7.4582],[112.7868,-7.4576],[112.7859,-7.4572],[112.7849,-7.4569],[112.7838,-7.4568],[112.7827,-7.4567],[112.7818,-7.4562],[112.7811,-7.4554],[112.7806,-7.4545],[112.7798,-7.4537],[112.7788,-7.4534],[112.7778,-7.4534],[112.7768,-7.4537],[112.7759,-7.4542],[112.775,-7.4547],[112.7742,-7.4554],[112.7733,-7.4558],[112.7723,-7.4559],[112.7713,-7.4556],[112.7704,-7.455],[112.7697,-7.4542],[112.7692,-7.4533],[112.7688,-7.4523],[112.7686,-7.4513],[112.7684,-7.4502],[112.7682,-7.4492],[112.7694,-7.4483],[112.7707,-7.4478],[112.7721,-7.4472],[112.7716,-7.4456],[112.771,-7.4448],[112.7708,-7.4438],[112.7717,-7.4431],[112.7722,-7.4421],[112.7727,-7.4409],[112.7726,-7.4397],[112.7731,-7.4385],[112.7733,-7.4373],[112.774,-7.4356],[112.7735,-7.4344],[112.7726,-7.4334],[112.7714,-7.4329],[112.7706,-7.4321],[112.7697,-7.4315],[112.7695,-7.4304],[112.7684,-7.43],[112.7679,-7.4291],[112.7679,-7.428],[112.7679,-7.426],[112.7691,-7.4254],[112.7702,-7.4257],[112.7722,-7.4262],[112.7717,-7.4279],[112.773,-7.4282],[112.7728,-7.4291]]]]}},{"type":"Feature","properties":{"level":"village","regency":"Sidoarjo","district":"Gedangan","village":"Sawotratap"},"geometry":{"type":"MultiPolygon","coordinates":[[[[112.7455,-7.365],[112.7455,-7.366],[112.746,-7.3675],[112.7457,-7.3688],[112.7454,-7.37],[112.7451,-7.3716],[112.7435,-7.3712],[112.7425,-7.3708],[112.7414,-7.3706],[112.7403,-7.3705],[112.7394,-7.3711],[112.7386,-7.3718],[112.7378,-7.3724],[112.7368,-7.3723],[112.7358,-7.3723],[112.7355,-7.3733],[112.7354,-7.3746],[112.7348,-7.3754],[112.7337,-7.3758],[112.7329,-7.3765],[112.732,-7.3771],[112.7308,-7.377],[112.7295,-7.3767],[112.7284,-7.3767],[112.7269,-7.3767],[112.7257,-7.3767],[112.7249,-7.376],[112.7241,-7.3751],[112.7244,-7.374],[112.7247,-7.3726],[112.725,-7.3715],[112.7252,-7.3704],[112.726,-7.3695],[112.7266,-7.3685],[112.7271,-7.3675],[112.7292,-7.3677],[112.7309,-7.3679],[112.7319,-7.368],[112.7335,-7.3682],[112.7341,-7.3673],[112.7352,-7.3674],[112.7362,-7.3675],[112.7372,-7.3674],[112.7379,-7.3667],[112.7386,-7.3659],[112.7392,-7.365],[112.7393,-7.3638],[112.7405,-7.3639],[112.7415,-7.3645],[112.7426,-7.3647],[112.7437,-7.3648],[112.7447,-7.365],[112.7455,-7.365]]]]}},{"type":"Feature","properties":{"level":"village","regency":"Surabaya","district":"Wonokromo","village":"Sawunggaling"},"geometry":{"type":"MultiPolygon","coordinates":[[[[112.7287,-7.2925],[112.7297,-7.2928],[112.7308,-7.2935],[112.7318,-7.2944],[112.7327,-7.2951],[112.7337,-7.2958],[112.7346,-7.2966],[112.7356,-7.2973],[112.7368,-7.2979],[112.7378,-7.2982],[112.7374,-7.2992],[112.7363,-7.2997],[112.7351,-7.2997],[112.7341,-7.2998],[112.7329,-7.2999],[112.7318,-7.3003],[112.7305,-7.3007],[112.7295,-7.3011],[112.7283,-7.3019],[112.7276,-7.3027],[112.7268,-7.304],[112.726,-7.3051],[112.7253,-7.3059],[112.7244,-7.3068],[112.723,-7.3077],[112.7213,-7.3079],[112.7204,-7.3072],[112.7201,-7.3062],[112.7202,-7.3051],[112.7204,-7.3039],[112.7205,-7.3028],[112.7207,-7.3016],[112.7209,-7.3001],[112.721,-7.299],[112.7208,-7.2975],[112.7208,-7.2965],[112.7215,-7.2954],[112.7229,-7.2949],[112.7237,-7.2942],[112.7247,-7.2939],[112.7249,-7.2929],[112.7286,-7.2925],[112.7287,-7.2925]]]]}},{"type":"Feature","properties":{"level":"village","regency":"Sidoarjo","district":"Tarik","village":"Sebani"},"geometry":{"type":"MultiPolygon","coordinates":[[[[112.4842,-7.4311],[112.4871,-7.4326],[112.4889,-7.4331],[112.4899,-7.4334],[112.491,-7.4337],[112.4902,-7.4343],[112.4898,-7.4355],[112.4895,-7.4368],[112.4891,-7.4381],[112.4887,-7.4393],[112.488,-7.4414],[112.4879,-7.4425],[112.4878,-7.4435],[112.4878,-7.445],[112.489,-7.4449],[112.4887,-7.4466],[112.4886,-7.4477],[112.487,-7.4479],[112.4852,-7.4481],[112.4835,-7.4482],[112.4828,-7.4468],[112.4827,-7.4454],[112.4825,-7.4442],[112.4814,-7.4441],[112.4801,-7.4439],[112.4788,-7.4437],[112.4774,-7.4436],[112.4761,-7.4441],[112.4742,-7.4439],[112.473,-7.4436],[112.4715,-7.4433],[112.4713,-7.4422],[112.4715,-7.441],[112.4719,-7.4392],[112.4724,-7.4366],[112.4733,-7.4361],[112.4744,-7.4362],[112.4773,-7.4363],[112.4775,-7.4352],[112.4776,-7.4337],[112.4776,-7.4324],[112.4777,-7.4313],[112.4839,-7.4312],[112.4842,-7.4311]]]]}},{"type":"Feature","properties":{"level":"village","regency":"Sidoarjo","district":"Sedati","village":"Sedati Agung"},"geometry":{"type":"MultiPolygon","coordinates":[[[[112.7453,-7.3717],[112.7467,-7.3722],[112.7481,-7.3727],[112.7492,-7.3732],[112.7498,-7.3743],[112.7508,-7.3747],[112.7519,-7.375],[112.7532,-7.3748],[112.7543,-7.3758],[112.7551,-7.3765],[112.7563,-7.3771],[112.7571,-7.378],[112.7578,-7.3788],[112.7588,-7.3794],[112.7603,-7.3797],[112.7617,-7.3796],[112.7631,-7.38],[112.7646,-7.38],[112.7653,-7.3816],[112.7649,-7.3827],[112.7642,-7.3835],[112.7634,-7.3843],[112.7628,-7.3853],[112.7617,-7.3859],[112.7605,-7.3857],[112.7593,-7.3856],[112.7588,-7.3846],[112.7567,-7.3843],[112.7555,-7.384],[112.7557,-7.383],[112.7528,-7.3826],[112.7517,-7.3826],[112.7506,-7.3826],[112.7507,-7.3815],[112.751,-7.3803],[112.7504,-7.3785],[112.748,-7.3779],[112.7475,-7.3767],[112.7478,-7.3752],[112.7481,-7.374],[112.7472,-7.3733],[112.7461,-7.3736],[112.7451,-7.3739],[112.745,-7.3717],[112.7453,-7.3717]]]]}},{"type":"Feature","properties":{"level":"village","regency":"Sidoarjo","district":"Sedati","village":"Sedati Gede"},"geometry":{"type":"MultiPolygon","coordinates":[[[[112.7671,-7.3742],[112.7662,-7.3765],[112.7659,-7.3779],[112.7656,-7.3802],[112.7646,-7.38],[112.7635,-7.38],[112.7623,-7.3799],[112.7612,-7.3796],[112.7597,-7.3795],[112.7586,-7.3793],[112.7575,-7.3786],[112.7564,-7.3772],[112.7554,-7.3766],[112.7545,-7.3761],[112.7538,-7.3752],[112.7527,-7.3748],[112.7514,-7.3749],[112.75,-7.3744],[112.7488,-7.3739],[112.7496,-7.373],[112.7508,-7.3721],[112.751,-7.3711],[112.7521,-7.3696],[112.7532,-7.3694],[112.7543,-7.3696],[112.7556,-7.3698],[112.7569,-7.3699],[112.7582,-7.3701],[112.7597,-7.3702],[112.7608,-7.3704],[112.7621,-7.3703],[112.7629,-7.371],[112.7627,-7.3724],[112.7634,-7.3733],[112.7649,-7.3736],[112.7664,-7.374],[112.7671,-7.3742]]]]}},{"type":"Feature","properties":{"level":"village","regency":"Sidoarjo","district":"Krian","village":"Sedengan Mijen"},"geometry":{"type":"MultiPolygon","coordinates":[[[[112.5897,-7.4222],[112.5941,-7.4235],[112.5947,-7.4249],[112.5945,-7.4263],[112.5925,-7.426],[112.5919,-7.4274],[112.5906,-7.4279],[112.59,-7.4287],[112.5896,-7.43],[112.5891,-7.4321],[112.5888,-7.4334],[112.5883,-7.435],[112.5878,-7.4379],[112.5864,-7.4376],[112.5852,-7.4375],[112.5851,-7.4364],[112.5847,-7.4354],[112.5841,-7.4343],[112.583,-7.4338],[112.5821,-7.4331],[112.5813,-7.4324],[112.5813,-7.4311],[112.5812,-7.4301],[112.5807,-7.4292],[112.5814,-7.4265],[112.5817,-7.4254],[112.5822,-7.4234],[112.5833,-7.4229],[112.5844,-7.422],[112.5853,-7.4226],[112.586,-7.4235],[112.5868,-7.4245],[112.588,-7.4243],[112.5889,-7.4235],[112.5894,-7.4225],[112.5897,-7.4222]]]]}},{"type":"Feature","properties":{"level":"village","regency":"Sidoarjo","district":"Balong Bendo","village":"Seduri"},"geometry":{"type":"MultiPolygon","coordinates":[[[[112.518,-7.4119],[112.5179,-7.4141],[112.5179,-7.4152],[112.5184,-7.4161],[112.5187,-7.4178],[112.519,-7.4194],[112.5191,-7.4209],[112.5205,-7.421],[112.5218,-7.421],[112.5218,-7.4221],[112.5219,-7.4232],[112.5204,-7.4229],[112.5194,-7.4236],[112.5187,-7.4245],[112.5177,-7.4245],[112.5176,-7.4257],[112.5165,-7.4258],[112.5153,-7.4259],[112.5143,-7.4258],[112.5133,-7.426],[112.5123,-7.4257],[112.5113,-7.4261],[112.5117,-7.425],[112.5107,-7.4248],[112.511,-7.4222],[112.5112,-7.4212],[112.51,-7.4205],[112.5091,-7.4198],[112.509,-7.4174],[112.5089,-7.4162],[112.5084,-7.4153],[112.5093,-7.4146],[112.5104,-7.4145],[112.5115,-7.4147],[112.5128,-7.4147],[112.5133,-7.4136],[112.5136,-7.4126],[112.5148,-7.4135],[112.5161,-7.4134],[112.516,-7.4123],[112.5171,-7.412],[112.518,-7.4119]]]]}},{"type":"Feature","properties":{"level":"village","regency":"Sidoarjo","district":"Tarik","village":"Segodobancang"},"geometry":{"type":"MultiPolygon","coordinates":[[[[112.5323,-7.4303],[112.5334,-7.4303],[112.5344,-7.4305],[112.5355,-7.4307],[112.5366,-7.4308],[112.5377,-7.431],[112.5388,-7.4311],[112.54,-7.4313],[112.5411,-7.4315],[112.5417,-7.4338],[112.5415,-7.4349],[112.5414,-7.4363],[112.5412,-7.4374],[112.5409,-7.4397],[112.5407,-7.4412],[112.5398,-7.4407],[112.5389,-7.4402],[112.5381,-7.4395],[112.5379,-7.4385],[112.5368,-7.4383],[112.5358,-7.4382],[112.5347,-7.4384],[112.5337,-7.4386],[112.5322,-7.4387],[112.5312,-7.439],[112.5298,-7.4391],[112.5287,-7.4392],[112.5276,-7.4392],[112.5265,-7.4392],[112.5248,-7.4393],[112.5237,-7.4394],[112.5227,-7.4395],[112.523,-7.4377],[112.5232,-7.4362],[112.5234,-7.4351],[112.5237,-7.4337],[112.5244,-7.4315],[112.5247,-7.4304],[112.5253,-7.4281],[112.5266,-7.428],[112.5277,-7.4285],[112.5287,-7.429],[112.5299,-7.4294],[112.5309,-7.4298],[112.5319,-7.4303],[112.5323,-7.4303]]]]}},{"type":"Feature","properties":{"level":"village","regency":"Sidoarjo","district":"Sedati","village":"Segoro Tambak"},"geometry":{"type":"MultiPolygon","coordinates":[[[[112.8354,-7.3722],[112.8338,-7.3719],[112.8325,-7.3717],[112.8296,-7.3717],[112.8279,-7.372],[112.8265,-7.3722],[112.8247,-7.3726],[112.8227,-7.3724],[112.8214,-7.3721],[112.8196,-7.3721],[112.8153,-7.3716],[112.8128,-7.3712],[112.8125,-7.3726],[112.811,-7.3727],[112.8107,-7.3741],[112.8081,-7.3736],[112.8058,-7.3729],[112.8038,-7.3735],[112.8012,-7.3741],[112.8,-7.3791],[112.7987,-7.3792],[112.7961,-7.3788],[112.7947,-7.3785],[112.7928,-7.3782],[112.7915,-7.378],[112.7887,-7.3776],[112.7871,-7.3773],[112.7854,-7.377],[112.7832,-7.3767],[112.7814,-7.3764],[112.7812,-7.3744],[112.7815,-7.3729],[112.7831,-7.3732],[112.7842,-7.373],[112.7848,-7.3719],[112.7852,-7.3709],[112.7863,-7.3704],[112.7882,-7.3708],[112.7895,-7.371],[112.7906,-7.3713],[112.7919,-7.3704],[112.7927,-7.3695],[112.7934,-7.3685],[112.7943,-7.3681],[112.7952,-7.3676],[112.796,-7.367],[112.7969,-7.3664],[112.7977,-7.3659],[112.7986,-7.3653],[112.7996,-7.3653],[112.8006,-7.365],[112.8016,-7.3643],[112.8026,-7.3644],[112.8036,-7.3645],[112.8046,-7.3647],[112.8056,-7.3648],[112.8066,-7.3651],[112.8075,-7.3656],[112.8084,-7.3661],[112.8094,-7.3663],[112.8104,-7.3661],[112.8113,-7.3656],[112.8126,-7.3648],[112.8146,-7.3641],[112.8155,-7.3635],[112.8159,-7.3626],[112.8155,-7.3617],[112.8148,-7.3606],[112.8149,-7.3594],[112.8156,-7.3585],[112.8168,-7.3578],[112.8178,-7.3577],[112.8187,-7.3581],[112.8206,-7.3597],[112.8218,-7.3609],[112.8228,-7.3613],[112.8238,-7.3609],[112.8245,-7.3602],[112.8248,-7.3592],[112.8251,-7.3582],[112.8254,-7.3572],[112.8257,-7.3563],[112.8262,-7.3554],[112.8267,-7.3545],[112.8272,-7.3536],[112.8275,-7.3526],[112.8276,-7.3515],[112.8275,-7.3503],[112.8271,-7.3494],[112.8269,-7.3483],[112.8268,-7.3472],[112.8268,-7.346],[112.8271,-7.3444],[112.8276,-7.3434],[112.8298,-7.3389],[112.8307,-7.3369],[112.8317,-7.3359],[112.8327,-7.3343],[112.8336,-7.3336],[112.8363,-7.3315],[112.8378,-7.3307],[112.8391,-7.3303],[112.8404,-7.3308],[112.8421,-7.3321],[112.8427,-7.3337],[112.8427,-7.3353],[112.8427,-7.3385],[112.8425,-7.3399],[112.8416,-7.3443],[112.841,-7.3467],[112.8407,-7.3488],[112.8389,-7.3636],[112.8382,-7.3678],[112.838,-7.3699],[112.8375,-7.3715],[112.8361,-7.3716],[112.8354,-7.3722]]]]}},{"type":"Feature","properties":{"level":"village","regency":"Sidoarjo","district":"Sidoarjo","village":"Sekardangan"},"geometry":{"type":"MultiPolygon","coordinates":[[[[112.7285,-7.4637],[112.7284,-7.4648],[112.7282,-7.4661],[112.728,-7.4676],[112.7278,-7.4688],[112.7276,-7.4702],[112.7263,-7.4707],[112.7251,-7.4703],[112.7233,-7.47],[112.7223,-7.4699],[112.7212,-7.4698],[112.7214,-7.4688],[112.7217,-7.4677],[112.7207,-7.4676],[112.7201,-7.4667],[112.7203,-7.4656],[112.7203,-7.4642],[112.7203,-7.463],[112.72,-7.462],[112.7207,-7.4612],[112.7218,-7.4613],[112.7229,-7.4611],[112.7236,-7.4618],[112.725,-7.4623],[112.726,-7.4627],[112.7269,-7.4631],[112.7278,-7.4637],[112.7285,-7.4637]]]]}},{"type":"Feature","properties":{"level":"village","regency":"Sidoarjo","district":"Balong Bendo","village":"Seketi"},"geometry":{"type":"MultiPolygon","coordinates":[[[[112.5714,-7.4222],[112.5713,-7.4256],[112.5713,-7.4277],[112.5708,-7.4293],[112.5702,-7.4314],[112.5697,-7.4304],[112.5686,-7.4304],[112.568,-7.4313],[112.5677,-7.4325],[112.5661,-7.4343],[112.5651,-7.436],[112.5646,-7.4375],[112.5634,-7.4373],[112.5623,-7.437],[112.5615,-7.4363],[112.5605,-7.4366],[112.5596,-7.4354],[112.5585,-7.4358],[112.5576,-7.4376],[112.5566,-7.4374],[112.5553,-7.4372],[112.5529,-7.4368],[112.5513,-7.4365],[112.5512,-7.4352],[112.5511,-7.4332],[112.552,-7.4326],[112.5525,-7.4317],[112.5537,-7.4318],[112.5547,-7.4319],[112.5558,-7.4322],[112.5568,-7.4326],[112.558,-7.4322],[112.5585,-7.4308],[112.5592,-7.4289],[112.5596,-7.4279],[112.5601,-7.4265],[112.5608,-7.4246],[112.5611,-7.4236],[112.5613,-7.4224],[112.5625,-7.4223],[112.5641,-7.4225],[112.566,-7.4221],[112.5661,-7.421],[112.5673,-7.4212],[112.5693,-7.4213],[112.5703,-7.4216],[112.5712,-7.4221],[112.5714,-7.4222]]]]}},{"type":"Feature","properties":{"level":"village","regency":"Sidoarjo","district":"Jabon","village":"Semambung"},"geometry":{"type":"MultiPolygon","coordinates":[[[[112.7704,-7.5537],[112.7712,-7.5545],[112.7714,-7.5555],[112.772,-7.5582],[112.7722,-7.5593],[112.7727,-7.5602],[112.7745,-7.566],[112.7749,-7.5679],[112.7738,-7.5672],[112.7723,-7.5667],[112.7708,-7.5668],[112.7698,-7.5669],[112.7689,-7.5683],[112.7685,-7.5692],[112.7678,-7.571],[112.7664,-7.5712],[112.7653,-7.5711],[112.7639,-7.5711],[112.7629,-7.5715],[112.7617,-7.5714],[112.7603,-7.5706],[112.7616,-7.5668],[112.7618,-7.5656],[112.7602,-7.5651],[112.7617,-7.5612],[112.7622,-7.5597],[112.7612,-7.5587],[112.7611,-7.5575],[112.7607,-7.5565],[112.7605,-7.5551],[112.7603,-7.5535],[112.761,-7.5523],[112.7619,-7.5518],[112.7628,-7.5524],[112.7639,-7.5529],[112.7651,-7.5534],[112.7661,-7.5536],[112.7676,-7.5541],[112.7686,-7.5538],[112.7701,-7.5543],[112.7704,-7.5537]]]]}},{"type":"Feature","properties":{"level":"village","regency":"Sidoarjo","district":"Wonoayu","village":"Semambung"},"geometry":{"type":"MultiPolygon","coordinates":[[[[112.6133,-7.4288],[112.6143,-7.4293],[112.6156,-7.43],[112.6168,-7.4307],[112.6168,-7.4322],[112.6165,-7.4337],[112.6163,-7.4351],[112.6161,-7.4364],[112.6153,-7.4377],[112.6149,-7.4393],[112.6146,-7.441],[112.6144,-7.442],[112.6141,-7.4433],[112.6138,-7.4444],[112.6134,-7.4455],[112.612,-7.4459],[112.611,-7.4457],[112.6096,-7.4455],[112.6084,-7.4453],[112.6073,-7.4451],[112.6059,-7.445],[112.6048,-7.4447],[112.6048,-7.4435],[112.6051,-7.4419],[112.6052,-7.4408],[112.6056,-7.4397],[112.606,-7.4387],[112.6056,-7.4369],[112.6058,-7.4358],[112.6064,-7.4334],[112.6066,-7.4321],[112.6057,-7.4316],[112.606,-7.4303],[112.6061,-7.4293],[112.6065,-7.4278],[112.6068,-7.4267],[112.6083,-7.4268],[112.6094,-7.427],[112.6106,-7.4273],[112.6128,-7.4285],[112.6133,-7.4288]]]]}},{"type":"Feature","properties":{"level":"village","regency":"Sidoarjo","district":"Gedangan","village":"Semambung"},"geometry":{"type":"MultiPolygon","coordinates":[[[[112.745,-7.3717],[112.7445,-7.3737],[112.7461,-7.3736],[112.7472,-7.3733],[112.7481,-7.374],[112.7479,-7.375],[112.7475,-7.3767],[112.7472,-7.3777],[112.7504,-7.3785],[112.7506,-7.3796],[112.7509,-7.381],[112.7506,-7.3826],[112.7517,-7.3826],[112.7506,-7.383],[112.7491,-7.3828],[112.7481,-7.3827],[112.7469,-7.3825],[112.746,-7.383],[112.7449,-7.3829],[112.7438,-7.3827],[112.7429,-7.3821],[112.7419,-7.382],[112.7409,-7.382],[112.7398,-7.3818],[112.7387,-7.3815],[112.7376,-7.3812],[112.7366,-7.3808],[112.7356,-7.3803],[112.735,-7.3794],[112.7344,-7.3786],[112.7336,-7.378],[112.7327,-7.3774],[112.7331,-7.3764],[112.7343,-7.3757],[112.7352,-7.375],[112.7354,-7.3738],[112.7357,-7.3728],[112.7366,-7.3723],[112.7376,-7.3725],[112.7384,-7.3719],[112.7392,-7.3712],[112.7398,-7.3704],[112.7409,-7.3706],[112.7419,-7.3707],[112.743,-7.3709],[112.7448,-7.3716],[112.745,-7.3717]]]]}},{"type":"Feature","properties":{"level":"village","regency":"Sidoarjo","district":"Sedati","village":"Semampir"},"geometry":{"type":"MultiPolygon","coordinates":[[[[112.781,-7.3659],[112.7807,-7.3674],[112.7804,-7.3685],[112.7802,-7.3695],[112.7799,-7.3709],[112.7798,-7.3721],[112.7789,-7.3731],[112.7779,-7.3735],[112.7765,-7.3745],[112.7756,-7.3751],[112.7746,-7.3752],[112.7734,-7.3751],[112.7719,-7.3747],[112.7698,-7.3743],[112.7683,-7.374],[112.7683,-7.3729],[112.7685,-7.3719],[112.7689,-7.371],[112.7694,-7.3695],[112.7699,-7.3684],[112.7703,-7.3673],[112.7707,-7.3662],[112.7711,-7.3652],[112.7724,-7.365],[112.7736,-7.3647],[112.7747,-7.3645],[112.7757,-7.3643],[112.7767,-7.3643],[112.7776,-7.3647],[112.7786,-7.3653],[112.7794,-7.3659],[112.7805,-7.3659],[112.781,-7.3659]]]]}},{"type":"Feature","properties":{"level":"village","regency":"Surabaya","district":"Benowo","village":"Sememi"},"geometry":{"type":"MultiPolygon","coordinates":[[[[112.6432,-7.2336],[112.6422,-7.2334],[112.6411,-7.2337],[112.6402,-7.2343],[112.6398,-7.2356],[112.6393,-7.2371],[112.639,-7.2381],[112.6396,-7.2392],[112.6395,-7.2403],[112.6403,-7.2414],[112.641,-7.2421],[112.6421,-7.2422],[112.6429,-7.243],[112.6441,-7.2432],[112.645,-7.2427],[112.6464,-7.2431],[112.6468,-7.2441],[112.6465,-7.2452],[112.6462,-7.2462],[112.646,-7.2473],[112.6457,-7.2484],[112.6454,-7.2494],[112.6457,-7.2505],[112.6467,-7.2509],[112.6476,-7.2513],[112.6477,-7.2524],[112.6478,-7.2534],[112.6483,-7.2545],[112.6476,-7.2552],[112.6471,-7.2563],[112.6466,-7.2572],[112.6462,-7.2585],[112.6459,-7.2596],[112.6447,-7.2598],[112.6434,-7.2597],[112.6421,-7.2596],[112.6411,-7.2594],[112.64,-7.2593],[112.6395,-7.2603],[112.639,-7.2613],[112.6378,-7.2616],[112.6369,-7.2621],[112.6365,-7.2631],[112.6364,-7.2644],[112.6351,-7.2645],[112.6339,-7.2641],[112.6328,-7.264],[112.6327,-7.2629],[112.6323,-7.2617],[112.6317,-7.2607],[112.6322,-7.2597],[112.6322,-7.2586],[112.6317,-7.2573],[112.6314,-7.2563],[112.631,-7.2553],[112.6306,-7.2541],[112.6309,-7.2529],[112.6314,-7.2517],[112.6317,-7.2507],[112.6323,-7.2497],[112.6328,-7.2488],[112.6331,-7.2478],[112.6335,-7.2464],[112.634,-7.2451],[112.6331,-7.2439],[112.632,-7.2433],[112.6335,-7.2394],[112.6343,-7.2401],[112.6347,-7.2389],[112.635,-7.2378],[112.6352,-7.2367],[112.6355,-7.2357],[112.6347,-7.235],[112.6343,-7.2338],[112.6345,-7.2324],[112.6345,-7.2313],[112.6346,-7.2298],[112.6349,-7.2286],[112.6344,-7.2277],[112.6347,-7.2265],[112.6351,-7.2253],[112.6355,-7.2243],[112.6361,-7.2234],[112.6371,-7.2226],[112.6381,-7.2227],[112.6386,-7.2238],[112.6395,-7.2251],[112.6391,-7.226],[112.64,-7.2264],[112.641,-7.2263],[112.6417,-7.2255],[112.6423,-7.2243],[112.6434,-7.225],[112.6441,-7.2258],[112.6457,-7.2267],[112.6453,-7.228],[112.6447,-7.2289],[112.6445,-7.23],[112.6436,-7.2315],[112.6434,-7.2327],[112.6432,-7.2336]]]]}},{"type":"Feature","properties":{"level":"village","regency":"Surabaya","district":"Sukolilo","village":"Semolowaru"},"geometry":{"type":"MultiPolygon","coordinates":[[[[112.7858,-7.296],[112.7864,-7.2974],[112.7864,-7.2988],[112.7857,-7.3],[112.7858,-7.3018],[112.7874,-7.3021],[112.7877,-7.3005],[112.788,-7.2994],[112.7894,-7.2998],[112.7907,-7.2999],[112.7909,-7.3011],[112.7906,-7.3022],[112.7903,-7.3035],[112.7896,-7.3043],[112.788,-7.3038],[112.787,-7.304],[112.7857,-7.3039],[112.7846,-7.3038],[112.7835,-7.3038],[112.7827,-7.3048],[112.7815,-7.3047],[112.7801,-7.3047],[112.7789,-7.3047],[112.7776,-7.3046],[112.7765,-7.3046],[112.7765,-7.306],[112.7763,-7.3075],[112.7753,-7.3073],[112.7744,-7.3069],[112.7734,-7.3065],[112.7728,-7.3055],[112.7725,-7.3041],[112.7722,-7.3028],[112.7724,-7.3016],[112.7726,-7.3005],[112.7725,-7.2994],[112.7725,-7.2983],[112.7729,-7.2968],[112.7729,-7.2957],[112.7744,-7.2956],[112.7756,-7.2956],[112.7769,-7.2958],[112.7796,-7.2964],[112.781,-7.2958],[112.7805,-7.2948],[112.7805,-7.2931],[112.7812,-7.2924],[112.7816,-7.2935],[112.782,-7.2945],[112.7823,-7.2958],[112.7838,-7.2959],[112.7858,-7.296]]]]}},{"type":"Feature","properties":{"level":"village","regency":"Sidoarjo","district":"Tanggulangin","village":"Sentul"},"geometry":{"type":"MultiPolygon","coordinates":[[[[112.7479,-7.5214],[112.7482,-7.5224],[112.7477,-7.5233],[112.7475,-7.5244],[112.7475,-7.526],[112.7476,-7.5271],[112.7479,-7.5283],[112.7481,-7.5293],[112.7476,-7.5303],[112.7468,-7.5297],[112.7459,-7.5303],[112.7454,-7.5313],[112.7446,-7.5322],[112.7435,-7.5324],[112.7426,-7.5329],[112.7416,-7.5331],[112.7405,-7.533],[112.7393,-7.5336],[112.738,-7.5333],[112.7371,-7.5338],[112.7365,-7.5354],[112.7354,-7.5348],[112.734,-7.5345],[112.7332,-7.5339],[112.7328,-7.5326],[112.7331,-7.5311],[112.7332,-7.5298],[112.7336,-7.5283],[112.734,-7.5271],[112.7344,-7.526],[112.7348,-7.525],[112.7353,-7.5241],[112.7359,-7.5231],[112.735,-7.5225],[112.7354,-7.5213],[112.7364,-7.5207],[112.7374,-7.5211],[112.7388,-7.5213],[112.7398,-7.5214],[112.7411,-7.5216],[112.7422,-7.5214],[112.7438,-7.5214],[112.7454,-7.5214],[112.7467,-7.5213],[112.7479,-7.5214],[112.7479,-7.5214]]]]}},{"type":"Feature","properties":{"level":"village","regency":"Sidoarjo","district":"Candi","village":"Sepande"},"geometry":{"type":"MultiPolygon","coordinates":[[[[112.7057,-7.4577],[112.7052,-7.4586],[112.7049,-7.4597],[112.7044,-7.4612],[112.7041,-7.4628],[112.7038,-7.4649],[112.7035,-7.4663],[112.7025,-7.4663],[112.7012,-7.4662],[112.7001,-7.4658],[112.699,-7.4653],[112.6978,-7.4646],[112.6963,-7.4641],[112.6956,-7.465],[112.6944,-7.4651],[112.6936,-7.4657],[112.6924,-7.4657],[112.6915,-7.4663],[112.6904,-7.4661],[112.6895,-7.4667],[112.6886,-7.4663],[112.6877,-7.4659],[112.6878,-7.4648],[112.6883,-7.463],[112.6886,-7.462],[112.6892,-7.4611],[112.6899,-7.4599],[112.6903,-7.4587],[112.6907,-7.4575],[112.691,-7.4565],[112.6919,-7.456],[112.6929,-7.4555],[112.6939,-7.456],[112.6948,-7.4565],[112.6959,-7.4569],[112.697,-7.4572],[112.6981,-7.4574],[112.6992,-7.4576],[112.6989,-7.4565],[112.6995,-7.4556],[112.7003,-7.4562],[112.701,-7.4571],[112.702,-7.4575],[112.703,-7.4576],[112.704,-7.4578],[112.705,-7.4576],[112.7057,-7.4577]]]]}},{"type":"Feature","properties":{"level":"village","regency":"Sidoarjo","district":"Taman","village":"Sepanjang"},"geometry":{"type":"MultiPolygon","coordinates":[[[[112.7161,-7.3399],[112.7158,-7.341],[112.7151,-7.3418],[112.7148,-7.3432],[112.7146,-7.3445],[112.7135,-7.3451],[112.7122,-7.3448],[112.7112,-7.3445],[112.7101,-7.3443],[112.7089,-7.344],[112.7077,-7.3439],[112.7065,-7.3439],[112.7052,-7.3437],[112.7042,-7.3433],[112.7045,-7.3424],[112.7037,-7.3417],[112.7028,-7.3423],[112.7017,-7.3423],[112.701,-7.3416],[112.7012,-7.3406],[112.7004,-7.3413],[112.6995,-7.3406],[112.7005,-7.3393],[112.7026,-7.3381],[112.7037,-7.3371],[112.7046,-7.3362],[112.7056,-7.3368],[112.707,-7.3372],[112.7081,-7.3373],[112.7093,-7.3379],[112.7103,-7.3382],[112.7116,-7.3386],[112.7129,-7.339],[112.7139,-7.3393],[112.7151,-7.3396],[112.7161,-7.3399]]]]}},{"type":"Feature","properties":{"level":"village","regency":"Sidoarjo","district":"Candi","village":"Sidodadi"},"geometry":{"type":"MultiPolygon","coordinates":[[[[112.6891,-7.452],[112.6902,-7.4522],[112.6912,-7.4523],[112.6923,-7.4526],[112.6923,-7.4537],[112.6916,-7.4547],[112.6918,-7.456],[112.6907,-7.4575],[112.6903,-7.4587],[112.6899,-7.4599],[112.6894,-7.4609],[112.6882,-7.4606],[112.6869,-7.4603],[112.6856,-7.4601],[112.6843,-7.4599],[112.6827,-7.4599],[112.68,-7.4601],[112.6789,-7.4611],[112.6779,-7.4612],[112.6762,-7.4609],[112.6772,-7.458],[112.6777,-7.4565],[112.6778,-7.4554],[112.6794,-7.4549],[112.6807,-7.4552],[112.6816,-7.4559],[112.6826,-7.4562],[112.6831,-7.4552],[112.6841,-7.4556],[112.6846,-7.4547],[112.6857,-7.4546],[112.6869,-7.4546],[112.6874,-7.4527],[112.6877,-7.4517],[112.6887,-7.452],[112.6891,-7.452]]]]}},{"type":"Feature","properties":{"level":"village","regency":"Sidoarjo","district":"Taman","village":"Sidodadi"},"geometry":{"type":"MultiPolygon","coordinates":[[[[112.6474,-7.3712],[112.6482,-7.3721],[112.6485,-7.3734],[112.6498,-7.3739],[112.6508,-7.3743],[112.6509,-7.3753],[112.6506,-7.3763],[112.65,-7.3777],[112.6498,-7.379],[112.6498,-7.3801],[112.6498,-7.3812],[112.6496,-7.3823],[112.6488,-7.3831],[112.6476,-7.3844],[112.6465,-7.3848],[112.6451,-7.385],[112.6441,-7.3853],[112.6439,-7.3863],[112.6429,-7.3872],[112.6417,-7.3874],[112.6406,-7.3876],[112.6393,-7.3879],[112.6381,-7.388],[112.6376,-7.387],[112.6368,-7.3863],[112.6365,-7.3853],[112.6363,-7.3838],[112.6365,-7.3826],[112.637,-7.3811],[112.6382,-7.3808],[112.6383,-7.3797],[112.6391,-7.3791],[112.6403,-7.3791],[112.6417,-7.3791],[112.6427,-7.3779],[112.6437,-7.3754],[112.6442,-7.374],[112.6445,-7.3724],[112.6458,-7.3717],[112.6474,-7.3712]]]]}},{"type":"Feature","properties":{"level":"village","regency":"Surabaya","district":"Simokerto","village":"Sidodadi"},"geometry":{"type":"MultiPolygon","coordinates":[[[[112.7516,-7.2364],[112.7512,-7.2376],[112.7507,-7.2386],[112.7503,-7.2395],[112.749,-7.2397],[112.7481,-7.2394],[112.747,-7.2391],[112.7458,-7.2387],[112.7448,-7.2384],[112.7443,-7.2373],[112.7435,-7.2363],[112.7432,-7.2353],[112.7429,-7.2343],[112.7442,-7.2345],[112.7454,-7.2347],[112.7464,-7.235],[112.7475,-7.2351],[112.749,-7.2354],[112.75,-7.2358],[112.7511,-7.2362],[112.7516,-7.2364]]]]}},{"type":"Feature","properties":{"level":"village","regency":"Sidoarjo","district":"Sidoarjo","village":"Sidokare"},"geometry":{"type":"MultiPolygon","coordinates":[[[[112.7157,-7.4593],[112.7163,-7.4601],[112.7173,-7.4603],[112.7171,-7.4619],[112.7163,-7.4626],[112.7153,-7.4623],[112.7149,-7.4632],[112.7146,-7.4642],[112.7142,-7.4655],[112.7139,-7.4665],[112.7128,-7.4664],[112.7117,-7.466],[112.7107,-7.4658],[112.7094,-7.4662],[112.7084,-7.4664],[112.7074,-7.4669],[112.7063,-7.4671],[112.7053,-7.4665],[112.7042,-7.4664],[112.7038,-7.4649],[112.704,-7.4637],[112.7044,-7.4615],[112.7047,-7.4603],[112.7051,-7.4592],[112.7054,-7.4581],[112.7064,-7.4579],[112.7075,-7.4582],[112.7085,-7.4584],[112.7092,-7.4577],[112.7103,-7.4576],[112.7114,-7.4579],[112.7123,-7.4584],[112.7133,-7.4586],[112.7149,-7.4593],[112.7157,-7.4593]]]]}},{"type":"Feature","properties":{"level":"village","regency":"Sidoarjo","district":"Buduran","village":"Sidokepung"},"geometry":{"type":"MultiPolygon","coordinates":[[[[112.709,-7.4119],[112.7088,-7.413],[112.7087,-7.414],[112.7087,-7.4151],[112.7087,-7.4162],[112.71,-7.4164],[112.711,-7.4166],[112.7119,-7.417],[112.7115,-7.4206],[112.7118,-7.4217],[112.7111,-7.4231],[112.7101,-7.4237],[112.7097,-7.4246],[112.7093,-7.4255],[112.7082,-7.4259],[112.7073,-7.4253],[112.7063,-7.4249],[112.7054,-7.4245],[112.7043,-7.4242],[112.7034,-7.4256],[112.7001,-7.4257],[112.6994,-7.4289],[112.699,-7.4307],[112.6981,-7.4314],[112.6971,-7.4311],[112.6959,-7.4308],[112.6947,-7.4305],[112.6936,-7.4304],[112.6925,-7.4303],[112.6921,-7.4287],[112.6921,-7.4276],[112.6923,-7.4265],[112.6928,-7.4251],[112.6929,-7.4237],[112.6939,-7.4231],[112.6949,-7.4226],[112.696,-7.4223],[112.6973,-7.4217],[112.6981,-7.421],[112.6997,-7.421],[112.7007,-7.4202],[112.7021,-7.4203],[112.7025,-7.4193],[112.703,-7.4179],[112.703,-7.4167],[112.7029,-7.4156],[112.7018,-7.4156],[112.7021,-7.4141],[112.7024,-7.4128],[112.7035,-7.4128],[112.7046,-7.413],[112.7052,-7.4114],[112.7059,-7.4105],[112.7069,-7.4109],[112.7079,-7.4112],[112.7089,-7.4116],[112.709,-7.4119]]]]}},{"type":"Feature","properties":{"level":"village","regency":"Sidoarjo","district":"Buduran","village":"Sidokerto"},"geometry":{"type":"MultiPolygon","coordinates":[[[[112.7191,-7.4276],[112.7189,-7.4293],[112.7195,-7.4304],[112.7203,-7.4325],[112.7198,-7.4335],[112.719,-7.4342],[112.7181,-7.4347],[112.7169,-7.4352],[112.7162,-7.4368],[112.7138,-7.4357],[112.7112,-7.4346],[112.7115,-7.4336],[112.7113,-7.4326],[112.7112,-7.4315],[112.7105,-7.4308],[112.7094,-7.4304],[112.708,-7.4299],[112.7069,-7.4295],[112.7072,-7.4283],[112.7075,-7.4271],[112.7079,-7.4257],[112.7089,-7.4262],[112.7095,-7.4249],[112.71,-7.424],[112.711,-7.4232],[112.712,-7.4238],[112.7129,-7.4243],[112.7142,-7.4249],[112.7155,-7.4254],[112.7151,-7.4267],[112.7164,-7.4272],[112.7182,-7.4278],[112.7191,-7.4276]]]]}},{"type":"Feature","properties":{"level":"village","regency":"Sidoarjo","district":"Sidoarjo","village":"Sidoklumpuk"},"geometry":{"type":"MultiPolygon","coordinates":[[[[112.7272,-7.4524],[112.7261,-7.4525],[112.7246,-7.4532],[112.7236,-7.4528],[112.7231,-7.4538],[112.7216,-7.4538],[112.7205,-7.4541],[112.7209,-7.4551],[112.7198,-7.4557],[112.7187,-7.4556],[112.7187,-7.4546],[112.7189,-7.4536],[112.7191,-7.4525],[112.7199,-7.4516],[112.7204,-7.4506],[112.7203,-7.4496],[112.7201,-7.4485],[112.7207,-7.4475],[112.7208,-7.4461],[112.7212,-7.4452],[112.7213,-7.4442],[112.7222,-7.4435],[112.7232,-7.4437],[112.7242,-7.444],[112.725,-7.4446],[112.7246,-7.4457],[112.7257,-7.4462],[112.7265,-7.4468],[112.7277,-7.448],[112.7287,-7.4484],[112.7283,-7.4495],[112.7272,-7.4524]]]]}},{"type":"Feature","properties":{"level":"village","regency":"Sidoarjo","district":"Sidoarjo","village":"Sidokumpul"},"geometry":{"type":"MultiPolygon","coordinates":[[[[112.7188,-7.4453],[112.721,-7.4456],[112.7206,-7.4466],[112.7206,-7.448],[112.7199,-7.4492],[112.7202,-7.4505],[112.7199,-7.4516],[112.7193,-7.4524],[112.7189,-7.4534],[112.7187,-7.4544],[112.7187,-7.4556],[112.7179,-7.4548],[112.7168,-7.4547],[112.7157,-7.4544],[112.7146,-7.4537],[112.7136,-7.4535],[112.7126,-7.4532],[112.7116,-7.4531],[112.7105,-7.4528],[112.7107,-7.4516],[112.7104,-7.4505],[112.7093,-7.4505],[112.7091,-7.449],[112.7099,-7.4484],[112.7109,-7.4487],[112.7119,-7.4489],[112.713,-7.4488],[112.7137,-7.4495],[112.7153,-7.4505],[112.716,-7.4496],[112.717,-7.4486],[112.7173,-7.4471],[112.718,-7.4452],[112.7188,-7.4453]]]]}},{"type":"Feature","properties":{"level":"village","regency":"Sidoarjo","district":"Krian","village":"Sidomojo"},"geometry":{"type":"MultiPolygon","coordinates":[[[[112.5934,-7.391],[112.5935,-7.3933],[112.5936,-7.3945],[112.5936,-7.3957],[112.5937,-7.3971],[112.5928,-7.3975],[112.5918,-7.3979],[112.591,-7.3985],[112.59,-7.3981],[112.589,-7.3985],[112.588,-7.3988],[112.5873,-7.3997],[112.5868,-7.4006],[112.5857,-7.4006],[112.5847,-7.4005],[112.5844,-7.3995],[112.5841,-7.3983],[112.5839,-7.3971],[112.5836,-7.3958],[112.5833,-7.3947],[112.5822,-7.3945],[112.5812,-7.3946],[112.5803,-7.3956],[112.5799,-7.3946],[112.5801,-7.3935],[112.5805,-7.3925],[112.5801,-7.3915],[112.5806,-7.3906],[112.5815,-7.39],[112.583,-7.39],[112.584,-7.39],[112.584,-7.3913],[112.5892,-7.391],[112.5913,-7.3912],[112.5932,-7.391],[112.5934,-7.391]]]]}},{"type":"Feature","properties":{"level":"village","regency":"Sidoarjo","district":"Buduran","village":"Sidomulyo"},"geometry":{"type":"MultiPolygon","coordinates":[[[[112.7369,-7.4301],[112.7361,-7.4307],[112.7351,-7.43],[112.7341,-7.4294],[112.7328,-7.429],[112.7319,-7.4284],[112.7309,-7.4279],[112.7295,-7.428],[112.7285,-7.4281],[112.7273,-7.4284],[112.7269,-7.4273],[112.7275,-7.4238],[112.7287,-7.4235],[112.7299,-7.4235],[112.7309,-7.4234],[112.732,-7.4231],[112.7332,-7.4234],[112.7344,-7.4235],[112.7353,-7.4239],[112.736,-7.4246],[112.7357,-7.4256],[112.7363,-7.4266],[112.7368,-7.4275],[112.7363,-7.4293],[112.7369,-7.4301]]]]}},{"type":"Feature","properties":{"level":"village","regency":"Sidoarjo","district":"Krian","village":"Sidomulyo"},"geometry":{"type":"MultiPolygon","coordinates":[[[[112.581,-7.3901],[112.5804,-7.3909],[112.5803,-7.392],[112.58,-7.3931],[112.5799,-7.3942],[112.5797,-7.3954],[112.5796,-7.3965],[112.5792,-7.3976],[112.5793,-7.3986],[112.5788,-7.3998],[112.5783,-7.4008],[112.5773,-7.4005],[112.5759,-7.401],[112.575,-7.4014],[112.5732,-7.4021],[112.5708,-7.4029],[112.5697,-7.4031],[112.5687,-7.4032],[112.5665,-7.403],[112.5662,-7.4007],[112.566,-7.398],[112.5671,-7.3975],[112.5678,-7.3966],[112.5678,-7.395],[112.5676,-7.3935],[112.5674,-7.3924],[112.5675,-7.3914],[112.5676,-7.3904],[112.5678,-7.3889],[112.5684,-7.3877],[112.5694,-7.3877],[112.5702,-7.3884],[112.5703,-7.3895],[112.5703,-7.3908],[112.5706,-7.3918],[112.5717,-7.392],[112.5726,-7.3916],[112.5735,-7.3909],[112.5741,-7.39],[112.5745,-7.3889],[112.5753,-7.3882],[112.5763,-7.3878],[112.5774,-7.3875],[112.5783,-7.3871],[112.5788,-7.388],[112.5793,-7.3889],[112.58,-7.3897],[112.581,-7.3901],[112.581,-7.3901]]]]}},{"type":"Feature","properties":{"level":"village","regency":"Sidoarjo","district":"Krian","village":"Sidorejo"},"geometry":{"type":"MultiPolygon","coordinates":[[[[112.6248,-7.3772],[112.625,-7.3792],[112.6258,-7.38],[112.6255,-7.3817],[112.6229,-7.3817],[112.6226,-7.3829],[112.62,-7.383],[112.6192,-7.3822],[112.6177,-7.3826],[112.6167,-7.3829],[112.6154,-7.3834],[112.6143,-7.3838],[112.6131,-7.3844],[112.612,-7.3849],[112.6111,-7.3854],[112.6101,-7.3861],[112.6094,-7.3869],[112.6078,-7.3885],[112.6055,-7.39],[112.6046,-7.3906],[112.6042,-7.3896],[112.6046,-7.3886],[112.6056,-7.3881],[112.6065,-7.3872],[112.6066,-7.3858],[112.6067,-7.3838],[112.6073,-7.3828],[112.6087,-7.3825],[112.6089,-7.3813],[112.6089,-7.3791],[112.6081,-7.3784],[112.6072,-7.3778],[112.6071,-7.3765],[112.6071,-7.3754],[112.6071,-7.3743],[112.6081,-7.3745],[112.6094,-7.3745],[112.6104,-7.3741],[112.6115,-7.3736],[112.6126,-7.3734],[112.6137,-7.3728],[112.6146,-7.3724],[112.6156,-7.3722],[112.6176,-7.3734],[112.6177,-7.3745],[112.619,-7.3743],[112.6198,-7.3754],[112.6209,-7.3766],[112.6236,-7.3771],[112.6248,-7.3772],[112.6248,-7.3772]]]]}},{"type":"Feature","properties":{"level":"village","regency":"Surabaya","district":"Wonocolo","village":"Sidosermo"},"geometry":{"type":"MultiPolygon","coordinates":[[[[112.7592,-7.3054],[112.7591,-7.3065],[112.759,-7.3075],[112.7588,-7.3088],[112.7586,-7.31],[112.7579,-7.3109],[112.7572,-7.3118],[112.7562,-7.3117],[112.7551,-7.3118],[112.754,-7.3116],[112.7532,-7.3123],[112.7532,-7.3134],[112.7533,-7.3145],[112.7538,-7.3153],[112.7531,-7.3162],[112.7523,-7.317],[112.7515,-7.3177],[112.7505,-7.3179],[112.7491,-7.3175],[112.7482,-7.3169],[112.7479,-7.3159],[112.7482,-7.3148],[112.7483,-7.3138],[112.7487,-7.3125],[112.7489,-7.3114],[112.7492,-7.3102],[112.7492,-7.309],[112.7492,-7.3079],[112.7493,-7.3067],[112.7481,-7.3066],[112.7469,-7.3065],[112.7479,-7.3059],[112.749,-7.3059],[112.75,-7.3058],[112.751,-7.3059],[112.7522,-7.3058],[112.7533,-7.3058],[112.7544,-7.3057],[112.7555,-7.3058],[112.7566,-7.306],[112.7568,-7.3047],[112.7578,-7.305],[112.7588,-7.3053],[112.7592,-7.3054]]]]}},{"type":"Feature","properties":{"level":"village","regency":"Surabaya","district":"Semampir","village":"Sidotopo"},"geometry":{"type":"MultiPolygon","coordinates":[[[[112.7567,-7.2347],[112.7556,-7.2344],[112.7545,-7.2343],[112.7533,-7.2337],[112.7525,-7.233],[112.7514,-7.233],[112.7504,-7.2326],[112.7494,-7.2324],[112.7483,-7.2324],[112.7471,-7.2322],[112.7467,-7.2312],[112.7462,-7.2303],[112.7457,-7.2292],[112.7457,-7.2281],[112.7461,-7.2267],[112.7472,-7.2267],[112.7482,-7.2273],[112.7489,-7.2281],[112.75,-7.2284],[112.7506,-7.2275],[112.7506,-7.2263],[112.7498,-7.2249],[112.7508,-7.2258],[112.7519,-7.2268],[112.7529,-7.2276],[112.7538,-7.2284],[112.755,-7.2287],[112.7558,-7.2295],[112.7561,-7.2305],[112.7563,-7.2317],[112.7564,-7.2327],[112.7566,-7.2341],[112.7567,-7.2347]]]]}},{"type":"Feature","properties":{"level":"village","regency":"Surabaya","district":"Kenjeran","village":"Sidotopo Wetan"},"geometry":{"type":"MultiPolygon","coordinates":[[[[112.7684,-7.2218],[112.7683,-7.223],[112.7683,-7.2242],[112.7682,-7.2253],[112.7681,-7.2266],[112.7678,-7.2278],[112.7674,-7.229],[112.7671,-7.23],[112.7666,-7.2309],[112.7656,-7.2313],[112.7649,-7.2321],[112.7636,-7.2334],[112.7628,-7.2342],[112.7618,-7.2348],[112.7605,-7.2351],[112.7595,-7.2351],[112.7585,-7.2353],[112.7576,-7.2346],[112.7575,-7.2335],[112.7573,-7.2321],[112.7572,-7.231],[112.7574,-7.2298],[112.758,-7.2289],[112.7587,-7.2276],[112.7584,-7.2265],[112.7581,-7.2254],[112.7581,-7.2243],[112.7592,-7.2244],[112.7602,-7.224],[112.7604,-7.2228],[112.7595,-7.2222],[112.7593,-7.2211],[112.7596,-7.2201],[112.7597,-7.219],[112.7599,-7.218],[112.7601,-7.2163],[112.7604,-7.2153],[112.7607,-7.2143],[112.7609,-7.2133],[112.762,-7.2131],[112.763,-7.2132],[112.764,-7.2134],[112.7652,-7.2135],[112.7653,-7.2145],[112.7651,-7.2155],[112.7649,-7.2165],[112.7647,-7.2175],[112.7645,-7.2185],[112.7643,-7.2196],[112.7641,-7.2206],[112.7639,-7.2216],[112.7637,-7.2226],[112.7646,-7.223],[112.7656,-7.2227],[112.7666,-7.2224],[112.7676,-7.2221],[112.7684,-7.2218]]]]}},{"type":"Feature","properties":{"level":"village","regency":"Sidoarjo","district":"Wonoayu","village":"Simo Angin Angin"},"geometry":{"type":"MultiPolygon","coordinates":[[[[112.6061,-7.4293],[112.6059,-7.4307],[112.6061,-7.4317],[112.6064,-7.4334],[112.606,-7.4352],[112.6058,-7.4362],[112.6062,-7.4378],[112.6058,-7.439],[112.6055,-7.44],[112.6052,-7.4411],[112.6048,-7.4435],[112.6035,-7.4435],[112.6022,-7.4434],[112.6009,-7.4435],[112.6,-7.4442],[112.5986,-7.4441],[112.5971,-7.4439],[112.5961,-7.4438],[112.5949,-7.4437],[112.5942,-7.4428],[112.5946,-7.4419],[112.5951,-7.441],[112.5957,-7.4395],[112.5961,-7.4384],[112.5965,-7.4373],[112.5968,-7.436],[112.5981,-7.4358],[112.5991,-7.4314],[112.6002,-7.4315],[112.6017,-7.4316],[112.6018,-7.4301],[112.6037,-7.4302],[112.6039,-7.4291],[112.6052,-7.4292],[112.6061,-7.4293]]]]}},{"type":"Feature","properties":{"level":"village","regency":"Sidoarjo","district":"Prambon","village":"Simogirang"},"geometry":{"type":"MultiPolygon","coordinates":[[[[112.5877,-7.4379],[112.5887,-7.4381],[112.5886,-7.4394],[112.5888,-7.4405],[112.5896,-7.4414],[112.5904,-7.4428],[112.5907,-7.4438],[112.5912,-7.4448],[112.5922,-7.4449],[112.5936,-7.4449],[112.5935,-7.446],[112.5933,-7.4478],[112.5929,-7.4488],[112.5918,-7.4488],[112.5908,-7.4489],[112.5905,-7.45],[112.5896,-7.4506],[112.5885,-7.4503],[112.5875,-7.4499],[112.5863,-7.4501],[112.5853,-7.4503],[112.5842,-7.4505],[112.5836,-7.4496],[112.5833,-7.4486],[112.5821,-7.4486],[112.5813,-7.4478],[112.5807,-7.4469],[112.5802,-7.4459],[112.5793,-7.4452],[112.5783,-7.4451],[112.5773,-7.445],[112.5762,-7.4448],[112.5752,-7.4444],[112.5743,-7.4438],[112.5743,-7.4427],[112.5748,-7.4412],[112.5751,-7.4402],[112.5755,-7.4392],[112.576,-7.4372],[112.5771,-7.4368],[112.579,-7.4371],[112.5802,-7.4337],[112.5811,-7.4333],[112.5821,-7.4331],[112.583,-7.4338],[112.5841,-7.434],[112.5844,-7.435],[112.5854,-7.4357],[112.585,-7.4367],[112.5861,-7.4373],[112.5872,-7.4379],[112.5877,-7.4379]]]]}},{"type":"Feature","properties":{"level":"village","regency":"Surabaya","district":"Simokerto","village":"Simokerto"},"geometry":{"type":"MultiPolygon","coordinates":[[[[112.7567,-7.2347],[112.7577,-7.2353],[112.7588,-7.2352],[112.76,-7.2351],[112.7611,-7.2349],[112.7622,-7.2347],[112.7632,-7.235],[112.7641,-7.2355],[112.7636,-7.2366],[112.7629,-7.2377],[112.7624,-7.2386],[112.7619,-7.2396],[112.7615,-7.2408],[112.7603,-7.2409],[112.759,-7.2407],[112.7578,-7.2404],[112.7575,-7.242],[112.7561,-7.2416],[112.755,-7.2413],[112.7533,-7.2409],[112.7519,-7.2405],[112.7507,-7.2402],[112.7504,-7.2392],[112.7509,-7.2383],[112.7516,-7.2367],[112.752,-7.2355],[112.7527,-7.2346],[112.7532,-7.2337],[112.7541,-7.2341],[112.7552,-7.2344],[112.7567,-7.2347]]]]}},{"type":"Feature","properties":{"level":"village","regency":"Sidoarjo","district":"Wonoayu","village":"Simoketawang"},"geometry":{"type":"MultiPolygon","coordinates":[[[[112.6048,-7.4435],[112.6046,-7.4446],[112.6059,-7.445],[112.6071,-7.4451],[112.6084,-7.4453],[112.6096,-7.4455],[112.611,-7.4457],[112.612,-7.4459],[112.6131,-7.4461],[112.6128,-7.4471],[112.6124,-7.4481],[112.612,-7.4491],[112.6109,-7.4493],[112.6097,-7.4494],[112.6087,-7.449],[112.6076,-7.4488],[112.6066,-7.4492],[112.6057,-7.4498],[112.6043,-7.4497],[112.6034,-7.4489],[112.6026,-7.4482],[112.6014,-7.4481],[112.6003,-7.4477],[112.5992,-7.4476],[112.5985,-7.4485],[112.5977,-7.4491],[112.5967,-7.4493],[112.5957,-7.449],[112.5946,-7.4487],[112.5934,-7.4487],[112.5934,-7.4469],[112.5935,-7.4455],[112.5937,-7.4443],[112.5944,-7.4436],[112.5954,-7.4437],[112.5965,-7.4439],[112.5979,-7.444],[112.5992,-7.4441],[112.6004,-7.4443],[112.6018,-7.4435],[112.6031,-7.4435],[112.6043,-7.4435],[112.6048,-7.4435]]]]}},{"type":"Feature","properties":{"level":"village","regency":"Surabaya","district":"Simokerto","village":"Simolawang"},"geometry":{"type":"MultiPolygon","coordinates":[[[[112.7532,-7.2337],[112.7527,-7.2346],[112.7521,-7.2354],[112.7516,-7.2364],[112.7505,-7.236],[112.7495,-7.2356],[112.7484,-7.2352],[112.7472,-7.235],[112.7462,-7.2349],[112.7451,-7.2347],[112.7438,-7.2344],[112.7429,-7.234],[112.7434,-7.2328],[112.7442,-7.2318],[112.7449,-7.2309],[112.7457,-7.2301],[112.7466,-7.2309],[112.7468,-7.2321],[112.748,-7.2323],[112.749,-7.2324],[112.75,-7.2325],[112.751,-7.2328],[112.752,-7.2331],[112.7532,-7.2337]]]]}},{"type":"Feature","properties":{"level":"village","regency":"Surabaya","district":"Suko Manunggal","village":"Simomulyo"},"geometry":{"type":"MultiPolygon","coordinates":[[[[112.7088,-7.273],[112.7087,-7.2745],[112.7086,-7.2757],[112.7071,-7.2758],[112.706,-7.2757],[112.7047,-7.2753],[112.7037,-7.2749],[112.7027,-7.2749],[112.7012,-7.2748],[112.7002,-7.2742],[112.7002,-7.2724],[112.7002,-7.2711],[112.7003,-7.27],[112.7004,-7.2689],[112.7008,-7.2674],[112.701,-7.2664],[112.7012,-7.2652],[112.7014,-7.2636],[112.7016,-7.2616],[112.7017,-7.2601],[112.7019,-7.2586],[112.702,-7.2572],[112.7022,-7.2556],[112.7036,-7.2548],[112.7048,-7.2547],[112.706,-7.2544],[112.7073,-7.2542],[112.7085,-7.2538],[112.7093,-7.2586],[112.7083,-7.2602],[112.7094,-7.2607],[112.7094,-7.2627],[112.7088,-7.273]]]]}},{"type":"Feature","properties":{"level":"village","regency":"Surabaya","district":"Suko Manunggal","village":"Simomulyo Baru"},"geometry":{"type":"MultiPolygon","coordinates":[[[[112.7143,-7.2561],[112.7142,-7.2571],[112.714,-7.2582],[112.7138,-7.2592],[112.7137,-7.2603],[112.7135,-7.2613],[112.7133,-7.2624],[112.7131,-7.264],[112.7129,-7.2656],[112.7127,-7.2671],[112.7121,-7.2679],[112.7117,-7.2692],[112.7115,-7.2702],[112.7111,-7.2714],[112.7108,-7.2724],[112.7095,-7.2731],[112.7094,-7.2627],[112.7094,-7.2607],[112.7083,-7.2602],[112.7091,-7.2595],[112.7093,-7.2535],[112.7102,-7.2528],[112.711,-7.2522],[112.7114,-7.2532],[112.7125,-7.2535],[112.7126,-7.2547],[112.7135,-7.2556],[112.7143,-7.2561]]]]}},{"type":"Feature","properties":{"level":"village","regency":"Sidoarjo","district":"Prambon","village":"Simpang"},"geometry":{"type":"MultiPolygon","coordinates":[[[[112.5946,-7.4781],[112.5946,-7.4793],[112.5943,-7.4803],[112.5943,-7.4815],[112.5945,-7.4826],[112.5954,-7.483],[112.597,-7.4838],[112.5981,-7.4844],[112.5982,-7.4857],[112.5976,-7.4874],[112.5964,-7.4876],[112.5955,-7.4883],[112.595,-7.49],[112.5947,-7.491],[112.5942,-7.4932],[112.5933,-7.4928],[112.5923,-7.4924],[112.5914,-7.4919],[112.5907,-7.491],[112.5895,-7.4907],[112.5885,-7.4904],[112.5875,-7.4902],[112.5864,-7.4899],[112.5852,-7.4895],[112.5841,-7.4892],[112.5839,-7.4881],[112.5842,-7.487],[112.5843,-7.4859],[112.5845,-7.4848],[112.5848,-7.4838],[112.5855,-7.4826],[112.5864,-7.4835],[112.5873,-7.4842],[112.5883,-7.4846],[112.5893,-7.4846],[112.5894,-7.4835],[112.5896,-7.4825],[112.5898,-7.4813],[112.5905,-7.4805],[112.5917,-7.48],[112.5927,-7.4795],[112.5931,-7.4786],[112.5942,-7.4781],[112.5946,-7.4781]]]]}},{"type":"Feature","properties":{"level":"village","regency":"Sidoarjo","district":"Balong Bendo","village":"Singkalan"},"geometry":{"type":"MultiPolygon","coordinates":[[[[112.4867,-7.4215],[112.4858,-7.4223],[112.4849,-7.423],[112.4839,-7.4232],[112.4839,-7.4243],[112.4841,-7.4253],[112.4842,-7.429],[112.4843,-7.4308],[112.4779,-7.4311],[112.4768,-7.4311],[112.4754,-7.4313],[112.4742,-7.4312],[112.4722,-7.4312],[112.4717,-7.4303],[112.4735,-7.4291],[112.4741,-7.4279],[112.4738,-7.4266],[112.4735,-7.4254],[112.4738,-7.4241],[112.4748,-7.4233],[112.4762,-7.4223],[112.4773,-7.4217],[112.4782,-7.421],[112.4789,-7.4202],[112.4801,-7.4197],[112.4817,-7.4193],[112.4828,-7.4178],[112.4835,-7.417],[112.485,-7.4167],[112.4859,-7.4175],[112.4861,-7.4195],[112.4865,-7.421],[112.4867,-7.4215]]]]}},{"type":"Feature","properties":{"level":"village","regency":"Sidoarjo","district":"Tarik","village":"Singogalih"},"geometry":{"type":"MultiPolygon","coordinates":[[[[112.5141,-7.4527],[112.5139,-7.454],[112.5135,-7.4557],[112.5132,-7.4568],[112.5134,-7.458],[112.5129,-7.4589],[112.5128,-7.4603],[112.5127,-7.4613],[112.5138,-7.4623],[112.5135,-7.4637],[112.5133,-7.4648],[112.5129,-7.4658],[112.5125,-7.4668],[112.5114,-7.4665],[112.5101,-7.4657],[112.5092,-7.465],[112.508,-7.4641],[112.507,-7.4633],[112.5061,-7.4628],[112.5056,-7.4619],[112.5059,-7.4607],[112.5062,-7.4595],[112.5061,-7.4584],[112.5051,-7.458],[112.5033,-7.4576],[112.502,-7.4571],[112.5009,-7.4563],[112.4987,-7.4556],[112.4976,-7.4553],[112.4971,-7.4544],[112.4974,-7.4533],[112.4977,-7.4519],[112.4979,-7.4508],[112.499,-7.4505],[112.5001,-7.4503],[112.5014,-7.4506],[112.5024,-7.4508],[112.5035,-7.4511],[112.5045,-7.4513],[112.5054,-7.4521],[112.5064,-7.4522],[112.5077,-7.4524],[112.508,-7.4511],[112.5094,-7.451],[112.511,-7.4515],[112.512,-7.452],[112.5131,-7.4524],[112.5141,-7.4527]]]]}},{"type":"Feature","properties":{"level":"village","regency":"Sidoarjo","district":"Tulangan","village":"Singopadu"},"geometry":{"type":"MultiPolygon","coordinates":[[[[112.6472,-7.4749],[112.6465,-7.4758],[112.6462,-7.477],[112.6456,-7.478],[112.6446,-7.4786],[112.6437,-7.478],[112.6426,-7.4775],[112.6416,-7.4771],[112.6405,-7.4764],[112.6393,-7.4761],[112.6384,-7.4755],[112.6375,-7.4747],[112.6364,-7.4744],[112.6353,-7.4739],[112.6342,-7.4733],[112.6352,-7.4729],[112.6363,-7.4726],[112.6372,-7.4722],[112.6374,-7.4711],[112.6372,-7.4697],[112.6375,-7.4685],[112.6378,-7.4672],[112.639,-7.4679],[112.6404,-7.468],[112.6417,-7.4688],[112.6426,-7.4696],[112.6431,-7.4705],[112.643,-7.4715],[112.6436,-7.4724],[112.6447,-7.4728],[112.6454,-7.4738],[112.6466,-7.4748],[112.6472,-7.4749]]]]}},{"type":"Feature","properties":{"level":"village","regency":"Sidoarjo","district":"Porong","village":"Siring"},"geometry":{"type":"MultiPolygon","coordinates":[[[[112.7065,-7.522],[112.7075,-7.5223],[112.7085,-7.5222],[112.7102,-7.5229],[112.7114,-7.5233],[112.7125,-7.5236],[112.7121,-7.5248],[112.7118,-7.5258],[112.7113,-7.527],[112.7099,-7.5274],[112.7094,-7.5288],[112.7082,-7.5284],[112.7072,-7.5281],[112.7062,-7.5278],[112.7043,-7.5276],[112.7033,-7.5276],[112.7022,-7.5279],[112.7017,-7.5269],[112.7006,-7.527],[112.7006,-7.5247],[112.7011,-7.5233],[112.7014,-7.5223],[112.702,-7.5202],[112.7025,-7.5192],[112.7035,-7.5199],[112.7044,-7.5204],[112.7059,-7.5214],[112.7065,-7.522]]]]}},{"type":"Feature","properties":{"level":"village","regency":"Sidoarjo","district":"Buduran","village":"Siwalan Panji"},"geometry":{"type":"MultiPolygon","coordinates":[[[[112.7369,-7.4301],[112.7376,-7.4308],[112.7391,-7.4311],[112.7403,-7.4316],[112.7412,-7.4322],[112.7417,-7.4335],[112.7423,-7.4348],[112.7427,-7.4357],[112.7436,-7.4363],[112.7448,-7.4365],[112.7457,-7.4372],[112.7466,-7.4383],[112.7478,-7.4387],[112.7493,-7.4396],[112.7484,-7.4401],[112.7479,-7.441],[112.7478,-7.4421],[112.7468,-7.4418],[112.7462,-7.4408],[112.7449,-7.4403],[112.7438,-7.4404],[112.7427,-7.4402],[112.7418,-7.4395],[112.7409,-7.4389],[112.7397,-7.4385],[112.7376,-7.4377],[112.735,-7.4371],[112.7337,-7.4371],[112.7326,-7.4368],[112.7319,-7.436],[112.731,-7.4355],[112.7299,-7.4352],[112.7289,-7.4348],[112.7278,-7.4344],[112.7259,-7.4386],[112.7248,-7.4384],[112.7237,-7.4381],[112.722,-7.4376],[112.7208,-7.4374],[112.7208,-7.4364],[112.7209,-7.4351],[112.719,-7.4342],[112.7198,-7.4335],[112.7201,-7.4325],[112.7215,-7.4325],[112.7227,-7.4326],[112.7232,-7.4313],[112.7244,-7.4306],[112.7259,-7.4299],[112.7265,-7.4285],[112.7278,-7.4283],[112.7291,-7.428],[112.7306,-7.4278],[112.7316,-7.4283],[112.7325,-7.4288],[112.7335,-7.4292],[112.7344,-7.4296],[112.7354,-7.43],[112.7361,-7.4307],[112.7369,-7.4301]]]]}},{"type":"Feature","properties":{"level":"village","regency":"Surabaya","district":"Wonocolo","village":"Siwalankerto"},"geometry":{"type":"MultiPolygon","coordinates":[[[[112.7436,-7.3293],[112.7434,-7.3303],[112.7433,-7.3313],[112.7431,-7.3324],[112.7428,-7.3335],[112.7424,-7.3347],[112.7424,-7.3358],[112.7424,-7.337],[112.7422,-7.3383],[112.742,-7.3396],[112.7419,-7.3407],[112.743,-7.3408],[112.7426,-7.342],[112.7424,-7.3432],[112.7421,-7.3447],[112.7411,-7.3452],[112.7397,-7.3451],[112.7379,-7.345],[112.7373,-7.344],[112.7375,-7.3429],[112.7377,-7.3415],[112.7372,-7.3405],[112.736,-7.3405],[112.735,-7.3402],[112.7338,-7.3399],[112.7328,-7.3397],[112.7315,-7.3396],[112.7305,-7.3396],[112.7293,-7.3395],[112.7293,-7.3382],[112.7297,-7.3362],[112.73,-7.3351],[112.7303,-7.3338],[112.7309,-7.3314],[112.7322,-7.3318],[112.7336,-7.3322],[112.7348,-7.3314],[112.7356,-7.33],[112.7361,-7.3291],[112.7367,-7.328],[112.7378,-7.3282],[112.7393,-7.3285],[112.7406,-7.3287],[112.7419,-7.329],[112.7429,-7.3292],[112.7436,-7.3293]]]]}},{"type":"Feature","properties":{"level":"village","regency":"Surabaya","district":"Suko Manunggal","village":"Sono Kwijenan"},"geometry":{"type":"MultiPolygon","coordinates":[[[[112.7002,-7.2746],[112.7012,-7.2748],[112.7025,-7.2748],[112.7037,-7.2749],[112.7047,-7.2753],[112.7057,-7.2757],[112.7067,-7.2758],[112.7079,-7.2758],[112.7082,-7.2772],[112.7081,-7.2784],[112.7072,-7.2789],[112.7049,-7.2772],[112.7041,-7.2779],[112.7031,-7.2786],[112.7025,-7.2797],[112.7013,-7.2807],[112.6995,-7.2821],[112.7004,-7.2831],[112.7009,-7.2844],[112.7,-7.2849],[112.6979,-7.2846],[112.6977,-7.2856],[112.697,-7.2864],[112.6966,-7.2854],[112.695,-7.2849],[112.6968,-7.2822],[112.6968,-7.2811],[112.6961,-7.2794],[112.6954,-7.2785],[112.6941,-7.2784],[112.6938,-7.2774],[112.6944,-7.2766],[112.6956,-7.2755],[112.6963,-7.2744],[112.6976,-7.2744],[112.6985,-7.2739],[112.6994,-7.2743],[112.7002,-7.2746]]]]}},{"type":"Feature","properties":{"level":"village","regency":"Sidoarjo","district":"Gedangan","village":"Sruni"},"geometry":{"type":"MultiPolygon","coordinates":[[[[112.727,-7.3949],[112.7287,-7.395],[112.7298,-7.395],[112.7293,-7.3962],[112.7288,-7.3981],[112.7286,-7.3991],[112.7285,-7.4002],[112.7283,-7.4017],[112.7272,-7.4013],[112.7257,-7.4012],[112.7243,-7.4011],[112.723,-7.401],[112.7219,-7.401],[112.7206,-7.4008],[112.7201,-7.4021],[112.7188,-7.402],[112.7177,-7.4016],[112.7166,-7.4013],[112.7169,-7.4003],[112.7172,-7.3993],[112.7176,-7.3981],[112.7182,-7.3972],[112.7185,-7.3958],[112.7188,-7.3946],[112.7192,-7.3934],[112.7204,-7.3935],[112.722,-7.394],[112.7234,-7.3944],[112.7246,-7.3946],[112.7256,-7.3949],[112.7268,-7.395],[112.727,-7.3949]]]]}},{"type":"Feature","properties":{"level":"village","regency":"Sidoarjo","district":"Tulangan","village":"Sudimoro"},"geometry":{"type":"MultiPolygon","coordinates":[[[[112.6638,-7.4672],[112.665,-7.4672],[112.666,-7.4672],[112.6671,-7.4672],[112.6692,-7.4675],[112.6701,-7.468],[112.6728,-7.4703],[112.6727,-7.472],[112.6717,-7.4726],[112.6709,-7.4734],[112.6714,-7.475],[112.6711,-7.4762],[112.671,-7.4772],[112.6706,-7.4784],[112.6701,-7.4794],[112.6692,-7.4801],[112.668,-7.4799],[112.6668,-7.4795],[112.6656,-7.4795],[112.6648,-7.4788],[112.6643,-7.4771],[112.664,-7.4761],[112.6643,-7.4747],[112.6641,-7.4737],[112.6636,-7.4726],[112.6638,-7.4706],[112.6628,-7.4699],[112.6618,-7.4695],[112.6613,-7.4686],[112.662,-7.4675],[112.6638,-7.4672]]]]}},{"type":"Feature","properties":{"level":"village","regency":"Sidoarjo","district":"Candi","village":"Sugih Waras"},"geometry":{"type":"MultiPolygon","coordinates":[[[[112.7039,-7.4733],[112.7046,-7.474],[112.7056,-7.4746],[112.7066,-7.4748],[112.7073,-7.4759],[112.7075,-7.477],[112.7075,-7.4781],[112.7084,-7.4787],[112.7088,-7.4797],[112.7088,-7.4808],[112.7086,-7.4819],[112.7082,-7.483],[112.7079,-7.4845],[112.7075,-7.4864],[112.7065,-7.4868],[112.7048,-7.4866],[112.7035,-7.4862],[112.7025,-7.4856],[112.7015,-7.4851],[112.7005,-7.4847],[112.6993,-7.4843],[112.6991,-7.4833],[112.6992,-7.4823],[112.6996,-7.4803],[112.7,-7.4793],[112.7001,-7.4778],[112.7003,-7.4768],[112.7003,-7.4758],[112.7001,-7.4747],[112.7004,-7.4736],[112.7012,-7.4728],[112.7023,-7.473],[112.7034,-7.4731],[112.7039,-7.4733]]]]}},{"type":"Feature","properties":{"level":"village","regency":"Sidoarjo","district":"Sukodono","village":"Suko"},"geometry":{"type":"MultiPolygon","coordinates":[[[[112.7041,-7.3776],[112.7036,-7.3786],[112.7033,-7.3798],[112.7022,-7.38],[112.701,-7.38],[112.7005,-7.3812],[112.7001,-7.3822],[112.6996,-7.3833],[112.6989,-7.3847],[112.6977,-7.3845],[112.6966,-7.3838],[112.6952,-7.3828],[112.6941,-7.3822],[112.6931,-7.3819],[112.6932,-7.3803],[112.693,-7.3793],[112.6921,-7.3785],[112.6918,-7.3775],[112.6913,-7.3766],[112.6904,-7.3759],[112.6911,-7.3743],[112.6919,-7.3728],[112.6925,-7.3719],[112.6932,-7.3707],[112.6941,-7.3701],[112.6952,-7.3701],[112.6972,-7.3702],[112.6988,-7.3699],[112.7005,-7.3693],[112.7014,-7.3687],[112.7027,-7.3678],[112.7034,-7.3669],[112.7046,-7.3673],[112.7052,-7.3693],[112.7047,-7.3709],[112.7045,-7.372],[112.7049,-7.373],[112.7047,-7.3741],[112.7042,-7.3759],[112.7039,-7.3772],[112.7041,-7.3776]]]]}},{"type":"Feature","properties":{"level":"village","regency":"Sidoarjo","district":"Sidoarjo","village":"Suko"},"geometry":{"type":"MultiPolygon","coordinates":[[[[112.6716,-7.4406],[112.6733,-7.441],[112.6744,-7.4412],[112.6757,-7.4415],[112.6773,-7.4419],[112.6783,-7.4407],[112.6793,-7.4409],[112.6804,-7.441],[112.6823,-7.4414],[112.6827,-7.4424],[112.6825,-7.4436],[112.6821,-7.4445],[112.683,-7.445],[112.6841,-7.4452],[112.6851,-7.4456],[112.6862,-7.446],[112.6872,-7.4463],[112.6882,-7.4468],[112.6878,-7.4478],[112.6879,-7.4489],[112.6876,-7.45],[112.6885,-7.4505],[112.6888,-7.4516],[112.6877,-7.4517],[112.6874,-7.4527],[112.6871,-7.4538],[112.6863,-7.4546],[112.6853,-7.4545],[112.6841,-7.4556],[112.6831,-7.4552],[112.6826,-7.4562],[112.6816,-7.4559],[112.6807,-7.4552],[112.6794,-7.4549],[112.6783,-7.4547],[112.6772,-7.4552],[112.6765,-7.4545],[112.6767,-7.4534],[112.6759,-7.4527],[112.6762,-7.4512],[112.6766,-7.4502],[112.6769,-7.4492],[112.6773,-7.4482],[112.6765,-7.4474],[112.6755,-7.4472],[112.6745,-7.4469],[112.6735,-7.4466],[112.6725,-7.4467],[112.6716,-7.4473],[112.6706,-7.447],[112.6705,-7.4447],[112.6706,-7.4432],[112.6711,-7.4405],[112.6716,-7.4406]]]]}},{"type":"Feature","properties":{"level":"village","regency":"Surabaya","district":"Suko Manunggal","village":"Suko Manunggal"},"geometry":{"type":"MultiPolygon","coordinates":[[[[112.7023,-7.255],[112.702,-7.2572],[112.7019,-7.2586],[112.7017,-7.2601],[112.7016,-7.2616],[112.7014,-7.2628],[112.7012,-7.2649],[112.701,-7.2664],[112.7008,-7.2674],[112.7005,-7.2687],[112.7003,-7.27],[112.7002,-7.2711],[112.7002,-7.2723],[112.7,-7.2742],[112.699,-7.2741],[112.698,-7.2747],[112.6963,-7.2744],[112.6953,-7.2752],[112.6944,-7.2766],[112.6938,-7.2784],[112.6924,-7.2782],[112.6911,-7.2781],[112.6899,-7.2778],[112.689,-7.2786],[112.689,-7.2775],[112.6899,-7.2768],[112.691,-7.276],[112.6919,-7.2754],[112.6927,-7.2746],[112.6929,-7.2735],[112.6931,-7.2719],[112.6932,-7.2709],[112.6934,-7.2699],[112.6956,-7.2692],[112.6958,-7.2674],[112.6959,-7.2661],[112.6947,-7.2649],[112.6946,-7.2639],[112.695,-7.2627],[112.6941,-7.2622],[112.6933,-7.2614],[112.6934,-7.26],[112.6939,-7.2585],[112.6945,-7.2568],[112.696,-7.2557],[112.6949,-7.2555],[112.6951,-7.2542],[112.6938,-7.2531],[112.6927,-7.253],[112.6923,-7.2516],[112.6937,-7.2508],[112.6952,-7.2497],[112.6952,-7.2486],[112.6957,-7.2495],[112.6967,-7.2499],[112.6973,-7.2509],[112.6984,-7.2513],[112.6988,-7.2504],[112.6987,-7.2494],[112.6998,-7.2493],[112.7008,-7.2489],[112.7011,-7.2499],[112.7002,-7.2504],[112.7005,-7.2515],[112.7009,-7.2525],[112.7012,-7.2535],[112.7022,-7.2537],[112.7023,-7.2548],[112.7023,-7.255]]]]}},{"type":"Feature","properties":{"level":"village","regency":"Sidoarjo","district":"Sukodono","village":"Sukodono"},"geometry":{"type":"MultiPolygon","coordinates":[[[[112.6819,-7.3858],[112.6816,-7.3872],[112.6813,-7.3882],[112.6824,-7.3884],[112.682,-7.3928],[112.6811,-7.3933],[112.6806,-7.3943],[112.6802,-7.3953],[112.68,-7.3965],[112.6807,-7.3972],[112.6809,-7.3984],[112.6806,-7.4006],[112.6805,-7.4018],[112.6795,-7.4018],[112.6779,-7.4016],[112.6766,-7.4015],[112.676,-7.4026],[112.6751,-7.4031],[112.6736,-7.4032],[112.6724,-7.4031],[112.6714,-7.4029],[112.6714,-7.4018],[112.6713,-7.4007],[112.6702,-7.4002],[112.6706,-7.3985],[112.669,-7.3978],[112.6676,-7.3972],[112.6678,-7.3962],[112.6678,-7.3951],[112.668,-7.3939],[112.6677,-7.3926],[112.6676,-7.3916],[112.668,-7.3906],[112.6691,-7.3915],[112.67,-7.3919],[112.6705,-7.391],[112.6711,-7.3899],[112.6717,-7.3888],[112.6723,-7.3877],[112.6721,-7.3861],[112.6733,-7.3862],[112.675,-7.3858],[112.6762,-7.3856],[112.6772,-7.386],[112.6782,-7.3864],[112.6795,-7.3865],[112.6802,-7.3855],[112.6815,-7.3857],[112.6819,-7.3858]]],[[[112.7018,-7.4156],[112.7029,-7.4156],[112.703,-7.4167],[112.7018,-7.4171],[112.7008,-7.4166],[112.7001,-7.4156],[112.6989,-7.4152],[112.6982,-7.4144],[112.6971,-7.4136],[112.696,-7.4133],[112.6952,-7.4126],[112.6953,-7.4106],[112.6965,-7.4108],[112.6983,-7.4111],[112.6998,-7.411],[112.6996,-7.4123],[112.6993,-7.414],[112.7001,-7.4151],[112.7012,-7.4154],[112.7018,-7.4156]]]]}},{"type":"Feature","properties":{"level":"village","regency":"Surabaya","district":"Bulak","village":"Sukolilo Baru"},"geometry":{"type":"MultiPolygon","coordinates":[[[[112.7966,-7.2387],[112.7972,-7.2399],[112.7986,-7.2402],[112.7993,-7.2417],[112.8009,-7.2423],[112.801,-7.2434],[112.8013,-7.2449],[112.8022,-7.246],[112.8029,-7.2474],[112.8028,-7.2485],[112.8038,-7.2495],[112.8041,-7.2509],[112.8041,-7.2519],[112.8057,-7.2519],[112.8068,-7.2518],[112.8069,-7.2529],[112.8064,-7.2539],[112.8065,-7.2553],[112.8047,-7.2555],[112.8036,-7.2553],[112.8019,-7.2548],[112.8,-7.2542],[112.7986,-7.2538],[112.7976,-7.2535],[112.7959,-7.2529],[112.7946,-7.2527],[112.7934,-7.2523],[112.7926,-7.2515],[112.7927,-7.2503],[112.7928,-7.2492],[112.7923,-7.2481],[112.7906,-7.248],[112.7893,-7.2478],[112.7874,-7.2476],[112.786,-7.2475],[112.7841,-7.2474],[112.7828,-7.2473],[112.783,-7.2458],[112.7832,-7.2442],[112.7835,-7.2428],[112.7836,-7.2413],[112.7835,-7.2395],[112.7834,-7.238],[112.7837,-7.2367],[112.784,-7.2351],[112.785,-7.235],[112.7873,-7.2349],[112.7891,-7.2348],[112.7895,-7.2361],[112.7894,-7.2375],[112.791,-7.2376],[112.7932,-7.2378],[112.7932,-7.239],[112.7931,-7.2402],[112.7948,-7.2411],[112.7959,-7.2412],[112.7963,-7.2422],[112.797,-7.2415],[112.7966,-7.2406],[112.7965,-7.2395],[112.7966,-7.2387]],[[112.7961,-7.248],[112.7965,-7.2491],[112.7968,-7.2478],[112.7961,-7.248]]]]}},{"type":"Feature","properties":{"level":"village","regency":"Sidoarjo","district":"Buduran","village":"Sukorejo"},"geometry":{"type":"MultiPolygon","coordinates":[[[[112.7231,-7.4227],[112.7224,-7.4238],[112.7214,-7.4245],[112.7208,-7.4255],[112.7203,-7.4266],[112.7199,-7.4279],[112.7187,-7.4276],[112.7169,-7.4275],[112.716,-7.4269],[112.7154,-7.4259],[112.7147,-7.4251],[112.7134,-7.4245],[112.7123,-7.424],[112.7113,-7.4234],[112.7119,-7.422],[112.712,-7.4209],[112.7127,-7.4173],[112.714,-7.4177],[112.7153,-7.4172],[112.7163,-7.4175],[112.7173,-7.4176],[112.7172,-7.4187],[112.7182,-7.4191],[112.7191,-7.4195],[112.7201,-7.4198],[112.721,-7.4205],[112.722,-7.4211],[112.7223,-7.4223],[112.7231,-7.4227]]]]}},{"type":"Feature","properties":{"level":"village","regency":"Sidoarjo","district":"Wonoayu","village":"Sumberejo"},"geometry":{"type":"MultiPolygon","coordinates":[[[[112.6569,-7.4346],[112.6587,-7.4354],[112.6598,-7.4359],[112.6597,-7.4369],[112.6601,-7.4379],[112.6608,-7.4387],[112.6642,-7.4406],[112.6666,-7.4414],[112.6679,-7.4418],[112.6689,-7.4422],[112.6707,-7.4428],[112.6704,-7.4447],[112.6703,-7.4465],[112.6695,-7.4457],[112.6686,-7.4451],[112.6676,-7.4448],[112.6666,-7.4442],[112.6653,-7.4438],[112.6641,-7.4437],[112.6629,-7.4436],[112.6621,-7.4429],[112.6612,-7.4422],[112.6601,-7.4421],[112.6591,-7.4422],[112.658,-7.4427],[112.657,-7.4427],[112.6557,-7.4428],[112.6547,-7.4432],[112.6535,-7.443],[112.6526,-7.4425],[112.6508,-7.4421],[112.6511,-7.4409],[112.652,-7.4402],[112.6524,-7.4393],[112.6516,-7.4386],[112.6512,-7.4374],[112.6508,-7.4363],[112.651,-7.4351],[112.6515,-7.4342],[112.6528,-7.4344],[112.6543,-7.4346],[112.6553,-7.4348],[112.6568,-7.4351],[112.6569,-7.4346]]]]}},{"type":"Feature","properties":{"level":"village","regency":"Surabaya","district":"Pakal","village":"Sumberrejo"},"geometry":{"type":"MultiPolygon","coordinates":[[[[112.6103,-7.2087],[112.6134,-7.209],[112.6161,-7.2083],[112.6187,-7.2071],[112.6197,-7.2066],[112.6209,-7.2061],[112.6242,-7.2041],[112.6257,-7.2033],[112.6253,-7.2056],[112.625,-7.2067],[112.6257,-7.2079],[112.6256,-7.2091],[112.6256,-7.2103],[112.6256,-7.2114],[112.627,-7.212],[112.628,-7.2124],[112.6281,-7.2136],[112.6277,-7.2148],[112.6272,-7.2157],[112.627,-7.2169],[112.627,-7.2181],[112.6268,-7.2192],[112.6252,-7.2187],[112.624,-7.2185],[112.623,-7.2184],[112.6213,-7.218],[112.6201,-7.218],[112.619,-7.2179],[112.6184,-7.2198],[112.618,-7.2213],[112.6175,-7.223],[112.6172,-7.2242],[112.6167,-7.2256],[112.6163,-7.2267],[112.6151,-7.2266],[112.614,-7.2264],[112.6133,-7.2273],[112.6129,-7.2285],[112.6111,-7.2281],[112.6107,-7.2293],[112.6099,-7.2304],[112.6089,-7.231],[112.6083,-7.2319],[112.6062,-7.2329],[112.6046,-7.2328],[112.6037,-7.2323],[112.6018,-7.2308],[112.6005,-7.2302],[112.5998,-7.2294],[112.5986,-7.229],[112.5978,-7.2284],[112.5987,-7.2277],[112.5984,-7.2266],[112.5975,-7.2258],[112.5972,-7.2239],[112.5962,-7.2234],[112.5948,-7.2233],[112.5936,-7.2234],[112.5926,-7.2237],[112.5916,-7.2232],[112.5916,-7.222],[112.5923,-7.2208],[112.5922,-7.2195],[112.592,-7.2178],[112.5922,-7.2168],[112.5927,-7.2159],[112.5936,-7.2153],[112.5946,-7.2172],[112.5952,-7.2187],[112.5956,-7.22],[112.5962,-7.2211],[112.597,-7.2219],[112.5978,-7.2202],[112.5977,-7.2191],[112.5992,-7.2183],[112.6004,-7.2178],[112.6007,-7.2168],[112.5997,-7.216],[112.5986,-7.2156],[112.5975,-7.2158],[112.5965,-7.2164],[112.5955,-7.2153],[112.5947,-7.2147],[112.5957,-7.2138],[112.5966,-7.2131],[112.5977,-7.2125],[112.596,-7.2102],[112.5949,-7.2091],[112.5945,-7.208],[112.5923,-7.2071],[112.5922,-7.2045],[112.5927,-7.2023],[112.5962,-7.2025],[112.5992,-7.2032],[112.6015,-7.2042],[112.6041,-7.2055],[112.6061,-7.2066],[112.6103,-7.2087]]]]}},{"type":"Feature","properties":{"level":"village","regency":"Sidoarjo","district":"Candi","village":"Sumokali"},"geometry":{"type":"MultiPolygon","coordinates":[[[[112.7035,-7.4664],[112.7053,-7.4665],[112.7055,-7.4675],[112.7054,-7.4686],[112.705,-7.4697],[112.7045,-7.4707],[112.704,-7.4718],[112.704,-7.4729],[112.7029,-7.473],[112.7018,-7.4729],[112.7008,-7.4729],[112.6997,-7.4728],[112.6986,-7.4725],[112.6973,-7.4723],[112.6962,-7.4721],[112.695,-7.4716],[112.6939,-7.4714],[112.6924,-7.4711],[112.6911,-7.4704],[112.6897,-7.4698],[112.6886,-7.4697],[112.6873,-7.4698],[112.6863,-7.4699],[112.6867,-7.4682],[112.687,-7.4671],[112.6883,-7.467],[112.6893,-7.4668],[112.6902,-7.4663],[112.6913,-7.4661],[112.6922,-7.4657],[112.6932,-7.466],[112.6942,-7.465],[112.6952,-7.4652],[112.6962,-7.4648],[112.6971,-7.4644],[112.6982,-7.4647],[112.6992,-7.4654],[112.7004,-7.4659],[112.7019,-7.4663],[112.7033,-7.4664],[112.7035,-7.4664]]]]}},{"type":"Feature","properties":{"level":"village","regency":"Sidoarjo","district":"Balong Bendo","village":"Sumokembangsri"},"geometry":{"type":"MultiPolygon","coordinates":[[[[112.5019,-7.4232],[112.503,-7.4235],[112.5041,-7.4239],[112.5057,-7.4241],[112.5067,-7.4243],[112.5078,-7.4246],[112.509,-7.4245],[112.51,-7.4249],[112.511,-7.4247],[112.5111,-7.4259],[112.5109,-7.4288],[112.5105,-7.4314],[112.5102,-7.4334],[112.5097,-7.4365],[112.5093,-7.4391],[112.5071,-7.4385],[112.5054,-7.4382],[112.5041,-7.4379],[112.503,-7.4377],[112.5032,-7.4356],[112.5023,-7.435],[112.5008,-7.4342],[112.4996,-7.4338],[112.4981,-7.434],[112.4969,-7.4341],[112.4935,-7.4336],[112.4936,-7.4325],[112.4939,-7.4311],[112.4919,-7.4301],[112.492,-7.429],[112.4922,-7.4278],[112.4925,-7.4266],[112.4941,-7.426],[112.4953,-7.4258],[112.4956,-7.4244],[112.4957,-7.4229],[112.4973,-7.4229],[112.4985,-7.423],[112.4996,-7.4231],[112.5006,-7.4232],[112.5018,-7.4232],[112.5019,-7.4232]]]]}},{"type":"Feature","properties":{"level":"village","regency":"Sidoarjo","district":"Candi","village":"Sumorame"},"geometry":{"type":"MultiPolygon","coordinates":[[[[112.7046,-7.4865],[112.7047,-7.4876],[112.7044,-7.4887],[112.7044,-7.4907],[112.7053,-7.4895],[112.707,-7.4901],[112.708,-7.4905],[112.7092,-7.491],[112.7101,-7.4916],[112.711,-7.492],[112.712,-7.4921],[112.7129,-7.4927],[112.7126,-7.4938],[112.7124,-7.4949],[112.7122,-7.4959],[112.7114,-7.4992],[112.71,-7.4984],[112.7087,-7.4981],[112.7077,-7.4976],[112.7065,-7.4972],[112.705,-7.4967],[112.704,-7.4963],[112.7028,-7.4959],[112.7012,-7.495],[112.7002,-7.4944],[112.6997,-7.4935],[112.6989,-7.4928],[112.6994,-7.491],[112.6998,-7.4897],[112.7002,-7.4881],[112.7006,-7.4867],[112.701,-7.4849],[112.702,-7.4854],[112.703,-7.4859],[112.7039,-7.4864],[112.7046,-7.4865]]]]}},{"type":"Feature","properties":{"level":"village","regency":"Sidoarjo","district":"Sidoarjo","village":"Sumput"},"geometry":{"type":"MultiPolygon","coordinates":[[[[112.6915,-7.4281],[112.6922,-7.4302],[112.6932,-7.4303],[112.6947,-7.4305],[112.6944,-7.4318],[112.6942,-7.4329],[112.6937,-7.435],[112.6934,-7.4363],[112.6929,-7.4384],[112.6915,-7.4383],[112.6904,-7.438],[112.6891,-7.4377],[112.6878,-7.4375],[112.6868,-7.4373],[112.6856,-7.4373],[112.6847,-7.4378],[112.6836,-7.4378],[112.6826,-7.4378],[112.6824,-7.4367],[112.6823,-7.4356],[112.6818,-7.4343],[112.6814,-7.4333],[112.6824,-7.433],[112.6833,-7.4325],[112.6838,-7.4307],[112.6843,-7.4292],[112.6853,-7.4298],[112.686,-7.4287],[112.6867,-7.4274],[112.6879,-7.4275],[112.6901,-7.4278],[112.6915,-7.4281]]]]}},{"type":"Feature","properties":{"level":"village","regency":"Surabaya","district":"Lakarsantri","village":"Sumur Welut"},"geometry":{"type":"MultiPolygon","coordinates":[[[[112.6716,-7.3175],[112.6732,-7.3178],[112.6744,-7.318],[112.6755,-7.3183],[112.6773,-7.3188],[112.6784,-7.3191],[112.6794,-7.3237],[112.6795,-7.3248],[112.6794,-7.3273],[112.6793,-7.3288],[112.6786,-7.3296],[112.6776,-7.3302],[112.6764,-7.3303],[112.6759,-7.3312],[112.6751,-7.3329],[112.6746,-7.3342],[112.6735,-7.3341],[112.6724,-7.334],[112.6717,-7.3348],[112.6718,-7.336],[112.6708,-7.3366],[112.6696,-7.3357],[112.6685,-7.3352],[112.6673,-7.335],[112.6669,-7.3341],[112.6665,-7.3331],[112.6662,-7.332],[112.6651,-7.3321],[112.6641,-7.3327],[112.6646,-7.3311],[112.6649,-7.33],[112.665,-7.3285],[112.6651,-7.3269],[112.6654,-7.3248],[112.6659,-7.3239],[112.6661,-7.3229],[112.6666,-7.322],[112.6668,-7.3204],[112.667,-7.3193],[112.6671,-7.3179],[112.6673,-7.3169],[112.669,-7.3171],[112.6701,-7.3173],[112.6713,-7.3175],[112.6716,-7.3175]]]]}},{"type":"Feature","properties":{"level":"village","regency":"Sidoarjo","district":"Sukodono","village":"Suruh"},"geometry":{"type":"MultiPolygon","coordinates":[[[[112.6809,-7.402],[112.6822,-7.402],[112.6833,-7.4021],[112.6844,-7.4021],[112.6862,-7.4021],[112.6872,-7.4025],[112.6875,-7.4035],[112.6899,-7.4041],[112.6896,-7.4061],[112.6893,-7.407],[112.6878,-7.4092],[112.6871,-7.41],[112.6864,-7.4108],[112.6855,-7.4114],[112.6843,-7.4109],[112.6832,-7.4108],[112.6821,-7.4106],[112.6811,-7.4104],[112.6799,-7.4102],[112.6787,-7.4099],[112.6777,-7.4096],[112.6766,-7.409],[112.6761,-7.408],[112.6759,-7.4068],[112.6751,-7.4055],[112.6762,-7.4049],[112.6763,-7.4033],[112.6761,-7.4022],[112.6775,-7.4016],[112.6785,-7.4017],[112.6795,-7.4018],[112.6806,-7.4019],[112.6809,-7.402]]]]}},{"type":"Feature","properties":{"level":"village","regency":"Sidoarjo","district":"Balong Bendo","village":"Suwaluh"},"geometry":{"type":"MultiPolygon","coordinates":[[[[112.5407,-7.4124],[112.5418,-7.4128],[112.5429,-7.4125],[112.5441,-7.4127],[112.545,-7.4133],[112.5444,-7.4143],[112.5449,-7.4155],[112.5451,-7.4171],[112.5455,-7.419],[112.5458,-7.42],[112.5459,-7.4217],[112.5458,-7.4236],[112.5457,-7.4247],[112.5456,-7.4257],[112.5455,-7.4269],[112.5453,-7.4279],[112.5441,-7.4276],[112.5433,-7.4269],[112.5421,-7.4268],[112.5411,-7.4266],[112.54,-7.4267],[112.5389,-7.4266],[112.5379,-7.4268],[112.5368,-7.4266],[112.5367,-7.4255],[112.536,-7.4247],[112.5375,-7.4241],[112.5383,-7.4235],[112.5385,-7.4225],[112.5386,-7.4213],[112.5387,-7.4202],[112.5388,-7.4192],[112.539,-7.4182],[112.5391,-7.4172],[112.5391,-7.4162],[112.539,-7.4149],[112.5384,-7.4138],[112.5379,-7.4129],[112.5389,-7.4122],[112.5401,-7.4123],[112.5407,-7.4124]]]]}},{"type":"Feature","properties":{"level":"village","regency":"Sidoarjo","district":"Taman","village":"Taman"},"geometry":{"type":"MultiPolygon","coordinates":[[[[112.7038,-7.3491],[112.7041,-7.3503],[112.7042,-7.3514],[112.7043,-7.3525],[112.7039,-7.3535],[112.7037,-7.3546],[112.7027,-7.355],[112.7014,-7.3552],[112.7005,-7.3557],[112.6999,-7.3569],[112.6989,-7.3567],[112.698,-7.3572],[112.697,-7.3573],[112.6961,-7.3579],[112.6951,-7.3582],[112.6941,-7.3587],[112.6933,-7.357],[112.6925,-7.3558],[112.6925,-7.3546],[112.6932,-7.3537],[112.6942,-7.3535],[112.6952,-7.3529],[112.696,-7.3521],[112.6962,-7.3508],[112.6971,-7.3501],[112.698,-7.3495],[112.6991,-7.3487],[112.7,-7.3482],[112.7014,-7.348],[112.7021,-7.3487],[112.7031,-7.3489],[112.7038,-7.3491]]]]}},{"type":"Feature","properties":{"level":"village","regency":"Sidoarjo","district":"Sedati","village":"Tambak Cemandi"},"geometry":{"type":"MultiPolygon","coordinates":[[[[112.8358,-7.3847],[112.8364,-7.3857],[112.8367,-7.3883],[112.8363,-7.3906],[112.8358,-7.3927],[112.8354,-7.3959],[112.8351,-7.3986],[112.8347,-7.4013],[112.8344,-7.4029],[112.8337,-7.4039],[112.8326,-7.4051],[112.8316,-7.4052],[112.8306,-7.4055],[112.8296,-7.4057],[112.8286,-7.4058],[112.8276,-7.4058],[112.8266,-7.4059],[112.8256,-7.4061],[112.8246,-7.4062],[112.8236,-7.4062],[112.8226,-7.4061],[112.8216,-7.4065],[112.8205,-7.4067],[112.819,-7.4068],[112.8176,-7.4068],[112.8169,-7.4075],[112.8162,-7.4085],[112.815,-7.408],[112.814,-7.4078],[112.8129,-7.4071],[112.8118,-7.4064],[112.8108,-7.4057],[112.8091,-7.4047],[112.8079,-7.4043],[112.8071,-7.4036],[112.8063,-7.4029],[112.8055,-7.4023],[112.8069,-7.403],[112.8073,-7.4017],[112.8075,-7.4006],[112.8075,-7.3985],[112.8074,-7.3973],[112.8072,-7.3953],[112.8071,-7.3938],[112.8071,-7.3923],[112.8069,-7.3913],[112.8077,-7.3906],[112.8078,-7.3893],[112.8092,-7.3887],[112.8103,-7.3886],[112.8115,-7.3881],[112.8125,-7.3876],[112.8135,-7.3872],[112.8144,-7.3867],[112.8153,-7.3861],[112.8162,-7.3855],[112.8171,-7.3851],[112.8181,-7.385],[112.8191,-7.3849],[112.8201,-7.3848],[112.8211,-7.3848],[112.8221,-7.3848],[112.8231,-7.3848],[112.8241,-7.3846],[112.8251,-7.3845],[112.8262,-7.3845],[112.8272,-7.3844],[112.8282,-7.3842],[112.8292,-7.384],[112.8303,-7.3839],[112.8313,-7.3837],[112.8324,-7.3836],[112.8347,-7.3841],[112.8358,-7.3847]]]]}},{"type":"Feature","properties":{"level":"village","regency":"Sidoarjo","district":"Jabon","village":"Tambak Kalisogo"},"geometry":{"type":"MultiPolygon","coordinates":[[[[112.8157,-7.5368],[112.8167,-7.5363],[112.8178,-7.5357],[112.819,-7.5348],[112.8194,-7.5357],[112.8199,-7.5371],[112.8198,-7.5386],[112.8192,-7.5399],[112.8189,-7.5409],[112.8191,-7.5419],[112.8188,-7.5433],[112.8182,-7.5447],[112.8175,-7.5461],[112.8167,-7.5478],[112.8158,-7.5485],[112.8139,-7.5494],[112.8129,-7.5497],[112.8121,-7.5505],[112.8115,-7.5519],[112.8109,-7.5533],[112.8101,-7.5554],[112.8085,-7.555],[112.8072,-7.555],[112.8061,-7.5552],[112.8052,-7.556],[112.8049,-7.5571],[112.8051,-7.5584],[112.8048,-7.5594],[112.8037,-7.5593],[112.8027,-7.559],[112.802,-7.56],[112.8016,-7.5616],[112.8003,-7.5621],[112.7997,-7.5606],[112.7984,-7.5608],[112.7976,-7.5616],[112.7965,-7.5617],[112.7952,-7.5619],[112.7935,-7.5622],[112.7926,-7.5629],[112.7914,-7.5638],[112.7905,-7.5644],[112.7891,-7.5638],[112.788,-7.5642],[112.7871,-7.5635],[112.7862,-7.563],[112.7847,-7.5628],[112.7839,-7.5642],[112.7828,-7.5647],[112.7822,-7.5657],[112.7802,-7.5665],[112.7793,-7.5672],[112.778,-7.5683],[112.7774,-7.5702],[112.7767,-7.5713],[112.7769,-7.5724],[112.7757,-7.5723],[112.7754,-7.5696],[112.7749,-7.5679],[112.7745,-7.566],[112.773,-7.5607],[112.7725,-7.5598],[112.772,-7.5582],[112.7714,-7.5555],[112.7711,-7.554],[112.7702,-7.5533],[112.7692,-7.5524],[112.7685,-7.5517],[112.7682,-7.5506],[112.7685,-7.5496],[112.7683,-7.5482],[112.7677,-7.5471],[112.7667,-7.5463],[112.7658,-7.5458],[112.7649,-7.5454],[112.7636,-7.545],[112.7627,-7.5446],[112.7614,-7.544],[112.7602,-7.5437],[112.759,-7.5437],[112.7579,-7.5438],[112.7572,-7.5448],[112.7571,-7.5459],[112.7558,-7.5457],[112.7544,-7.5459],[112.7533,-7.546],[112.7521,-7.546],[112.7513,-7.5452],[112.7508,-7.5441],[112.7497,-7.5437],[112.7486,-7.5427],[112.7474,-7.5423],[112.7469,-7.5413],[112.7483,-7.541],[112.7499,-7.5408],[112.7512,-7.5407],[112.7525,-7.5406],[112.7542,-7.5403],[112.7553,-7.5404],[112.7563,-7.5405],[112.7579,-7.5407],[112.759,-7.5408],[112.7627,-7.5413],[112.765,-7.5416],[112.7667,-7.5418],[112.7683,-7.5418],[112.7698,-7.5416],[112.7711,-7.5414],[112.772,-7.541],[112.7725,-7.5399],[112.772,-7.5383],[112.7717,-7.5371],[112.7727,-7.5339],[112.7733,-7.5329],[112.7743,-7.5326],[112.7754,-7.5329],[112.7767,-7.5332],[112.7777,-7.5326],[112.7789,-7.5327],[112.7794,-7.5336],[112.7812,-7.534],[112.7827,-7.5338],[112.7835,-7.5331],[112.7843,-7.5324],[112.7856,-7.5327],[112.7865,-7.5336],[112.7877,-7.5344],[112.7891,-7.5351],[112.7911,-7.5358],[112.7925,-7.536],[112.7947,-7.5361],[112.7958,-7.5361],[112.7968,-7.5362],[112.7979,-7.5358],[112.7992,-7.536],[112.8016,-7.5366],[112.8029,-7.5369],[112.8041,-7.5375],[112.8055,-7.5379],[112.8065,-7.5381],[112.8079,-7.5383],[112.8101,-7.5385],[112.8115,-7.5385],[112.8125,-7.5383],[112.8136,-7.5378],[112.8151,-7.537],[112.8157,-7.5368]]]]}},{"type":"Feature","properties":{"level":"village","regency":"Sidoarjo","district":"Krian","village":"Tambak Kemerakan"},"geometry":{"type":"MultiPolygon","coordinates":[[[[112.5867,-7.4008],[112.5862,-7.4018],[112.587,-7.4027],[112.5881,-7.403],[112.5877,-7.4043],[112.5886,-7.405],[112.5887,-7.4063],[112.5889,-7.4074],[112.588,-7.408],[112.587,-7.4085],[112.5857,-7.4086],[112.5847,-7.4087],[112.5838,-7.4091],[112.5822,-7.4082],[112.582,-7.4072],[112.5815,-7.4063],[112.5811,-7.4052],[112.5802,-7.4035],[112.5794,-7.4025],[112.5787,-7.4008],[112.5788,-7.3998],[112.5793,-7.3986],[112.5792,-7.3976],[112.5796,-7.3965],[112.5803,-7.3956],[112.581,-7.3946],[112.5822,-7.3945],[112.5832,-7.3944],[112.5836,-7.3958],[112.5839,-7.3971],[112.5841,-7.3982],[112.5844,-7.3994],[112.5847,-7.4005],[112.5859,-7.4007],[112.5867,-7.4008]]]]}},{"type":"Feature","properties":{"level":"village","regency":"Sidoarjo","district":"Waru","village":"Tambak Oso"},"geometry":{"type":"MultiPolygon","coordinates":[[[[112.8266,-7.3433],[112.8271,-7.3444],[112.8269,-7.3455],[112.8268,-7.3468],[112.8268,-7.3478],[112.827,-7.3488],[112.8273,-7.3498],[112.8276,-7.351],[112.8276,-7.3521],[112.8273,-7.3531],[112.8269,-7.3541],[112.8264,-7.355],[112.8259,-7.3559],[112.8255,-7.3568],[112.8252,-7.3578],[112.825,-7.3588],[112.8247,-7.3598],[112.8241,-7.3607],[112.823,-7.3613],[112.8218,-7.3609],[112.821,-7.3602],[112.8187,-7.3581],[112.8177,-7.3577],[112.8163,-7.3581],[112.8154,-7.3587],[112.8147,-7.3599],[112.8155,-7.3616],[112.8159,-7.3626],[112.8154,-7.3636],[112.8134,-7.3645],[112.812,-7.3652],[112.8111,-7.3657],[112.8101,-7.3662],[112.8091,-7.3663],[112.8081,-7.366],[112.8072,-7.3654],[112.8062,-7.3649],[112.8075,-7.3646],[112.8084,-7.364],[112.8074,-7.3631],[112.8066,-7.3625],[112.8058,-7.3618],[112.8052,-7.361],[112.8038,-7.361],[112.8032,-7.3601],[112.8022,-7.3597],[112.8009,-7.3599],[112.7998,-7.3591],[112.7988,-7.3589],[112.7977,-7.3591],[112.7979,-7.358],[112.7978,-7.3569],[112.7967,-7.3566],[112.7966,-7.3551],[112.7974,-7.3539],[112.797,-7.3527],[112.7981,-7.3504],[112.7968,-7.3495],[112.7984,-7.3497],[112.7985,-7.348],[112.7986,-7.3466],[112.7976,-7.3465],[112.7976,-7.3453],[112.7985,-7.3449],[112.7994,-7.3454],[112.8004,-7.3453],[112.8014,-7.3453],[112.8024,-7.3456],[112.8034,-7.3455],[112.8044,-7.3457],[112.8058,-7.346],[112.8068,-7.3457],[112.8078,-7.3457],[112.8098,-7.346],[112.8108,-7.3462],[112.812,-7.3463],[112.8133,-7.3462],[112.8143,-7.3458],[112.8151,-7.3452],[112.816,-7.3448],[112.8169,-7.3443],[112.8181,-7.3438],[112.8191,-7.3435],[112.8201,-7.3434],[112.8211,-7.3433],[112.8222,-7.3434],[112.8232,-7.3435],[112.8242,-7.3435],[112.8252,-7.3434],[112.8263,-7.3432],[112.8266,-7.3433]]]]}},{"type":"Feature","properties":{"level":"village","regency":"Surabaya","district":"Benowo","village":"Tambak Oso Wilangon"},"geometry":{"type":"MultiPolygon","coordinates":[[[[112.6614,-7.2],[112.6634,-7.1998],[112.6649,-7.1983],[112.6639,-7.2001],[112.6639,-7.2012],[112.6621,-7.2017],[112.6623,-7.2034],[112.661,-7.2035],[112.6608,-7.2047],[112.6605,-7.2057],[112.6602,-7.2066],[112.66,-7.2077],[112.661,-7.2077],[112.6621,-7.2085],[112.6627,-7.2097],[112.6677,-7.2046],[112.6674,-7.2027],[112.6702,-7.2],[112.6712,-7.2008],[112.672,-7.2],[112.6735,-7.1982],[112.6764,-7.1951],[112.6755,-7.1946],[112.6751,-7.1935],[112.6752,-7.1925],[112.6759,-7.1913],[112.677,-7.1909],[112.6781,-7.1904],[112.6791,-7.1919],[112.6803,-7.1925],[112.6817,-7.1937],[112.6824,-7.195],[112.6827,-7.1965],[112.6814,-7.1984],[112.6804,-7.1992],[112.6777,-7.1971],[112.6767,-7.1963],[112.6739,-7.1989],[112.6693,-7.2037],[112.6701,-7.2048],[112.6692,-7.2057],[112.6679,-7.2049],[112.6629,-7.21],[112.6634,-7.2109],[112.6638,-7.2121],[112.6644,-7.2129],[112.6651,-7.2139],[112.6657,-7.2149],[112.6663,-7.2158],[112.6661,-7.2169],[112.6674,-7.2166],[112.6685,-7.2182],[112.669,-7.2193],[112.6684,-7.2201],[112.6676,-7.2208],[112.6671,-7.2217],[112.6664,-7.2225],[112.6654,-7.2227],[112.6645,-7.2222],[112.6638,-7.2229],[112.6641,-7.224],[112.6637,-7.225],[112.6639,-7.2262],[112.6638,-7.2274],[112.6629,-7.228],[112.6617,-7.2282],[112.6613,-7.2296],[112.662,-7.2307],[112.6627,-7.2316],[112.6626,-7.2327],[112.6622,-7.2336],[112.6628,-7.2345],[112.6625,-7.2355],[112.6615,-7.2357],[112.6604,-7.2359],[112.6605,-7.2369],[112.6596,-7.2374],[112.6592,-7.2383],[112.6585,-7.239],[112.6576,-7.2386],[112.6573,-7.2376],[112.6565,-7.237],[112.6562,-7.236],[112.6554,-7.2353],[112.6546,-7.2346],[112.6537,-7.2341],[112.6527,-7.2342],[112.6517,-7.2344],[112.6505,-7.2342],[112.6495,-7.2345],[112.6482,-7.2349],[112.6471,-7.2345],[112.6456,-7.234],[112.644,-7.2338],[112.6434,-7.2327],[112.6435,-7.2317],[112.6442,-7.2305],[112.6448,-7.2297],[112.6453,-7.228],[112.646,-7.2269],[112.6445,-7.2261],[112.6434,-7.225],[112.6425,-7.2242],[112.6418,-7.2253],[112.6411,-7.2262],[112.64,-7.2264],[112.639,-7.2259],[112.6393,-7.2245],[112.6383,-7.2237],[112.6378,-7.2226],[112.6374,-7.2216],[112.6383,-7.2207],[112.6389,-7.2197],[112.6399,-7.219],[112.641,-7.218],[112.6424,-7.2169],[112.6426,-7.2158],[112.6425,-7.2147],[112.6432,-7.2137],[112.6443,-7.2127],[112.6449,-7.2117],[112.6454,-7.2107],[112.6459,-7.2089],[112.646,-7.2075],[112.646,-7.2057],[112.647,-7.205],[112.6478,-7.2042],[112.6487,-7.2038],[112.6496,-7.2033],[112.6504,-7.2027],[112.6513,-7.202],[112.6525,-7.201],[112.6535,-7.2004],[112.6546,-7.2],[112.6556,-7.1998],[112.6569,-7.1995],[112.6583,-7.1992],[112.6595,-7.1989],[112.6604,-7.1995],[112.6614,-7.2]]]]}},{"type":"Feature","properties":{"level":"village","regency":"Sidoarjo","district":"Waru","village":"Tambak Rejo"},"geometry":{"type":"MultiPolygon","coordinates":[[[[112.7969,-7.3493],[112.7981,-7.3503],[112.7978,-7.3523],[112.7966,-7.3541],[112.7967,-7.3566],[112.7978,-7.3567],[112.7979,-7.358],[112.7977,-7.3591],[112.7988,-7.3589],[112.7998,-7.3591],[112.8008,-7.3591],[112.8014,-7.3601],[112.8024,-7.3597],[112.8035,-7.3602],[112.8044,-7.3607],[112.8055,-7.3615],[112.8066,-7.3625],[112.8081,-7.3634],[112.808,-7.3645],[112.807,-7.3645],[112.806,-7.3648],[112.805,-7.3647],[112.804,-7.3646],[112.803,-7.3644],[112.802,-7.3643],[112.801,-7.3647],[112.8001,-7.3652],[112.7991,-7.3653],[112.7981,-7.3649],[112.7973,-7.3642],[112.7965,-7.3635],[112.7956,-7.363],[112.7946,-7.3628],[112.7936,-7.3627],[112.7925,-7.3626],[112.7916,-7.3621],[112.7908,-7.3615],[112.7898,-7.3612],[112.7888,-7.3616],[112.7878,-7.3619],[112.7869,-7.3614],[112.7862,-7.3607],[112.7852,-7.3606],[112.7842,-7.361],[112.7834,-7.3617],[112.7821,-7.3615],[112.7808,-7.3611],[112.7798,-7.3607],[112.7788,-7.3602],[112.7776,-7.3594],[112.7761,-7.3589],[112.7751,-7.3586],[112.774,-7.3582],[112.7729,-7.3579],[112.7714,-7.3574],[112.7702,-7.3569],[112.7685,-7.3564],[112.7673,-7.356],[112.7658,-7.3555],[112.7662,-7.354],[112.7664,-7.3526],[112.7677,-7.353],[112.7694,-7.3533],[112.7706,-7.3533],[112.7708,-7.3522],[112.7714,-7.3511],[112.7724,-7.3509],[112.7734,-7.3511],[112.7742,-7.3518],[112.7752,-7.3522],[112.7762,-7.3525],[112.7772,-7.3521],[112.7774,-7.3511],[112.7776,-7.3501],[112.7769,-7.3493],[112.7776,-7.3485],[112.7786,-7.3483],[112.7796,-7.3483],[112.7801,-7.3492],[112.7801,-7.3502],[112.7809,-7.351],[112.7817,-7.3494],[112.7819,-7.3481],[112.7827,-7.3474],[112.7842,-7.3478],[112.7854,-7.3481],[112.7865,-7.3481],[112.7879,-7.3482],[112.789,-7.3485],[112.7902,-7.3486],[112.7913,-7.3487],[112.7924,-7.3487],[112.7932,-7.3493],[112.7942,-7.3493],[112.7953,-7.3493],[112.7966,-7.3492],[112.7969,-7.3493]]]]}},{"type":"Feature","properties":{"level":"village","regency":"Surabaya","district":"Asemrowo","village":"Tambak Sarioso"},"geometry":{"type":"MultiPolygon","coordinates":[[[[112.6711,-7.2225],[112.6722,-7.2221],[112.6733,-7.2225],[112.6747,-7.223],[112.676,-7.2237],[112.677,-7.2238],[112.6773,-7.2229],[112.6776,-7.2208],[112.6783,-7.2215],[112.68,-7.2214],[112.6801,-7.2224],[112.6804,-7.2234],[112.6815,-7.2238],[112.6824,-7.2245],[112.6837,-7.2248],[112.6849,-7.2253],[112.686,-7.2255],[112.686,-7.2265],[112.6854,-7.2273],[112.6849,-7.2282],[112.6854,-7.2291],[112.686,-7.2299],[112.6869,-7.2305],[112.6879,-7.2306],[112.6889,-7.231],[112.6893,-7.232],[112.6897,-7.2329],[112.6905,-7.2335],[112.6915,-7.2338],[112.6925,-7.2337],[112.6933,-7.2331],[112.6935,-7.2321],[112.6936,-7.231],[112.6942,-7.2301],[112.6953,-7.23],[112.6963,-7.2302],[112.6961,-7.2312],[112.6956,-7.2321],[112.6949,-7.2329],[112.6947,-7.2339],[112.6956,-7.2344],[112.6966,-7.2343],[112.6974,-7.235],[112.6978,-7.2359],[112.6981,-7.2369],[112.6972,-7.2374],[112.6963,-7.2379],[112.6957,-7.2371],[112.695,-7.2364],[112.6942,-7.2357],[112.6932,-7.2359],[112.6923,-7.2365],[112.6919,-7.2374],[112.6913,-7.2386],[112.6923,-7.2394],[112.6943,-7.2397],[112.6953,-7.2398],[112.6964,-7.2398],[112.6968,-7.241],[112.6979,-7.241],[112.699,-7.241],[112.699,-7.242],[112.6974,-7.2421],[112.6968,-7.2436],[112.6945,-7.2432],[112.6933,-7.243],[112.694,-7.2439],[112.6942,-7.2452],[112.6934,-7.2459],[112.6928,-7.247],[112.694,-7.2476],[112.6953,-7.2477],[112.6954,-7.2489],[112.6941,-7.2505],[112.6926,-7.2515],[112.6921,-7.2527],[112.6912,-7.2531],[112.6881,-7.2526],[112.6869,-7.2527],[112.686,-7.255],[112.6862,-7.2567],[112.6851,-7.257],[112.6838,-7.2565],[112.6823,-7.256],[112.6813,-7.2557],[112.6816,-7.2546],[112.682,-7.2532],[112.6822,-7.2517],[112.6822,-7.25],[112.6804,-7.2497],[112.679,-7.2496],[112.6776,-7.2493],[112.6774,-7.2475],[112.6778,-7.2464],[112.6767,-7.2457],[112.6755,-7.2454],[112.6741,-7.245],[112.6743,-7.2435],[112.6744,-7.2425],[112.675,-7.2416],[112.6752,-7.2404],[112.6753,-7.2393],[112.6754,-7.2382],[112.6745,-7.2377],[112.6735,-7.2375],[112.6724,-7.2375],[112.6711,-7.238],[112.6706,-7.2389],[112.67,-7.2397],[112.6697,-7.2418],[112.6685,-7.2415],[112.6676,-7.2421],[112.6666,-7.2424],[112.6659,-7.2416],[112.6656,-7.2405],[112.6649,-7.2395],[112.664,-7.2389],[112.6628,-7.2388],[112.6618,-7.2384],[112.661,-7.2378],[112.6605,-7.2369],[112.6605,-7.2359],[112.6615,-7.2357],[112.6625,-7.2356],[112.6628,-7.2345],[112.6622,-7.2337],[112.6626,-7.2327],[112.6627,-7.2316],[112.662,-7.2307],[112.6613,-7.2296],[112.6614,-7.2286],[112.6629,-7.228],[112.6638,-7.2274],[112.6639,-7.2262],[112.6637,-7.2252],[112.6641,-7.2242],[112.6637,-7.2232],[112.6642,-7.2223],[112.6652,-7.2227],[112.6663,-7.2226],[112.667,-7.2218],[112.6675,-7.2209],[112.6683,-7.2202],[112.6694,-7.2204],[112.6704,-7.221],[112.6713,-7.2216],[112.6711,-7.2225]]]]}},{"type":"Feature","properties":{"level":"village","regency":"Sidoarjo","district":"Waru","village":"Tambak Sawah"},"geometry":{"type":"MultiPolygon","coordinates":[[[[112.7986,-7.3653],[112.7977,-7.3659],[112.7968,-7.3665],[112.7959,-7.3671],[112.7951,-7.3677],[112.7942,-7.3682],[112.7915,-7.3677],[112.7905,-7.3673],[112.7895,-7.3672],[112.7885,-7.3665],[112.7874,-7.3664],[112.7863,-7.3663],[112.7852,-7.3662],[112.7842,-7.3661],[112.7829,-7.366],[112.7818,-7.3657],[112.7805,-7.3659],[112.7795,-7.366],[112.7786,-7.3653],[112.7776,-7.3647],[112.7765,-7.3643],[112.775,-7.3645],[112.7736,-7.3647],[112.7724,-7.365],[112.7711,-7.3652],[112.7707,-7.3662],[112.7704,-7.3671],[112.7693,-7.3671],[112.7681,-7.3668],[112.7676,-7.3659],[112.7672,-7.3649],[112.7672,-7.3636],[112.7666,-7.3627],[112.766,-7.3619],[112.7658,-7.3608],[112.7659,-7.3597],[112.7673,-7.3574],[112.7678,-7.3562],[112.7702,-7.3569],[112.7714,-7.3574],[112.7724,-7.3577],[112.7734,-7.3581],[112.7745,-7.3581],[112.7758,-7.3588],[112.7769,-7.3591],[112.778,-7.3597],[112.7792,-7.3604],[112.7802,-7.3609],[112.7813,-7.3614],[112.7829,-7.3616],[112.7839,-7.3614],[112.7847,-7.3608],[112.7857,-7.3604],[112.7866,-7.361],[112.7873,-7.3618],[112.7884,-7.3618],[112.7893,-7.3613],[112.7903,-7.3613],[112.7912,-7.3617],[112.7919,-7.3624],[112.793,-7.3626],[112.794,-7.3627],[112.7951,-7.3629],[112.7961,-7.3632],[112.7969,-7.3639],[112.7977,-7.3646],[112.7986,-7.3653]]]]}},{"type":"Feature","properties":{"level":"village","regency":"Sidoarjo","district":"Waru","village":"Tambak Sumur"},"geometry":{"type":"MultiPolygon","coordinates":[[[[112.7775,-7.3411],[112.7775,-7.3421],[112.7785,-7.3424],[112.7794,-7.3427],[112.7794,-7.3438],[112.7797,-7.3448],[112.7807,-7.345],[112.7817,-7.3452],[112.7827,-7.3453],[112.7837,-7.3455],[112.7847,-7.3455],[112.7857,-7.3451],[112.7866,-7.3446],[112.7876,-7.3443],[112.7886,-7.344],[112.7896,-7.3441],[112.7906,-7.3445],[112.7915,-7.345],[112.7922,-7.3457],[112.7931,-7.3462],[112.7941,-7.3464],[112.7952,-7.3465],[112.7961,-7.346],[112.7969,-7.3454],[112.7976,-7.3465],[112.7986,-7.3466],[112.7985,-7.348],[112.7984,-7.3491],[112.7975,-7.3495],[112.7961,-7.3493],[112.795,-7.3493],[112.7939,-7.3493],[112.7926,-7.3494],[112.7917,-7.3487],[112.7907,-7.3487],[112.7894,-7.3486],[112.7884,-7.3483],[112.7865,-7.3481],[112.7854,-7.3481],[112.7842,-7.3478],[112.7829,-7.3475],[112.7819,-7.3481],[112.7817,-7.3494],[112.7816,-7.3505],[112.7806,-7.3509],[112.7802,-7.3499],[112.7801,-7.3488],[112.7792,-7.3483],[112.778,-7.3483],[112.7772,-7.349],[112.7775,-7.35],[112.7774,-7.3511],[112.7771,-7.3525],[112.776,-7.3525],[112.775,-7.3522],[112.7741,-7.3517],[112.7733,-7.351],[112.7723,-7.3509],[112.7712,-7.3511],[112.7707,-7.3502],[112.7708,-7.3491],[112.7715,-7.3482],[112.7724,-7.3476],[112.7726,-7.3462],[112.7729,-7.3448],[112.7733,-7.3438],[112.7735,-7.3428],[112.7747,-7.3425],[112.7757,-7.3422],[112.7759,-7.3411],[112.7771,-7.3411],[112.7775,-7.3411]]]]}},{"type":"Feature","properties":{"level":"village","regency":"Surabaya","district":"Kenjeran","village":"Tambak Wedi"},"geometry":{"type":"MultiPolygon","coordinates":[[[[112.7728,-7.2028],[112.7744,-7.203],[112.774,-7.2055],[112.7749,-7.2066],[112.7757,-7.2076],[112.7763,-7.2084],[112.7773,-7.2079],[112.7785,-7.2082],[112.7795,-7.2085],[112.7798,-7.2096],[112.7796,-7.2106],[112.7791,-7.2117],[112.7788,-7.2127],[112.7784,-7.2143],[112.778,-7.2155],[112.7775,-7.2173],[112.7772,-7.2184],[112.7757,-7.2184],[112.7744,-7.2182],[112.7734,-7.2182],[112.7724,-7.2183],[112.7714,-7.2181],[112.77,-7.2179],[112.7703,-7.2167],[112.7706,-7.2155],[112.7697,-7.2149],[112.77,-7.2135],[112.7702,-7.2125],[112.7704,-7.2114],[112.7707,-7.2103],[112.7711,-7.2089],[112.7714,-7.2078],[112.7716,-7.2068],[112.772,-7.2056],[112.7717,-7.2042],[112.772,-7.203],[112.7728,-7.2023],[112.7728,-7.2028]]]]}},{"type":"Feature","properties":{"level":"village","regency":"Sidoarjo","district":"Krembung","village":"Tambakrejo"},"geometry":{"type":"MultiPolygon","coordinates":[[[[112.6593,-7.5386],[112.6604,-7.5393],[112.6613,-7.54],[112.6623,-7.5409],[112.6627,-7.5418],[112.6634,-7.5428],[112.6641,-7.5435],[112.665,-7.5441],[112.6659,-7.5436],[112.667,-7.5437],[112.6683,-7.5435],[112.6693,-7.5433],[112.6703,-7.5439],[112.671,-7.5447],[112.6708,-7.5457],[112.6701,-7.5469],[112.6691,-7.5485],[112.6678,-7.5489],[112.6666,-7.5498],[112.666,-7.5513],[112.6643,-7.5525],[112.6637,-7.5534],[112.6628,-7.5553],[112.6622,-7.5564],[112.6613,-7.5557],[112.6602,-7.5548],[112.6594,-7.5541],[112.6585,-7.5533],[112.6577,-7.5525],[112.6568,-7.5516],[112.6556,-7.5506],[112.6543,-7.5495],[112.6535,-7.5487],[112.6527,-7.548],[112.652,-7.5472],[112.6512,-7.5462],[112.6497,-7.5441],[112.6492,-7.5431],[112.6487,-7.5422],[112.6479,-7.5411],[112.6474,-7.54],[112.647,-7.5381],[112.6467,-7.537],[112.6477,-7.5366],[112.649,-7.5369],[112.6499,-7.5373],[112.6509,-7.5376],[112.6521,-7.538],[112.6531,-7.5382],[112.6539,-7.5388],[112.6548,-7.5397],[112.6558,-7.5399],[112.6567,-7.5389],[112.6576,-7.5382],[112.6588,-7.5384],[112.6593,-7.5386]]]]}},{"type":"Feature","properties":{"level":"village","regency":"Surabaya","district":"Simokerto","village":"Tambakrejo"},"geometry":{"type":"MultiPolygon","coordinates":[[[[112.7614,-7.2411],[112.7609,-7.2425],[112.7606,-7.2436],[112.7602,-7.245],[112.76,-7.246],[112.7597,-7.247],[112.7595,-7.248],[112.7589,-7.2489],[112.7578,-7.2487],[112.7564,-7.249],[112.7554,-7.2492],[112.7541,-7.2492],[112.7533,-7.2482],[112.7531,-7.2469],[112.7527,-7.2459],[112.7522,-7.245],[112.7533,-7.2452],[112.7545,-7.245],[112.7557,-7.2443],[112.7564,-7.2434],[112.7569,-7.2421],[112.7577,-7.241],[112.7586,-7.2406],[112.7596,-7.2408],[112.7606,-7.241],[112.7614,-7.2411]]]]}},{"type":"Feature","properties":{"level":"village","regency":"Surabaya","district":"Tambaksari","village":"Tambaksari"},"geometry":{"type":"MultiPolygon","coordinates":[[[[112.7557,-7.2492],[112.7554,-7.2509],[112.757,-7.2512],[112.758,-7.2513],[112.7594,-7.2515],[112.7609,-7.2516],[112.7619,-7.2519],[112.7613,-7.253],[112.7615,-7.2541],[112.7602,-7.2548],[112.7589,-7.2554],[112.7581,-7.2561],[112.7564,-7.256],[112.7542,-7.2563],[112.753,-7.2561],[112.7515,-7.2561],[112.7505,-7.2558],[112.7502,-7.2548],[112.75,-7.2537],[112.7497,-7.2525],[112.7497,-7.2514],[112.7509,-7.2514],[112.752,-7.2514],[112.753,-7.2514],[112.7532,-7.2502],[112.7532,-7.2491],[112.7548,-7.2492],[112.7557,-7.2492]]]]}},{"type":"Feature","properties":{"level":"village","regency":"Surabaya","district":"Kenjeran","village":"Tanah Kali Kedinding"},"geometry":{"type":"MultiPolygon","coordinates":[[[[112.7771,-7.2189],[112.7784,-7.2192],[112.7798,-7.2198],[112.781,-7.2205],[112.782,-7.221],[112.7831,-7.2213],[112.7841,-7.2216],[112.7841,-7.2227],[112.7855,-7.2232],[112.7867,-7.2234],[112.7866,-7.2245],[112.7862,-7.2261],[112.7853,-7.2255],[112.7842,-7.2253],[112.7832,-7.2264],[112.7836,-7.2274],[112.784,-7.2283],[112.7839,-7.2297],[112.7838,-7.2312],[112.7826,-7.2307],[112.7815,-7.2307],[112.7811,-7.2296],[112.7805,-7.2287],[112.7793,-7.2292],[112.7783,-7.2289],[112.7772,-7.2292],[112.7761,-7.2297],[112.7753,-7.2307],[112.7749,-7.2322],[112.7734,-7.2323],[112.7728,-7.2332],[112.7713,-7.233],[112.7711,-7.2341],[112.7706,-7.2355],[112.7696,-7.2358],[112.7683,-7.2358],[112.7678,-7.2367],[112.7669,-7.2359],[112.7659,-7.2359],[112.7649,-7.2363],[112.7639,-7.2364],[112.7637,-7.2353],[112.7627,-7.2346],[112.7635,-7.2335],[112.7643,-7.2328],[112.765,-7.232],[112.7659,-7.2313],[112.7667,-7.2307],[112.7672,-7.2297],[112.7675,-7.2287],[112.7679,-7.2274],[112.7681,-7.2263],[112.7682,-7.2253],[112.7683,-7.2242],[112.7683,-7.223],[112.7684,-7.2218],[112.7691,-7.2211],[112.77,-7.2206],[112.7691,-7.2201],[112.7691,-7.2183],[112.7711,-7.2181],[112.7721,-7.2183],[112.7731,-7.2182],[112.7742,-7.2182],[112.7752,-7.2181],[112.7764,-7.2186],[112.7771,-7.2189]]]]}},{"type":"Feature","properties":{"level":"village","regency":"Surabaya","district":"Tandes","village":"Tandes"},"geometry":{"type":"MultiPolygon","coordinates":[[[[112.6921,-7.2527],[112.6916,-7.2547],[112.6908,-7.2559],[112.6903,-7.2574],[112.6899,-7.2587],[112.6894,-7.2603],[112.689,-7.2614],[112.6886,-7.2625],[112.6877,-7.2642],[112.6875,-7.2664],[112.6864,-7.2663],[112.6848,-7.2661],[112.6837,-7.266],[112.6826,-7.2659],[112.6822,-7.2641],[112.6818,-7.2632],[112.6819,-7.262],[112.6819,-7.2609],[112.6821,-7.2598],[112.6825,-7.2588],[112.6825,-7.2578],[112.683,-7.2568],[112.6846,-7.2569],[112.6861,-7.2572],[112.6863,-7.2559],[112.6863,-7.2531],[112.6875,-7.2529],[112.691,-7.2531],[112.6921,-7.2527],[112.6921,-7.2527]]]]}},{"type":"Feature","properties":{"level":"village","regency":"Sidoarjo","district":"Wonoayu","village":"Tanggul"},"geometry":{"type":"MultiPolygon","coordinates":[[[[112.5981,-7.4258],[112.5982,-7.4277],[112.5985,-7.43],[112.5987,-7.4314],[112.5983,-7.4353],[112.5973,-7.4359],[112.5966,-7.4367],[112.5963,-7.4378],[112.5959,-7.4389],[112.5953,-7.4405],[112.5948,-7.4415],[112.5943,-7.4425],[112.594,-7.4436],[112.5936,-7.4447],[112.5927,-7.4455],[112.5914,-7.4449],[112.591,-7.444],[112.5904,-7.4428],[112.5896,-7.4414],[112.5888,-7.4405],[112.5886,-7.4394],[112.5887,-7.4381],[112.5883,-7.435],[112.5887,-7.4335],[112.5891,-7.4321],[112.5896,-7.4304],[112.5898,-7.4292],[112.5902,-7.4282],[112.5914,-7.4274],[112.5924,-7.4262],[112.5945,-7.4263],[112.5948,-7.4249],[112.5968,-7.4254],[112.5979,-7.4257],[112.5981,-7.4258]]]]}},{"type":"Feature","properties":{"level":"village","regency":"Sidoarjo","district":"Krembung","village":"Tanjeg Wagir"},"geometry":{"type":"MultiPolygon","coordinates":[[[[112.6395,-7.5231],[112.6406,-7.5239],[112.6417,-7.5248],[112.6411,-7.5266],[112.6402,-7.5272],[112.6391,-7.5268],[112.6387,-7.5278],[112.6381,-7.5289],[112.6372,-7.5313],[112.6386,-7.532],[112.6392,-7.5331],[112.6397,-7.5341],[112.6406,-7.5347],[112.6417,-7.5351],[112.6426,-7.5356],[112.6417,-7.5363],[112.6406,-7.5363],[112.6396,-7.536],[112.6386,-7.5357],[112.6376,-7.5351],[112.6366,-7.5346],[112.635,-7.5339],[112.6332,-7.5337],[112.6319,-7.5334],[112.6308,-7.533],[112.63,-7.5318],[112.6288,-7.5308],[112.6278,-7.5302],[112.6269,-7.5289],[112.6258,-7.5279],[112.6251,-7.527],[112.6244,-7.5259],[112.624,-7.5247],[112.6236,-7.5238],[112.6227,-7.5227],[112.6218,-7.5217],[112.6212,-7.5207],[112.622,-7.5195],[112.623,-7.519],[112.6241,-7.5201],[112.6249,-7.5208],[112.6253,-7.5218],[112.6262,-7.5223],[112.6274,-7.5232],[112.6284,-7.5238],[112.6296,-7.5244],[112.6305,-7.525],[112.631,-7.5241],[112.6314,-7.523],[112.632,-7.5222],[112.6331,-7.5224],[112.6341,-7.5225],[112.6351,-7.5227],[112.6361,-7.523],[112.6371,-7.5231],[112.6382,-7.5233],[112.6394,-7.5232],[112.6395,-7.5231]]]]}},{"type":"Feature","properties":{"level":"village","regency":"Sidoarjo","district":"Taman","village":"Tanjungsari"},"geometry":{"type":"MultiPolygon","coordinates":[[[[112.6628,-7.3642],[112.6617,-7.3652],[112.6605,-7.3666],[112.6594,-7.3661],[112.6584,-7.3664],[112.657,-7.3663],[112.6571,-7.3677],[112.6555,-7.3684],[112.6543,-7.3682],[112.6532,-7.3681],[112.6521,-7.3685],[112.6511,-7.368],[112.6509,-7.3692],[112.6499,-7.3695],[112.6489,-7.3706],[112.6486,-7.3717],[112.6474,-7.372],[112.6465,-7.3715],[112.6449,-7.372],[112.6432,-7.3727],[112.6422,-7.3721],[112.6424,-7.371],[112.6425,-7.369],[112.6411,-7.369],[112.64,-7.3692],[112.6386,-7.3692],[112.6371,-7.3691],[112.6355,-7.3693],[112.6339,-7.3695],[112.6334,-7.3674],[112.6324,-7.3666],[112.6338,-7.3651],[112.6351,-7.3641],[112.6378,-7.3637],[112.6388,-7.3635],[112.6402,-7.3629],[112.6411,-7.3621],[112.6421,-7.3611],[112.6438,-7.3609],[112.6447,-7.3614],[112.6461,-7.3619],[112.6472,-7.3619],[112.6484,-7.3614],[112.6498,-7.3611],[112.6525,-7.362],[112.6535,-7.3621],[112.654,-7.3605],[112.6552,-7.3608],[112.6566,-7.3612],[112.6576,-7.3615],[112.6587,-7.3618],[112.6597,-7.3621],[112.6598,-7.3633],[112.661,-7.3642],[112.6622,-7.3641],[112.6628,-7.3642]]]]}},{"type":"Feature","properties":{"level":"village","regency":"Surabaya","district":"Suko Manunggal","village":"Tanjungsari"},"geometry":{"type":"MultiPolygon","coordinates":[[[[112.6884,-7.278],[112.6871,-7.2791],[112.6856,-7.2771],[112.6853,-7.2761],[112.6845,-7.2751],[112.6851,-7.2742],[112.6854,-7.2732],[112.6855,-7.2716],[112.6856,-7.2703],[112.6858,-7.269],[112.6859,-7.2674],[112.6864,-7.2663],[112.6874,-7.2664],[112.6877,-7.2642],[112.6878,-7.2628],[112.6887,-7.2621],[112.6891,-7.2611],[112.689,-7.26],[112.6897,-7.2592],[112.69,-7.2582],[112.6908,-7.2559],[112.6911,-7.2546],[112.6921,-7.2528],[112.6934,-7.2531],[112.6948,-7.2534],[112.695,-7.2545],[112.6949,-7.2555],[112.6959,-7.2552],[112.6947,-7.2564],[112.6942,-7.2576],[112.6934,-7.26],[112.693,-7.2611],[112.6936,-7.262],[112.6947,-7.2625],[112.6946,-7.2638],[112.6947,-7.2649],[112.6959,-7.2657],[112.696,-7.2674],[112.6957,-7.2684],[112.6939,-7.269],[112.6934,-7.2699],[112.6931,-7.2719],[112.6929,-7.2735],[112.6927,-7.2746],[112.6919,-7.2754],[112.691,-7.276],[112.6899,-7.2769],[112.689,-7.2775],[112.6884,-7.278]]]]}},{"type":"Feature","properties":{"level":"village","regency":"Sidoarjo","district":"Tarik","village":"Tarik"},"geometry":{"type":"MultiPolygon","coordinates":[[[[112.5195,-7.4517],[112.5205,-7.4513],[112.5223,-7.4518],[112.5237,-7.4521],[112.526,-7.4526],[112.5271,-7.4529],[112.5264,-7.4536],[112.5261,-7.4548],[112.5253,-7.4555],[112.5242,-7.4559],[112.5234,-7.4566],[112.5225,-7.4572],[112.5219,-7.458],[112.5209,-7.4584],[112.5212,-7.4594],[112.5211,-7.4605],[112.5209,-7.4616],[112.5208,-7.4626],[112.5206,-7.4636],[112.5203,-7.465],[112.52,-7.4661],[112.5199,-7.4671],[112.5176,-7.4673],[112.5165,-7.4673],[112.5152,-7.4672],[112.5138,-7.467],[112.5127,-7.4669],[112.5128,-7.4659],[112.5132,-7.465],[112.5135,-7.4638],[112.5137,-7.4628],[112.5129,-7.462],[112.5128,-7.4609],[112.5128,-7.4598],[112.513,-7.4585],[112.5135,-7.4576],[112.5132,-7.4565],[112.5139,-7.454],[112.5141,-7.4528],[112.5146,-7.4516],[112.5156,-7.4513],[112.5155,-7.4523],[112.5162,-7.4533],[112.5172,-7.4539],[112.5182,-7.4541],[112.5188,-7.4533],[112.5193,-7.4522],[112.5195,-7.4517]]]]}},{"type":"Feature","properties":{"level":"village","regency":"Sidoarjo","district":"Taman","village":"Tawangsari"},"geometry":{"type":"MultiPolygon","coordinates":[[[[112.6858,-7.3514],[112.6859,-7.3524],[112.685,-7.3529],[112.6842,-7.3536],[112.6839,-7.3546],[112.6832,-7.3554],[112.6822,-7.3558],[112.6808,-7.3561],[112.6798,-7.3558],[112.6788,-7.3563],[112.6772,-7.357],[112.6759,-7.3575],[112.6748,-7.3576],[112.6737,-7.3579],[112.6726,-7.3579],[112.6702,-7.3579],[112.6701,-7.3552],[112.6706,-7.3533],[112.6707,-7.3518],[112.6718,-7.3514],[112.6733,-7.3514],[112.6745,-7.3513],[112.6759,-7.3511],[112.6769,-7.3509],[112.6783,-7.3505],[112.6792,-7.3499],[112.6803,-7.3492],[112.6811,-7.3486],[112.6822,-7.3485],[112.6827,-7.3495],[112.6834,-7.3502],[112.6843,-7.3508],[112.6851,-7.3514],[112.6858,-7.3514]]]]}},{"type":"Feature","properties":{"level":"village","regency":"Sidoarjo","district":"Gedangan","village":"Tebel"},"geometry":{"type":"MultiPolygon","coordinates":[[[[112.7283,-7.4017],[112.7282,-7.4028],[112.7298,-7.4032],[112.7311,-7.4035],[112.7328,-7.4039],[112.7336,-7.405],[112.7357,-7.4046],[112.7359,-7.4029],[112.738,-7.4031],[112.7404,-7.4038],[112.7405,-7.4057],[112.7402,-7.407],[112.7406,-7.408],[112.7405,-7.409],[112.7392,-7.4089],[112.738,-7.4091],[112.737,-7.4106],[112.7358,-7.4103],[112.7351,-7.4123],[112.7347,-7.4133],[112.7341,-7.4148],[112.7325,-7.4144],[112.7315,-7.414],[112.7305,-7.4135],[112.7308,-7.4116],[112.7298,-7.4115],[112.7292,-7.4106],[112.7283,-7.4098],[112.727,-7.409],[112.7249,-7.4085],[112.7243,-7.4096],[112.7235,-7.4104],[112.7225,-7.41],[112.7214,-7.4095],[112.7218,-7.4085],[112.7222,-7.4074],[112.721,-7.4071],[112.7201,-7.4067],[112.7198,-7.4057],[112.7191,-7.4049],[112.7194,-7.4039],[112.719,-7.4029],[112.72,-7.4024],[112.7205,-7.4008],[112.7217,-7.4009],[112.7228,-7.401],[112.7238,-7.4011],[112.7255,-7.4012],[112.727,-7.4012],[112.7283,-7.4017]]]]}},{"type":"Feature","properties":{"level":"village","regency":"Surabaya","district":"Tegalsari","village":"Tegalsari"},"geometry":{"type":"MultiPolygon","coordinates":[[[[112.7378,-7.2765],[112.7367,-7.2762],[112.7354,-7.276],[112.7346,-7.2752],[112.7348,-7.2741],[112.735,-7.2727],[112.7351,-7.2717],[112.7352,-7.2707],[112.7354,-7.2696],[112.7352,-7.2686],[112.7355,-7.2675],[112.7362,-7.2667],[112.7371,-7.2658],[112.7381,-7.2657],[112.7398,-7.2658],[112.7408,-7.2653],[112.7411,-7.2671],[112.7414,-7.2682],[112.7404,-7.2689],[112.7389,-7.2686],[112.7386,-7.2698],[112.7383,-7.2709],[112.7396,-7.2717],[112.7401,-7.2727],[112.7405,-7.2736],[112.7397,-7.2742],[112.7387,-7.2739],[112.7382,-7.2748],[112.7379,-7.2759],[112.7378,-7.2765]]]]}},{"type":"Feature","properties":{"level":"village","regency":"Surabaya","district":"Bubutan","village":"Tembok Dukuh"},"geometry":{"type":"MultiPolygon","coordinates":[[[[112.7209,-7.2471],[112.7209,-7.2484],[112.7208,-7.2496],[112.7206,-7.2515],[112.7205,-7.2527],[112.7215,-7.2533],[112.7228,-7.2533],[112.7239,-7.253],[112.725,-7.2526],[112.7259,-7.2522],[112.727,-7.2514],[112.7278,-7.2508],[112.7285,-7.2516],[112.7287,-7.2528],[112.7283,-7.2538],[112.728,-7.2549],[112.7277,-7.2559],[112.7267,-7.2559],[112.7258,-7.2569],[112.7246,-7.257],[112.7231,-7.2568],[112.7219,-7.2567],[112.7206,-7.2564],[112.7195,-7.2562],[112.7182,-7.2559],[112.7171,-7.2557],[112.7161,-7.2552],[112.7151,-7.2551],[112.7153,-7.2541],[112.7156,-7.2531],[112.7158,-7.2521],[112.7158,-7.2507],[112.7159,-7.2496],[112.7164,-7.2486],[112.7168,-7.2477],[112.7176,-7.2471],[112.7189,-7.2471],[112.72,-7.2471],[112.7209,-7.2471]]]]}},{"type":"Feature","properties":{"level":"village","regency":"Sidoarjo","district":"Krian","village":"Tempel"},"geometry":{"type":"MultiPolygon","coordinates":[[[[112.6034,-7.3711],[112.6037,-7.3723],[112.6041,-7.3742],[112.603,-7.3745],[112.602,-7.3748],[112.6011,-7.3751],[112.6002,-7.3758],[112.5995,-7.3767],[112.5984,-7.3765],[112.5982,-7.3776],[112.5976,-7.3784],[112.5975,-7.3798],[112.5956,-7.3802],[112.5938,-7.38],[112.5933,-7.3812],[112.5933,-7.3823],[112.5934,-7.3839],[112.5924,-7.3839],[112.5915,-7.3831],[112.5905,-7.383],[112.5899,-7.3841],[112.5889,-7.3846],[112.5871,-7.3845],[112.5851,-7.3845],[112.5843,-7.3851],[112.5842,-7.3866],[112.5844,-7.3879],[112.5834,-7.3882],[112.5833,-7.3892],[112.5824,-7.39],[112.5813,-7.3901],[112.5803,-7.3901],[112.5797,-7.3893],[112.579,-7.3885],[112.5786,-7.3876],[112.5787,-7.3864],[112.5788,-7.3851],[112.579,-7.3841],[112.5804,-7.3834],[112.582,-7.3834],[112.5832,-7.3835],[112.584,-7.3828],[112.5839,-7.3816],[112.5838,-7.3803],[112.5844,-7.3792],[112.5855,-7.3785],[112.5864,-7.378],[112.5872,-7.3773],[112.588,-7.3762],[112.5884,-7.375],[112.5884,-7.3733],[112.5882,-7.3719],[112.5883,-7.3707],[112.5896,-7.3701],[112.5906,-7.3708],[112.5912,-7.3716],[112.5924,-7.3722],[112.5938,-7.3722],[112.5949,-7.372],[112.5963,-7.3722],[112.5975,-7.372],[112.5989,-7.3713],[112.5998,-7.371],[112.6013,-7.3709],[112.6027,-7.371],[112.6034,-7.3711]]]]}},{"type":"Feature","properties":{"level":"village","regency":"Sidoarjo","district":"Prambon","village":"Temu"},"geometry":{"type":"MultiPolygon","coordinates":[[[[112.5739,-7.4437],[112.5748,-7.4442],[112.5757,-7.4446],[112.5767,-7.4449],[112.5779,-7.4451],[112.5789,-7.4454],[112.5799,-7.4452],[112.5804,-7.4463],[112.5811,-7.4474],[112.5804,-7.4487],[112.5801,-7.45],[112.5791,-7.4505],[112.5781,-7.4505],[112.5773,-7.4499],[112.5751,-7.4496],[112.5741,-7.4493],[112.573,-7.449],[112.5719,-7.4487],[112.5709,-7.4484],[112.5698,-7.4493],[112.5687,-7.4499],[112.5691,-7.4489],[112.5698,-7.4477],[112.57,-7.4467],[112.569,-7.4471],[112.5688,-7.446],[112.5691,-7.4448],[112.5679,-7.4444],[112.5676,-7.4435],[112.5676,-7.4424],[112.5675,-7.4413],[112.5687,-7.4414],[112.5695,-7.4422],[112.5704,-7.4427],[112.5715,-7.4429],[112.5724,-7.4433],[112.5734,-7.4437],[112.5739,-7.4437]]]]}},{"type":"Feature","properties":{"level":"village","regency":"Surabaya","district":"Tenggilis Mejoyo","village":"Tenggilis Mejoyo"},"geometry":{"type":"MultiPolygon","coordinates":[[[[112.7597,-7.326],[112.7574,-7.3259],[112.7547,-7.3256],[112.7527,-7.3255],[112.7534,-7.3246],[112.7541,-7.3238],[112.7541,-7.3228],[112.7536,-7.3219],[112.7526,-7.3216],[112.7535,-7.3211],[112.7538,-7.3198],[112.7538,-7.3187],[112.7528,-7.3185],[112.7514,-7.3185],[112.7517,-7.3175],[112.7526,-7.3167],[112.7535,-7.3159],[112.7545,-7.3156],[112.7556,-7.3152],[112.7567,-7.3158],[112.7576,-7.3163],[112.7589,-7.3166],[112.7599,-7.3163],[112.7601,-7.3153],[112.7611,-7.3151],[112.7623,-7.3154],[112.7634,-7.3159],[112.7648,-7.3158],[112.7641,-7.3172],[112.7637,-7.3181],[112.763,-7.3195],[112.7625,-7.3205],[112.7618,-7.3219],[112.7611,-7.3234],[112.7605,-7.3244],[112.7599,-7.3256],[112.7597,-7.326]]]]}},{"type":"Feature","properties":{"level":"village","regency":"Sidoarjo","district":"Candi","village":"Tenggulunan"},"geometry":{"type":"MultiPolygon","coordinates":[[[[112.7144,-7.4712],[112.714,-7.4722],[112.7139,-7.4734],[112.7134,-7.4745],[112.7131,-7.4755],[112.7119,-7.4752],[112.7109,-7.4751],[112.7097,-7.4749],[112.7084,-7.4747],[112.7076,-7.4753],[112.7064,-7.4753],[112.7056,-7.4746],[112.7046,-7.474],[112.704,-7.4729],[112.704,-7.4718],[112.7045,-7.4709],[112.7048,-7.4699],[112.7053,-7.4689],[112.7056,-7.4676],[112.7066,-7.4671],[112.7078,-7.4667],[112.7078,-7.4681],[112.7084,-7.4689],[112.7091,-7.4697],[112.7101,-7.4699],[112.7112,-7.4701],[112.7121,-7.4706],[112.7131,-7.4706],[112.7141,-7.4709],[112.7144,-7.4712]]]]}},{"type":"Feature","properties":{"level":"village","regency":"Sidoarjo","district":"Krian","village":"Terik"},"geometry":{"type":"MultiPolygon","coordinates":[[[[112.611,-7.4157],[112.6106,-7.417],[112.6104,-7.4183],[112.6092,-7.4189],[112.6075,-7.4189],[112.6058,-7.4189],[112.6038,-7.4189],[112.6025,-7.4188],[112.5999,-7.4163],[112.6,-7.4152],[112.5992,-7.4145],[112.5979,-7.4142],[112.5971,-7.4133],[112.5969,-7.4121],[112.5971,-7.4107],[112.5972,-7.4093],[112.5974,-7.4075],[112.5975,-7.4064],[112.5992,-7.4067],[112.6006,-7.407],[112.6017,-7.4071],[112.6019,-7.4085],[112.603,-7.4087],[112.6042,-7.409],[112.6061,-7.4095],[112.6071,-7.4097],[112.6076,-7.4107],[112.6076,-7.4118],[112.6084,-7.4134],[112.609,-7.4143],[112.6103,-7.415],[112.611,-7.4157]]]]}},{"type":"Feature","properties":{"level":"village","regency":"Sidoarjo","district":"Krian","village":"Terung Kulon"},"geometry":{"type":"MultiPolygon","coordinates":[[[[112.6159,-7.3966],[112.6156,-7.3976],[112.6155,-7.3986],[112.6155,-7.4002],[112.6156,-7.4012],[112.6161,-7.4022],[112.6138,-7.4026],[112.6124,-7.4025],[112.6107,-7.4022],[112.6095,-7.402],[112.6085,-7.4018],[112.6072,-7.4016],[112.6057,-7.4013],[112.6044,-7.4012],[112.6018,-7.4011],[112.6019,-7.4031],[112.6009,-7.4028],[112.6001,-7.4036],[112.5976,-7.4034],[112.5975,-7.401],[112.5972,-7.4],[112.5968,-7.3988],[112.5963,-7.3974],[112.5973,-7.3966],[112.5984,-7.3963],[112.5996,-7.3958],[112.6005,-7.3953],[112.6015,-7.395],[112.6026,-7.3952],[112.6037,-7.3958],[112.6046,-7.3965],[112.6057,-7.3968],[112.6068,-7.3969],[112.6079,-7.3969],[112.6088,-7.3965],[112.6096,-7.3958],[112.6104,-7.3949],[112.6113,-7.3943],[112.6121,-7.3937],[112.6133,-7.3931],[112.6145,-7.3927],[112.6155,-7.3924],[112.6162,-7.3939],[112.6167,-7.3948],[112.6159,-7.3955],[112.6159,-7.3966],[112.6159,-7.3966]]]]}},{"type":"Feature","properties":{"level":"village","regency":"Sidoarjo","district":"Krian","village":"Terung Wetan"},"geometry":{"type":"MultiPolygon","coordinates":[[[[112.6199,-7.3931],[112.6209,-7.3933],[112.6219,-7.3936],[112.6229,-7.3939],[112.6239,-7.3935],[112.625,-7.3939],[112.6261,-7.3941],[112.6255,-7.3951],[112.6255,-7.3962],[112.6257,-7.3972],[112.6256,-7.3984],[112.6255,-7.3998],[112.6254,-7.4009],[112.6253,-7.4019],[112.6243,-7.4021],[112.6232,-7.4028],[112.62,-7.4032],[112.6199,-7.4046],[112.6186,-7.4045],[112.6165,-7.4029],[112.6159,-7.4018],[112.6155,-7.4009],[112.6155,-7.3995],[112.6155,-7.3982],[112.6159,-7.3966],[112.6159,-7.3955],[112.6167,-7.3948],[112.6161,-7.393],[112.6167,-7.3922],[112.6177,-7.3922],[112.6187,-7.3926],[112.6198,-7.3931],[112.6199,-7.3931]]]]}},{"type":"Feature","properties":{"level":"village","regency":"Sidoarjo","district":"Tulangan","village":"Tlasih"},"geometry":{"type":"MultiPolygon","coordinates":[[[[112.6204,-7.4693],[112.6218,-7.4696],[112.6228,-7.4698],[112.6242,-7.4702],[112.6253,-7.4709],[112.6267,-7.4712],[112.6283,-7.4718],[112.6294,-7.472],[112.6295,-7.473],[112.6296,-7.4751],[112.6295,-7.4775],[112.6263,-7.4771],[112.6211,-7.4764],[112.6196,-7.4765],[112.6186,-7.4763],[112.6175,-7.476],[112.6162,-7.4757],[112.6148,-7.4753],[112.6142,-7.4745],[112.6145,-7.4733],[112.6144,-7.4722],[112.6147,-7.4702],[112.6154,-7.4694],[112.6141,-7.4688],[112.6146,-7.4675],[112.6157,-7.4675],[112.6168,-7.4684],[112.6178,-7.469],[112.6189,-7.4691],[112.62,-7.4691],[112.6204,-7.4693]]]]}},{"type":"Feature","properties":{"level":"village","regency":"Sidoarjo","district":"Jabon","village":"Trompoasri"},"geometry":{"type":"MultiPolygon","coordinates":[[[[112.7417,-7.5573],[112.7418,-7.5586],[112.744,-7.5593],[112.7436,-7.5603],[112.7427,-7.5616],[112.7421,-7.5625],[112.7415,-7.5635],[112.7407,-7.5642],[112.7403,-7.5654],[112.7399,-7.5667],[112.7397,-7.5681],[112.7394,-7.5699],[112.7375,-7.5726],[112.7352,-7.5719],[112.7339,-7.5713],[112.7328,-7.571],[112.7313,-7.5714],[112.7303,-7.5713],[112.7291,-7.5716],[112.7273,-7.5712],[112.7262,-7.5712],[112.7246,-7.5702],[112.7237,-7.5696],[112.7228,-7.5688],[112.7229,-7.5675],[112.7227,-7.5664],[112.7222,-7.5654],[112.7221,-7.5639],[112.7218,-7.5624],[112.7215,-7.5603],[112.7219,-7.5593],[112.7228,-7.5587],[112.7238,-7.558],[112.7252,-7.5582],[112.7263,-7.558],[112.728,-7.5583],[112.7297,-7.5585],[112.7308,-7.5583],[112.7328,-7.5583],[112.7349,-7.5593],[112.7358,-7.5573],[112.7379,-7.5579],[112.7388,-7.5563],[112.7417,-7.5573]]]]}},{"type":"Feature","properties":{"level":"village","regency":"Sidoarjo","district":"Waru","village":"Tropodo"},"geometry":{"type":"MultiPolygon","coordinates":[[[[112.766,-7.3594],[112.7655,-7.3607],[112.7659,-7.3618],[112.7666,-7.3626],[112.767,-7.3636],[112.7672,-7.3648],[112.7673,-7.3659],[112.767,-7.3674],[112.7656,-7.3675],[112.7645,-7.3675],[112.7647,-7.3664],[112.7636,-7.3659],[112.7626,-7.3656],[112.7616,-7.3652],[112.761,-7.3642],[112.7594,-7.3641],[112.7582,-7.3642],[112.7571,-7.3644],[112.756,-7.3642],[112.7548,-7.3641],[112.7537,-7.3639],[112.7525,-7.3637],[112.7511,-7.3635],[112.7515,-7.3621],[112.7518,-7.3611],[112.7522,-7.3596],[112.7525,-7.3585],[112.7528,-7.3575],[112.7533,-7.3565],[112.7536,-7.3553],[112.7538,-7.3543],[112.7548,-7.3546],[112.7558,-7.3539],[112.7573,-7.3541],[112.7589,-7.3543],[112.76,-7.3544],[112.761,-7.3545],[112.7627,-7.3548],[112.7643,-7.355],[112.7644,-7.356],[112.7645,-7.357],[112.7645,-7.3582],[112.766,-7.3594]]]]}},{"type":"Feature","properties":{"level":"village","regency":"Sidoarjo","district":"Krian","village":"Tropodo"},"geometry":{"type":"MultiPolygon","coordinates":[[[[112.5767,-7.4193],[112.5791,-7.42],[112.5801,-7.4203],[112.5819,-7.4216],[112.5826,-7.4224],[112.5822,-7.4234],[112.5819,-7.4246],[112.5814,-7.4265],[112.5808,-7.4288],[112.5812,-7.4299],[112.5813,-7.4311],[112.5813,-7.4322],[112.5811,-7.4333],[112.5802,-7.4337],[112.5794,-7.4363],[112.5771,-7.4368],[112.5761,-7.4366],[112.5758,-7.4346],[112.5756,-7.4336],[112.5745,-7.4336],[112.5733,-7.4335],[112.5721,-7.4334],[112.571,-7.4332],[112.5702,-7.4325],[112.5702,-7.4314],[112.5704,-7.4301],[112.5712,-7.4283],[112.5713,-7.4266],[112.5714,-7.4222],[112.5725,-7.4223],[112.5737,-7.4225],[112.575,-7.4225],[112.576,-7.4214],[112.5764,-7.4202],[112.5767,-7.4193]]]]}},{"type":"Feature","properties":{"level":"village","regency":"Sidoarjo","district":"Taman","village":"Trosobo"},"geometry":{"type":"MultiPolygon","coordinates":[[[[112.6445,-7.3724],[112.6443,-7.3735],[112.6441,-7.3745],[112.6432,-7.3773],[112.6423,-7.379],[112.6409,-7.3791],[112.6395,-7.3791],[112.6383,-7.379],[112.637,-7.3788],[112.636,-7.3782],[112.6346,-7.3779],[112.6348,-7.376],[112.6334,-7.3762],[112.6321,-7.3767],[112.632,-7.3779],[112.631,-7.3782],[112.63,-7.3786],[112.6291,-7.3791],[112.6283,-7.3801],[112.6281,-7.3811],[112.6269,-7.3806],[112.6258,-7.38],[112.625,-7.3792],[112.625,-7.3775],[112.6262,-7.377],[112.6267,-7.3758],[112.6275,-7.375],[112.6279,-7.3734],[112.6282,-7.3723],[112.6291,-7.3715],[112.6302,-7.3718],[112.6313,-7.372],[112.6324,-7.3718],[112.6332,-7.3706],[112.6339,-7.3697],[112.6351,-7.3693],[112.637,-7.3692],[112.6385,-7.369],[112.6399,-7.3692],[112.6411,-7.369],[112.6424,-7.369],[112.6424,-7.3705],[112.6421,-7.3721],[112.6429,-7.3728],[112.6443,-7.3723],[112.6445,-7.3724]]]]}},{"type":"Feature","properties":{"level":"village","regency":"Sidoarjo","district":"Tulangan","village":"Tulangan"},"geometry":{"type":"MultiPolygon","coordinates":[[[[112.6569,-7.4778],[112.6563,-7.4787],[112.6553,-7.4791],[112.654,-7.479],[112.6533,-7.4817],[112.6528,-7.4829],[112.6517,-7.4831],[112.6504,-7.4824],[112.6495,-7.4819],[112.6488,-7.4811],[112.6478,-7.4806],[112.6465,-7.4797],[112.645,-7.4789],[112.6456,-7.478],[112.6462,-7.477],[112.6465,-7.4759],[112.6471,-7.475],[112.649,-7.4753],[112.649,-7.4743],[112.6491,-7.4732],[112.6495,-7.4722],[112.6506,-7.4725],[112.6518,-7.4719],[112.6527,-7.4713],[112.6535,-7.4703],[112.6548,-7.4702],[112.6555,-7.4711],[112.6552,-7.4721],[112.6548,-7.4737],[112.6561,-7.4739],[112.6573,-7.4744],[112.6571,-7.4754],[112.657,-7.4768],[112.6569,-7.4778]]]]}},{"type":"Feature","properties":{"level":"village","regency":"Surabaya","district":"Semampir","village":"Ujung"},"geometry":{"type":"MultiPolygon","coordinates":[[[[112.757,-7.1978],[112.757,-7.199],[112.7576,-7.2005],[112.7583,-7.2016],[112.7584,-7.2027],[112.7583,-7.2039],[112.7595,-7.2052],[112.7608,-7.2066],[112.7611,-7.208],[112.7621,-7.2083],[112.7617,-7.2097],[112.7614,-7.2108],[112.7606,-7.2118],[112.7596,-7.2119],[112.7582,-7.2122],[112.7571,-7.2124],[112.7561,-7.2126],[112.755,-7.2128],[112.7536,-7.213],[112.7525,-7.2133],[112.7514,-7.2138],[112.7505,-7.2145],[112.7499,-7.2154],[112.7495,-7.2164],[112.7494,-7.2174],[112.7495,-7.2184],[112.7496,-7.2194],[112.7497,-7.2205],[112.7498,-7.2215],[112.7498,-7.2225],[112.749,-7.2232],[112.748,-7.2232],[112.7469,-7.2232],[112.746,-7.2236],[112.7451,-7.2242],[112.7455,-7.2251],[112.746,-7.226],[112.745,-7.2255],[112.7438,-7.2255],[112.7428,-7.2256],[112.7418,-7.2253],[112.7407,-7.2252],[112.7396,-7.2249],[112.7388,-7.2242],[112.7382,-7.2234],[112.7381,-7.2224],[112.7381,-7.2214],[112.738,-7.2204],[112.738,-7.2194],[112.7379,-7.2184],[112.7379,-7.2173],[112.7378,-7.2162],[112.7378,-7.2152],[112.7378,-7.2142],[112.7377,-7.2131],[112.7377,-7.2121],[112.7376,-7.2111],[112.7376,-7.2101],[112.7375,-7.209],[112.7373,-7.208],[112.7371,-7.207],[112.7369,-7.206],[112.7367,-7.205],[112.7365,-7.204],[112.7363,-7.2029],[112.7361,-7.2019],[112.7359,-7.2008],[112.7356,-7.1997],[112.7354,-7.1986],[112.7352,-7.1976],[112.735,-7.1964],[112.7371,-7.1957],[112.7394,-7.195],[112.7406,-7.1948],[112.7433,-7.1943],[112.7444,-7.1947],[112.7455,-7.1946],[112.7476,-7.1942],[112.7485,-7.1951],[112.7474,-7.1955],[112.7465,-7.196],[112.7475,-7.1974],[112.7485,-7.1975],[112.7497,-7.1982],[112.7509,-7.1991],[112.7518,-7.1999],[112.7533,-7.1998],[112.7544,-7.1994],[112.7558,-7.1986],[112.7567,-7.198],[112.757,-7.1978]]]]}},{"type":"Feature","properties":{"level":"village","regency":"Sidoarjo","district":"Sidoarjo","village":"Urangagung Jedong"},"geometry":{"type":"MultiPolygon","coordinates":[[[[112.6687,-7.4233],[112.6698,-7.4235],[112.6708,-7.4238],[112.6722,-7.4244],[112.672,-7.4254],[112.6727,-7.4264],[112.6737,-7.4267],[112.6747,-7.427],[112.6746,-7.428],[112.6743,-7.4292],[112.6734,-7.4297],[112.6725,-7.4293],[112.6715,-7.4296],[112.6713,-7.4306],[112.6703,-7.4309],[112.6699,-7.4318],[112.6697,-7.4328],[112.6696,-7.4339],[112.6708,-7.4345],[112.6724,-7.435],[112.6725,-7.437],[112.672,-7.4389],[112.6716,-7.4406],[112.6707,-7.4428],[112.6695,-7.4424],[112.668,-7.4419],[112.6667,-7.4414],[112.6642,-7.4406],[112.6607,-7.4394],[112.6605,-7.4384],[112.6599,-7.4374],[112.6598,-7.4363],[112.6603,-7.4346],[112.6618,-7.4349],[112.663,-7.4349],[112.6642,-7.4329],[112.6645,-7.4318],[112.6652,-7.431],[112.6654,-7.4299],[112.6653,-7.4286],[112.6654,-7.4276],[112.665,-7.4266],[112.6645,-7.4257],[112.6637,-7.425],[112.6635,-7.4239],[112.6642,-7.4223],[112.6652,-7.4226],[112.6664,-7.4229],[112.6676,-7.4232],[112.6686,-7.4233],[112.6687,-7.4233]]]]}},{"type":"Feature","properties":{"level":"village","regency":"Sidoarjo","district":"Buduran","village":"Wadungasih"},"geometry":{"type":"MultiPolygon","coordinates":[[[[112.7341,-7.415],[112.7351,-7.4154],[112.7364,-7.4162],[112.7377,-7.417],[112.7377,-7.421],[112.7374,-7.422],[112.7371,-7.4231],[112.7368,-7.4242],[112.738,-7.4245],[112.7376,-7.4267],[112.7372,-7.4289],[112.7369,-7.4302],[112.7363,-7.4293],[112.7367,-7.4279],[112.7363,-7.4266],[112.7357,-7.4256],[112.736,-7.4245],[112.735,-7.4238],[112.7336,-7.4235],[112.7324,-7.4232],[112.7314,-7.4231],[112.7305,-7.4235],[112.7292,-7.4233],[112.7283,-7.4238],[112.7273,-7.4237],[112.7263,-7.4234],[112.7251,-7.4231],[112.7254,-7.421],[112.7257,-7.4194],[112.7264,-7.4187],[112.7275,-7.419],[112.7288,-7.4183],[112.7293,-7.4174],[112.7301,-7.4157],[112.7309,-7.4139],[112.7325,-7.4144],[112.7338,-7.4149],[112.7341,-7.415]]]]}},{"type":"Feature","properties":{"level":"village","regency":"Sidoarjo","district":"Waru","village":"Wadungasri"},"geometry":{"type":"MultiPolygon","coordinates":[[[[112.7759,-7.3411],[112.7757,-7.3422],[112.7747,-7.3425],[112.7736,-7.3424],[112.7734,-7.3434],[112.7729,-7.3448],[112.7726,-7.3462],[112.7724,-7.3475],[112.7715,-7.3482],[112.7708,-7.3491],[112.7707,-7.3502],[112.7704,-7.3512],[112.7693,-7.3511],[112.7683,-7.3509],[112.7672,-7.3515],[112.7665,-7.3522],[112.7661,-7.3512],[112.7662,-7.3502],[112.7663,-7.3491],[112.7665,-7.3478],[112.766,-7.3469],[112.7659,-7.3455],[112.7655,-7.3445],[112.7656,-7.3435],[112.7646,-7.3431],[112.764,-7.3423],[112.7642,-7.3411],[112.764,-7.34],[112.7644,-7.3384],[112.7657,-7.3386],[112.7667,-7.3389],[112.7668,-7.34],[112.7668,-7.341],[112.7676,-7.3417],[112.7685,-7.3412],[112.769,-7.3401],[112.7698,-7.3395],[112.7708,-7.3394],[112.7739,-7.3408],[112.7756,-7.3411],[112.7759,-7.3411]]]]}},{"type":"Feature","properties":{"level":"village","regency":"Sidoarjo","district":"Taman","village":"Wage"},"geometry":{"type":"MultiPolygon","coordinates":[[[[112.7161,-7.3676],[112.7153,-7.3684],[112.7148,-7.3694],[112.7146,-7.3705],[112.7142,-7.3715],[112.7138,-7.3729],[112.7135,-7.3744],[112.7129,-7.3777],[112.7112,-7.3779],[112.7096,-7.3775],[112.7082,-7.3775],[112.7072,-7.3775],[112.7041,-7.3776],[112.7042,-7.3759],[112.7047,-7.3741],[112.7049,-7.373],[112.7045,-7.372],[112.7047,-7.3709],[112.705,-7.3699],[112.7054,-7.3676],[112.7043,-7.3672],[112.7033,-7.3669],[112.7021,-7.3664],[112.7025,-7.365],[112.703,-7.3639],[112.7033,-7.3627],[112.7036,-7.3614],[112.7048,-7.3611],[112.7065,-7.361],[112.7079,-7.3608],[112.7097,-7.3607],[112.7109,-7.3607],[112.7113,-7.3618],[112.7116,-7.3639],[112.7127,-7.3638],[112.7136,-7.3647],[112.714,-7.3659],[112.7155,-7.3657],[112.7159,-7.3668],[112.7161,-7.3676]]]]}},{"type":"Feature","properties":{"level":"village","regency":"Sidoarjo","district":"Krembung","village":"Wangkal"},"geometry":{"type":"MultiPolygon","coordinates":[[[[112.6591,-7.5226],[112.6589,-7.5238],[112.6598,-7.5243],[112.6613,-7.5249],[112.6626,-7.5251],[112.6637,-7.5254],[112.6649,-7.5253],[112.6661,-7.5255],[112.6673,-7.5259],[112.6666,-7.5275],[112.666,-7.5284],[112.6655,-7.5293],[112.665,-7.5302],[112.6641,-7.5308],[112.6629,-7.5306],[112.6619,-7.5301],[112.6605,-7.5296],[112.6589,-7.529],[112.6583,-7.5309],[112.6542,-7.53],[112.6535,-7.5293],[112.6519,-7.5289],[112.6508,-7.5287],[112.6496,-7.5284],[112.6478,-7.5278],[112.6466,-7.5276],[112.6465,-7.5264],[112.6472,-7.5255],[112.6482,-7.5243],[112.6491,-7.523],[112.65,-7.5225],[112.651,-7.522],[112.6521,-7.5219],[112.6532,-7.5214],[112.6555,-7.5219],[112.6591,-7.5226]]]]}},{"type":"Feature","properties":{"level":"village","regency":"Sidoarjo","district":"Waru","village":"Waru"},"geometry":{"type":"MultiPolygon","coordinates":[[[[112.7315,-7.3557],[112.7317,-7.3567],[112.7315,-7.3587],[112.7315,-7.36],[112.7315,-7.3611],[112.7316,-7.3621],[112.7323,-7.3629],[112.732,-7.3643],[112.7314,-7.367],[112.7309,-7.3679],[112.7294,-7.3677],[112.7277,-7.3674],[112.7267,-7.3673],[112.7266,-7.3663],[112.7268,-7.3652],[112.727,-7.364],[112.7262,-7.3632],[112.725,-7.363],[112.724,-7.3627],[112.7229,-7.3626],[112.7219,-7.3624],[112.7211,-7.3617],[112.7201,-7.3608],[112.7196,-7.3599],[112.7201,-7.3589],[112.7206,-7.3578],[112.7224,-7.3582],[112.7234,-7.3584],[112.7241,-7.3564],[112.7258,-7.3567],[112.7258,-7.3556],[112.7269,-7.355],[112.728,-7.3552],[112.7292,-7.3553],[112.7304,-7.3555],[112.7315,-7.3557]]]]}},{"type":"Feature","properties":{"level":"village","regency":"Sidoarjo","district":"Balong Bendo","village":"Waruberon"},"geometry":{"type":"MultiPolygon","coordinates":[[[[112.5328,-7.4244],[112.5323,-7.4254],[112.5323,-7.4265],[112.5326,-7.4277],[112.5325,-7.4291],[112.5325,-7.4301],[112.5312,-7.43],[112.5302,-7.4296],[112.5291,-7.429],[112.5279,-7.4285],[112.5269,-7.4282],[112.5257,-7.4278],[112.5249,-7.4269],[112.5241,-7.426],[112.5233,-7.4252],[112.5236,-7.4242],[112.5239,-7.4232],[112.5265,-7.4235],[112.5269,-7.4223],[112.5272,-7.4213],[112.5277,-7.4193],[112.5281,-7.418],[112.5284,-7.417],[112.5291,-7.4161],[112.5304,-7.4164],[112.5314,-7.4165],[112.5326,-7.4167],[112.5338,-7.4169],[112.5348,-7.4176],[112.5352,-7.4185],[112.5347,-7.4194],[112.5336,-7.4209],[112.5331,-7.4219],[112.5326,-7.4229],[112.5327,-7.424],[112.5328,-7.4244]]]]}},{"type":"Feature","properties":{"level":"village","regency":"Surabaya","district":"Karang Pilang","village":"Warugunung"},"geometry":{"type":"MultiPolygon","coordinates":[[[[112.6828,-7.3476],[112.6818,-7.3481],[112.6803,-7.3492],[112.6793,-7.3499],[112.6784,-7.3504],[112.6771,-7.3508],[112.6759,-7.3511],[112.6748,-7.3513],[112.6737,-7.3514],[112.6726,-7.3514],[112.6715,-7.3514],[112.6699,-7.3512],[112.6688,-7.351],[112.6677,-7.351],[112.6662,-7.3513],[112.6648,-7.3514],[112.6647,-7.3498],[112.6646,-7.3485],[112.6647,-7.3468],[112.6648,-7.3457],[112.6649,-7.3442],[112.6651,-7.3425],[112.6651,-7.3415],[112.6653,-7.3404],[112.6644,-7.34],[112.6634,-7.3397],[112.6627,-7.3385],[112.6617,-7.3374],[112.6612,-7.3364],[112.6617,-7.3348],[112.6632,-7.3349],[112.6641,-7.3354],[112.6651,-7.336],[112.6658,-7.3351],[112.6672,-7.335],[112.6685,-7.3352],[112.6696,-7.3357],[112.6708,-7.3366],[112.6718,-7.3362],[112.6717,-7.3351],[112.6724,-7.334],[112.6735,-7.3341],[112.6746,-7.3347],[112.6747,-7.3335],[112.6759,-7.3334],[112.677,-7.3335],[112.6784,-7.3337],[112.6795,-7.3339],[112.6809,-7.3334],[112.6823,-7.3327],[112.6836,-7.3321],[112.6834,-7.3335],[112.6829,-7.3344],[112.684,-7.3353],[112.6832,-7.3359],[112.6833,-7.3372],[112.6843,-7.3376],[112.685,-7.3384],[112.6836,-7.3394],[112.6826,-7.3407],[112.6823,-7.3424],[112.6829,-7.3438],[112.6829,-7.3454],[112.6831,-7.3466],[112.6828,-7.3476],[112.6828,-7.3476]]]]}},{"type":"Feature","properties":{"level":"village","regency":"Sidoarjo","district":"Balong Bendo","village":"Watesari"},"geometry":{"type":"MultiPolygon","coordinates":[[[[112.5611,-7.4236],[112.5608,-7.4246],[112.5603,-7.4258],[112.5597,-7.4276],[112.5592,-7.4289],[112.5587,-7.4305],[112.5581,-7.432],[112.5572,-7.433],[112.5562,-7.4323],[112.5552,-7.4319],[112.5542,-7.4319],[112.553,-7.4318],[112.5519,-7.4317],[112.5517,-7.4306],[112.5514,-7.4295],[112.5504,-7.4291],[112.5496,-7.4281],[112.5483,-7.4282],[112.5472,-7.4284],[112.5461,-7.4281],[112.5454,-7.4273],[112.5456,-7.4259],[112.5457,-7.4247],[112.5458,-7.4237],[112.5459,-7.4221],[112.5471,-7.422],[112.5489,-7.4222],[112.5501,-7.4222],[112.5514,-7.4223],[112.5524,-7.4224],[112.5542,-7.4226],[112.5546,-7.4211],[112.5547,-7.4199],[112.5547,-7.4185],[112.5548,-7.4172],[112.5549,-7.4156],[112.5549,-7.4146],[112.556,-7.4142],[112.557,-7.414],[112.5582,-7.4136],[112.5587,-7.4149],[112.5587,-7.4163],[112.5588,-7.4177],[112.5599,-7.4183],[112.5593,-7.4209],[112.5599,-7.4234],[112.5611,-7.4236]]]]}},{"type":"Feature","properties":{"level":"village","regency":"Sidoarjo","district":"Krian","village":"Watugolong"},"geometry":{"type":"MultiPolygon","coordinates":[[[[112.5975,-7.3803],[112.5974,-7.3814],[112.5972,-7.3825],[112.597,-7.3835],[112.5972,-7.3846],[112.5975,-7.3859],[112.5981,-7.3868],[112.5989,-7.3876],[112.5994,-7.3886],[112.5995,-7.3897],[112.5982,-7.3901],[112.5968,-7.3903],[112.5956,-7.3905],[112.5942,-7.3906],[112.5932,-7.391],[112.5913,-7.3912],[112.5899,-7.3913],[112.584,-7.3917],[112.584,-7.39],[112.5833,-7.3892],[112.5835,-7.3881],[112.5843,-7.3875],[112.5841,-7.3858],[112.5844,-7.3846],[112.5862,-7.3845],[112.5881,-7.3845],[112.5898,-7.3846],[112.5899,-7.3835],[112.5911,-7.383],[112.5921,-7.3837],[112.5933,-7.3847],[112.5934,-7.3831],[112.5933,-7.3818],[112.5932,-7.3804],[112.5956,-7.3802],[112.5966,-7.3803],[112.5975,-7.3803]]]]}},{"type":"Feature","properties":{"level":"village","regency":"Sidoarjo","district":"Prambon","village":"Watutulis"},"geometry":{"type":"MultiPolygon","coordinates":[[[[112.5702,-7.4314],[112.5702,-7.4325],[112.571,-7.4332],[112.5721,-7.4334],[112.5733,-7.4335],[112.5745,-7.4336],[112.5756,-7.4336],[112.5758,-7.4346],[112.5759,-7.4363],[112.5757,-7.4386],[112.5753,-7.4398],[112.5748,-7.4412],[112.5743,-7.4425],[112.5739,-7.4436],[112.5728,-7.4435],[112.5719,-7.4431],[112.5707,-7.4427],[112.5697,-7.4426],[112.5691,-7.4417],[112.568,-7.4414],[112.5681,-7.4403],[112.5686,-7.4393],[112.5677,-7.4386],[112.5668,-7.4379],[112.5658,-7.4379],[112.5646,-7.4375],[112.5651,-7.4361],[112.5661,-7.4343],[112.5668,-7.4329],[112.5677,-7.4325],[112.568,-7.4313],[112.5686,-7.4304],[112.5697,-7.4304],[112.5702,-7.4314]]]]}},{"type":"Feature","properties":{"level":"village","regency":"Sidoarjo","district":"Krembung","village":"Waung"},"geometry":{"type":"MultiPolygon","coordinates":[[[[112.6704,-7.5087],[112.6696,-7.5093],[112.669,-7.5102],[112.6683,-7.5111],[112.6676,-7.512],[112.6668,-7.5133],[112.6662,-7.5142],[112.6655,-7.5151],[112.6644,-7.5149],[112.6633,-7.5147],[112.6623,-7.5145],[112.6615,-7.5152],[112.6606,-7.5146],[112.6596,-7.5138],[112.6588,-7.5131],[112.6577,-7.5129],[112.6566,-7.5128],[112.6555,-7.5128],[112.6557,-7.5117],[112.6549,-7.5106],[112.6558,-7.5073],[112.6568,-7.508],[112.6581,-7.5082],[112.6594,-7.5084],[112.6605,-7.5088],[112.6609,-7.5074],[112.6617,-7.5064],[112.6627,-7.5061],[112.6639,-7.5063],[112.6655,-7.5068],[112.6671,-7.5072],[112.6687,-7.5076],[112.6698,-7.5078],[112.6705,-7.5085],[112.6704,-7.5087]]]]}},{"type":"Feature","properties":{"level":"village","regency":"Sidoarjo","district":"Gedangan","village":"Wedi"},"geometry":{"type":"MultiPolygon","coordinates":[[[[112.7519,-7.3826],[112.7557,-7.383],[112.7555,-7.384],[112.7554,-7.3852],[112.7553,-7.3862],[112.7546,-7.387],[112.7544,-7.388],[112.7538,-7.3888],[112.753,-7.3907],[112.7527,-7.3919],[112.7516,-7.3922],[112.7503,-7.3923],[112.7492,-7.3918],[112.7472,-7.3923],[112.7461,-7.3924],[112.7449,-7.3928],[112.7439,-7.3924],[112.7429,-7.3928],[112.7418,-7.3924],[112.7408,-7.392],[112.7407,-7.391],[112.7405,-7.39],[112.7407,-7.389],[112.741,-7.3879],[112.7414,-7.3869],[112.7412,-7.3859],[112.7408,-7.385],[112.7419,-7.3848],[112.7424,-7.3839],[112.7427,-7.3829],[112.7437,-7.3827],[112.7448,-7.3829],[112.7458,-7.383],[112.7468,-7.3825],[112.7481,-7.3827],[112.7491,-7.3828],[112.7504,-7.383],[112.7514,-7.3831],[112.7519,-7.3826]]]]}},{"type":"Feature","properties":{"level":"village","regency":"Sidoarjo","district":"Waru","village":"Wedoro"},"geometry":{"type":"MultiPolygon","coordinates":[[[[112.7536,-7.3421],[112.7537,-7.3433],[112.7536,-7.3446],[112.7534,-7.3457],[112.7533,-7.3471],[112.7531,-7.349],[112.753,-7.3505],[112.7528,-7.3518],[112.7529,-7.3529],[112.7534,-7.354],[112.7537,-7.355],[112.7533,-7.3565],[112.7506,-7.3565],[112.7493,-7.3564],[112.748,-7.3563],[112.7469,-7.3567],[112.7463,-7.3558],[112.746,-7.3546],[112.7461,-7.3533],[112.7455,-7.3521],[112.7455,-7.3509],[112.7454,-7.3496],[112.7457,-7.3483],[112.7461,-7.3465],[112.7462,-7.3447],[112.7464,-7.3424],[112.7475,-7.3422],[112.7486,-7.3423],[112.7499,-7.3423],[112.7513,-7.3423],[112.7524,-7.3424],[112.7535,-7.3422],[112.7536,-7.3421]]]]}},{"type":"Feature","properties":{"level":"village","regency":"Sidoarjo","district":"Candi","village":"Wedoro Klurak"},"geometry":{"type":"MultiPolygon","coordinates":[[[[112.7459,-7.4734],[112.7456,-7.4744],[112.7457,-7.4754],[112.7449,-7.476],[112.7439,-7.4757],[112.7428,-7.4757],[112.7423,-7.4766],[112.7425,-7.4776],[112.7435,-7.4779],[112.7443,-7.4772],[112.7451,-7.4765],[112.7453,-7.4776],[112.7443,-7.4778],[112.7435,-7.4784],[112.7425,-7.4792],[112.7432,-7.48],[112.7418,-7.4805],[112.7407,-7.4802],[112.7368,-7.4791],[112.7363,-7.4781],[112.7355,-7.4775],[112.7343,-7.4772],[112.7333,-7.4765],[112.7323,-7.4762],[112.7311,-7.4767],[112.7296,-7.477],[112.7286,-7.477],[112.7275,-7.4768],[112.7265,-7.4764],[112.7264,-7.4751],[112.727,-7.4743],[112.7272,-7.4732],[112.7274,-7.4717],[112.7282,-7.4711],[112.7292,-7.4709],[112.7304,-7.4707],[112.7308,-7.4717],[112.7317,-7.4722],[112.7324,-7.4729],[112.7336,-7.4731],[112.7343,-7.4723],[112.7353,-7.4725],[112.7364,-7.4724],[112.7375,-7.4723],[112.7387,-7.4722],[112.7399,-7.4723],[112.7419,-7.4724],[112.7443,-7.4716],[112.7442,-7.4732],[112.7453,-7.4734],[112.7459,-7.4734]]]]}},{"type":"Feature","properties":{"level":"village","regency":"Sidoarjo","district":"Sukodono","village":"Wilayut"},"geometry":{"type":"MultiPolygon","coordinates":[[[[112.6622,-7.4115],[112.6633,-7.4118],[112.6644,-7.4121],[112.6654,-7.4123],[112.6654,-7.4135],[112.6656,-7.4148],[112.6658,-7.416],[112.6661,-7.4171],[112.6669,-7.4177],[112.6675,-7.4186],[112.6684,-7.4192],[112.6691,-7.4203],[112.669,-7.4216],[112.6687,-7.4233],[112.6676,-7.4232],[112.6665,-7.4229],[112.6654,-7.4227],[112.6644,-7.4223],[112.6637,-7.4233],[112.6623,-7.423],[112.661,-7.4225],[112.6599,-7.4222],[112.6579,-7.4215],[112.6571,-7.4208],[112.6574,-7.4198],[112.6577,-7.4184],[112.658,-7.4169],[112.6588,-7.4152],[112.6591,-7.4137],[112.6594,-7.4124],[112.6598,-7.4114],[112.6609,-7.4112],[112.662,-7.4115],[112.6622,-7.4115]]]]}},{"type":"Feature","properties":{"level":"village","regency":"Sidoarjo","district":"Prambon","village":"Wirobiting"},"geometry":{"type":"MultiPolygon","coordinates":[[[[112.5871,-7.4765],[112.5866,-7.4776],[112.5861,-7.4785],[112.5855,-7.4795],[112.5851,-7.4805],[112.5847,-7.4816],[112.5852,-7.4825],[112.5848,-7.4838],[112.5845,-7.4848],[112.5843,-7.4858],[112.5842,-7.4868],[112.584,-7.4878],[112.5837,-7.4889],[112.5847,-7.4894],[112.5858,-7.4897],[112.5855,-7.4906],[112.5849,-7.4922],[112.5845,-7.4933],[112.5829,-7.4926],[112.5819,-7.4919],[112.5812,-7.4908],[112.5804,-7.4898],[112.5799,-7.4887],[112.58,-7.4875],[112.58,-7.4864],[112.579,-7.4858],[112.5782,-7.4844],[112.577,-7.484],[112.5758,-7.4836],[112.5747,-7.4832],[112.5735,-7.4835],[112.5728,-7.4827],[112.5723,-7.4816],[112.5729,-7.4807],[112.5733,-7.4797],[112.5743,-7.4797],[112.5753,-7.4798],[112.5765,-7.4801],[112.5772,-7.4793],[112.5775,-7.4781],[112.5787,-7.4777],[112.5793,-7.4767],[112.5803,-7.4763],[112.5808,-7.4744],[112.5819,-7.4745],[112.5833,-7.475],[112.5844,-7.4755],[112.5855,-7.4758],[112.5865,-7.4762],[112.5871,-7.4765]]]]}},{"type":"Feature","properties":{"level":"village","regency":"Surabaya","district":"Wiyung","village":"Wiyung"},"geometry":{"type":"MultiPolygon","coordinates":[[[[112.6967,-7.3],[112.6972,-7.3016],[112.6972,-7.3029],[112.6983,-7.3043],[112.6996,-7.3055],[112.7004,-7.3063],[112.7004,-7.3074],[112.6998,-7.3084],[112.6993,-7.3094],[112.6992,-7.3106],[112.6992,-7.3118],[112.699,-7.3129],[112.6991,-7.3139],[112.6991,-7.3158],[112.6991,-7.3175],[112.6991,-7.3185],[112.6989,-7.3195],[112.6988,-7.3206],[112.6987,-7.322],[112.6978,-7.3232],[112.6969,-7.3236],[112.6953,-7.3232],[112.6942,-7.3229],[112.6929,-7.3226],[112.6915,-7.3225],[112.6905,-7.3223],[112.6885,-7.322],[112.6874,-7.3218],[112.6861,-7.3216],[112.6862,-7.3204],[112.6865,-7.3194],[112.6868,-7.3184],[112.6869,-7.3174],[112.6872,-7.3159],[112.6874,-7.3147],[112.6879,-7.3123],[112.6883,-7.3113],[112.6886,-7.3102],[112.689,-7.3089],[112.6895,-7.3075],[112.6899,-7.306],[112.6903,-7.3045],[112.6892,-7.303],[112.6884,-7.3019],[112.6872,-7.3017],[112.6867,-7.3005],[112.6877,-7.2996],[112.6887,-7.2994],[112.69,-7.2996],[112.6911,-7.2996],[112.6947,-7.3006],[112.6962,-7.3012],[112.6967,-7.3],[112.6967,-7.3]]]]}},{"type":"Feature","properties":{"level":"village","regency":"Sidoarjo","district":"Prambon","village":"Wono Plintahan"},"geometry":{"type":"MultiPolygon","coordinates":[[[[112.5811,-7.4475],[112.5818,-7.4484],[112.5828,-7.4486],[112.5837,-7.4491],[112.5837,-7.4502],[112.5847,-7.4505],[112.5857,-7.4501],[112.5862,-7.4512],[112.5858,-7.4529],[112.5858,-7.4539],[112.5868,-7.4546],[112.5879,-7.4546],[112.5894,-7.4545],[112.5922,-7.4548],[112.5918,-7.4562],[112.5913,-7.4578],[112.5899,-7.4579],[112.5889,-7.4584],[112.5878,-7.4584],[112.5868,-7.4578],[112.5858,-7.4574],[112.5848,-7.4574],[112.5837,-7.458],[112.5827,-7.4584],[112.581,-7.4584],[112.579,-7.4583],[112.5789,-7.4573],[112.5779,-7.4568],[112.577,-7.456],[112.5759,-7.4558],[112.5744,-7.4554],[112.5741,-7.4568],[112.5729,-7.4569],[112.5718,-7.4579],[112.5704,-7.4575],[112.5692,-7.4572],[112.5688,-7.456],[112.5697,-7.4555],[112.5702,-7.4539],[112.5691,-7.4536],[112.568,-7.4539],[112.5672,-7.4532],[112.5664,-7.4525],[112.5652,-7.4523],[112.5649,-7.4512],[112.5649,-7.4502],[112.565,-7.4491],[112.5662,-7.4489],[112.5665,-7.4479],[112.5679,-7.4486],[112.5687,-7.4469],[112.5698,-7.4466],[112.5698,-7.4477],[112.5697,-7.4487],[112.5683,-7.4492],[112.5696,-7.4501],[112.5701,-7.4482],[112.5714,-7.4486],[112.573,-7.449],[112.5741,-7.4493],[112.5751,-7.4496],[112.577,-7.4502],[112.5781,-7.4505],[112.5793,-7.4505],[112.5801,-7.4496],[112.5806,-7.4479],[112.5811,-7.4475]]]]}},{"type":"Feature","properties":{"level":"village","regency":"Sidoarjo","district":"Wonoayu","village":"Wonoayu"},"geometry":{"type":"MultiPolygon","coordinates":[[[[112.6307,-7.4337],[112.6302,-7.4349],[112.6295,-7.4364],[112.6288,-7.4382],[112.6282,-7.4396],[112.6271,-7.4388],[112.6258,-7.4398],[112.6249,-7.4402],[112.6235,-7.4399],[112.6224,-7.4399],[112.6213,-7.4399],[112.6202,-7.4397],[112.6183,-7.4393],[112.6173,-7.439],[112.616,-7.4385],[112.6153,-7.4377],[112.6161,-7.4366],[112.6162,-7.4355],[112.6164,-7.4345],[112.6167,-7.4329],[112.618,-7.4326],[112.6191,-7.4326],[112.6203,-7.4325],[112.622,-7.4316],[112.6225,-7.4305],[112.6229,-7.4293],[112.6234,-7.4275],[112.625,-7.4281],[112.6274,-7.4289],[112.6284,-7.4291],[112.6289,-7.43],[112.6287,-7.4313],[112.6285,-7.4325],[112.6299,-7.4333],[112.6307,-7.4337]]]]}},{"type":"Feature","properties":{"level":"village","regency":"Sidoarjo","district":"Taman","village":"Wonocolo"},"geometry":{"type":"MultiPolygon","coordinates":[[[[112.6967,-7.3501],[112.6956,-7.35],[112.6943,-7.3499],[112.6933,-7.3502],[112.6922,-7.3502],[112.6919,-7.3492],[112.6924,-7.3482],[112.6927,-7.3472],[112.6924,-7.3461],[112.6915,-7.3456],[112.6924,-7.3445],[112.6934,-7.3441],[112.6947,-7.3436],[112.6957,-7.344],[112.6972,-7.3445],[112.6982,-7.3456],[112.6988,-7.3472],[112.6984,-7.3484],[112.6975,-7.3492],[112.6968,-7.3499],[112.6967,-7.3501]]]]}},{"type":"Feature","properties":{"level":"village","regency":"Sidoarjo","district":"Wonoayu","village":"Wonokalang"},"geometry":{"type":"MultiPolygon","coordinates":[[[[112.6104,-7.4191],[112.6115,-7.4192],[112.6124,-7.4198],[112.6137,-7.4202],[112.6148,-7.4197],[112.6159,-7.4202],[112.6162,-7.4212],[112.6161,-7.4223],[112.6157,-7.4232],[112.6154,-7.4243],[112.6151,-7.4253],[112.6146,-7.4262],[112.6138,-7.4275],[112.6134,-7.4286],[112.6115,-7.4278],[112.6106,-7.4273],[112.6094,-7.427],[112.6083,-7.4268],[112.6073,-7.4264],[112.6067,-7.4274],[112.6063,-7.4284],[112.6055,-7.4292],[112.6045,-7.4291],[112.6039,-7.4301],[112.6019,-7.4301],[112.6017,-7.4316],[112.6002,-7.4315],[112.5991,-7.4314],[112.5985,-7.4305],[112.5982,-7.4285],[112.598,-7.4265],[112.5981,-7.4255],[112.5983,-7.4243],[112.5986,-7.4232],[112.6002,-7.4235],[112.6013,-7.4237],[112.6019,-7.4211],[112.6027,-7.4195],[112.6038,-7.4189],[112.6051,-7.4189],[112.6065,-7.4189],[112.6075,-7.4189],[112.6087,-7.419],[112.61,-7.419],[112.6104,-7.4191]]]]}},{"type":"Feature","properties":{"level":"village","regency":"Sidoarjo","district":"Balong Bendo","village":"Wonokarang"},"geometry":{"type":"MultiPolygon","coordinates":[[[[112.5249,-7.41],[112.5244,-7.411],[112.5236,-7.4116],[112.5224,-7.4126],[112.5215,-7.4131],[112.52,-7.4142],[112.5194,-7.4134],[112.5187,-7.4125],[112.5179,-7.4119],[112.5169,-7.4121],[112.516,-7.4126],[112.5151,-7.4135],[112.5138,-7.4135],[112.5131,-7.4143],[112.5123,-7.4149],[112.5113,-7.4146],[112.5099,-7.4146],[112.5088,-7.4146],[112.5081,-7.4137],[112.5082,-7.4126],[112.5083,-7.4111],[112.5084,-7.4094],[112.5105,-7.409],[112.5116,-7.4089],[112.5127,-7.4087],[112.5138,-7.4086],[112.5156,-7.4085],[112.5169,-7.4083],[112.5183,-7.4082],[112.5194,-7.408],[112.5236,-7.4067],[112.5238,-7.4078],[112.5241,-7.4089],[112.5248,-7.4099],[112.5249,-7.41]]]]}},{"type":"Feature","properties":{"level":"village","regency":"Sidoarjo","district":"Wonoayu","village":"Wonokasian"},"geometry":{"type":"MultiPolygon","coordinates":[[[[112.657,-7.4212],[112.6591,-7.4219],[112.6601,-7.4223],[112.6615,-7.4227],[112.663,-7.4232],[112.6632,-7.4248],[112.6642,-7.4252],[112.665,-7.4259],[112.6654,-7.4271],[112.6652,-7.4282],[112.6653,-7.4293],[112.6653,-7.4304],[112.6642,-7.4302],[112.6629,-7.4306],[112.6618,-7.4306],[112.6608,-7.4301],[112.6604,-7.4313],[112.6593,-7.4312],[112.658,-7.4333],[112.6569,-7.4346],[112.6553,-7.4348],[112.6543,-7.4346],[112.6532,-7.4345],[112.6519,-7.4343],[112.6509,-7.4346],[112.6507,-7.436],[112.6514,-7.4369],[112.6514,-7.438],[112.6522,-7.4392],[112.6518,-7.4403],[112.6508,-7.4408],[112.6499,-7.4402],[112.6488,-7.4405],[112.6473,-7.4411],[112.6461,-7.441],[112.6464,-7.4395],[112.6465,-7.4384],[112.6472,-7.4375],[112.6476,-7.4364],[112.648,-7.4352],[112.6472,-7.4342],[112.6469,-7.4332],[112.6474,-7.4311],[112.6461,-7.4307],[112.6444,-7.43],[112.6434,-7.4299],[112.6421,-7.4297],[112.6426,-7.4277],[112.6446,-7.4251],[112.646,-7.4256],[112.6473,-7.4263],[112.6484,-7.4268],[112.6492,-7.4261],[112.6503,-7.4258],[112.6514,-7.4255],[112.6524,-7.4246],[112.6535,-7.424],[112.6544,-7.4235],[112.6552,-7.4227],[112.6562,-7.4221],[112.6566,-7.4211],[112.657,-7.4212]]]]}},{"type":"Feature","properties":{"level":"village","regency":"Surabaya","district":"Wonokromo","village":"Wonokromo"},"geometry":{"type":"MultiPolygon","coordinates":[[[[112.7352,-7.3106],[112.7342,-7.3103],[112.733,-7.3102],[112.7318,-7.3098],[112.7308,-7.3097],[112.7297,-7.31],[112.7287,-7.3097],[112.7277,-7.3092],[112.7266,-7.3086],[112.7256,-7.3082],[112.7247,-7.3078],[112.7233,-7.3077],[112.7243,-7.3069],[112.7253,-7.3059],[112.726,-7.3051],[112.7268,-7.304],[112.7276,-7.3028],[112.7283,-7.3019],[112.7295,-7.3011],[112.7305,-7.3007],[112.7316,-7.3003],[112.7329,-7.2999],[112.7341,-7.2998],[112.7358,-7.2997],[112.7375,-7.2997],[112.7373,-7.3007],[112.737,-7.3021],[112.7366,-7.3036],[112.7364,-7.3047],[112.7362,-7.3059],[112.7359,-7.3073],[112.7357,-7.3085],[112.7354,-7.3099],[112.7352,-7.3106]]]]}},{"type":"Feature","properties":{"level":"village","regency":"Sidoarjo","district":"Balong Bendo","village":"Wonokupang"},"geometry":{"type":"MultiPolygon","coordinates":[[[[112.5279,-7.4093],[112.5281,-7.4104],[112.5282,-7.4114],[112.5283,-7.4126],[112.5285,-7.4138],[112.529,-7.4149],[112.5286,-7.4161],[112.5282,-7.4176],[112.5279,-7.4188],[112.5274,-7.4205],[112.527,-7.422],[112.5265,-7.4234],[112.5239,-7.4232],[112.5219,-7.423],[112.5218,-7.4211],[112.5205,-7.421],[112.5191,-7.4209],[112.519,-7.4194],[112.5187,-7.4178],[112.5184,-7.4162],[112.5179,-7.4152],[112.5179,-7.4141],[112.518,-7.412],[112.5189,-7.4128],[112.5197,-7.4135],[112.5209,-7.4137],[112.5219,-7.4129],[112.5228,-7.4122],[112.524,-7.4113],[112.5248,-7.4105],[112.5251,-7.4093],[112.5262,-7.4092],[112.5273,-7.4093],[112.5279,-7.4093]]]]}},{"type":"Feature","properties":{"level":"village","regency":"Surabaya","district":"Semampir","village":"Wonokusumo"},"geometry":{"type":"MultiPolygon","coordinates":[[[[112.7609,-7.213],[112.7608,-7.214],[112.7605,-7.215],[112.7602,-7.216],[112.7601,-7.217],[112.7599,-7.2182],[112.7597,-7.2192],[112.7595,-7.2203],[112.7593,-7.2215],[112.7597,-7.2227],[112.7606,-7.2233],[112.7599,-7.2242],[112.7588,-7.2243],[112.758,-7.225],[112.7564,-7.2245],[112.7553,-7.2243],[112.754,-7.2239],[112.7528,-7.2236],[112.7518,-7.2233],[112.7507,-7.2229],[112.7498,-7.2224],[112.7498,-7.2214],[112.7497,-7.2204],[112.7496,-7.2194],[112.7494,-7.2184],[112.7494,-7.2173],[112.7496,-7.2163],[112.75,-7.2153],[112.7507,-7.2143],[112.7518,-7.2136],[112.7529,-7.2131],[112.7548,-7.2128],[112.7561,-7.2126],[112.7571,-7.2124],[112.7582,-7.2122],[112.7596,-7.2119],[112.7606,-7.2118],[112.7609,-7.2128],[112.7609,-7.213]]]]}},{"type":"Feature","properties":{"level":"village","regency":"Sidoarjo","district":"Krembung","village":"Wonomlati"},"geometry":{"type":"MultiPolygon","coordinates":[[[[112.6377,-7.4913],[112.6389,-7.4917],[112.6392,-7.493],[112.6398,-7.4939],[112.6411,-7.4943],[112.6424,-7.4946],[112.6422,-7.4957],[112.6418,-7.4971],[112.6407,-7.497],[112.6395,-7.4967],[112.6378,-7.4964],[112.6374,-7.4973],[112.637,-7.4984],[112.6366,-7.4995],[112.6345,-7.4989],[112.6334,-7.4992],[112.6325,-7.4998],[112.632,-7.5008],[112.6317,-7.5021],[112.6316,-7.5031],[112.6309,-7.5039],[112.6289,-7.5035],[112.6276,-7.5033],[112.626,-7.5031],[112.6249,-7.5029],[112.6242,-7.502],[112.6242,-7.5005],[112.6241,-7.4995],[112.6231,-7.4992],[112.6218,-7.4989],[112.6215,-7.4978],[112.6211,-7.4964],[112.6205,-7.4956],[112.6196,-7.4947],[112.6191,-7.4935],[112.6195,-7.4919],[112.6197,-7.4909],[112.62,-7.4897],[112.6218,-7.49],[112.6234,-7.4904],[112.626,-7.4912],[112.6276,-7.4916],[112.6286,-7.4919],[112.63,-7.4922],[112.63,-7.4935],[112.6311,-7.4932],[112.6322,-7.4926],[112.633,-7.4908],[112.6341,-7.4902],[112.6351,-7.4904],[112.6361,-7.4907],[112.6371,-7.4911],[112.6377,-7.4913]]]]}},{"type":"Feature","properties":{"level":"village","regency":"Surabaya","district":"Rungkut","village":"Wonorejo"},"geometry":{"type":"MultiPolygon","coordinates":[[[[112.8355,-7.3194],[112.8346,-7.3189],[112.8337,-7.3184],[112.8328,-7.3179],[112.8318,-7.3176],[112.8308,-7.3176],[112.8298,-7.3175],[112.8288,-7.317],[112.828,-7.3164],[112.8272,-7.3157],[112.8265,-7.3148],[112.8261,-7.3139],[112.8253,-7.3131],[112.8242,-7.3126],[112.8231,-7.3119],[112.8221,-7.3111],[112.8207,-7.3111],[112.8197,-7.3105],[112.8188,-7.3109],[112.8185,-7.3121],[112.8171,-7.3125],[112.8164,-7.3135],[112.8154,-7.3143],[112.8145,-7.3148],[112.8144,-7.3159],[112.8136,-7.3165],[112.8126,-7.3166],[112.8115,-7.3166],[112.8105,-7.3166],[112.8094,-7.3167],[112.808,-7.3167],[112.8062,-7.317],[112.8048,-7.3174],[112.8035,-7.3176],[112.8021,-7.3179],[112.8008,-7.3182],[112.7998,-7.3184],[112.7988,-7.3187],[112.7977,-7.3189],[112.7967,-7.3192],[112.7957,-7.3195],[112.7947,-7.3198],[112.7933,-7.3201],[112.7916,-7.3205],[112.791,-7.3195],[112.7908,-7.3184],[112.7906,-7.3174],[112.7904,-7.3164],[112.7895,-7.3158],[112.7883,-7.3159],[112.7882,-7.3146],[112.788,-7.3129],[112.788,-7.3118],[112.7862,-7.3114],[112.786,-7.3104],[112.786,-7.309],[112.7872,-7.3087],[112.7884,-7.3083],[112.7895,-7.308],[112.7905,-7.3077],[112.7916,-7.3075],[112.7926,-7.3076],[112.7937,-7.3077],[112.7948,-7.3078],[112.7958,-7.3079],[112.797,-7.3079],[112.7981,-7.3079],[112.7992,-7.3079],[112.8003,-7.3078],[112.8013,-7.3077],[112.8024,-7.3075],[112.8034,-7.3076],[112.8044,-7.3079],[112.8053,-7.3084],[112.8063,-7.3087],[112.8073,-7.3086],[112.8082,-7.308],[112.8084,-7.307],[112.8077,-7.3062],[112.8069,-7.3055],[112.8063,-7.3046],[112.806,-7.3036],[112.8061,-7.3025],[112.8065,-7.3016],[112.8071,-7.3007],[112.8078,-7.2999],[112.8086,-7.2993],[112.8095,-7.2989],[112.8105,-7.2988],[112.8115,-7.299],[112.8124,-7.2996],[112.8133,-7.3001],[112.8142,-7.3005],[112.8152,-7.3008],[112.8161,-7.3013],[112.817,-7.3018],[112.8179,-7.3025],[112.8186,-7.3032],[112.8193,-7.304],[112.8199,-7.3048],[112.8206,-7.3057],[112.8214,-7.3064],[112.8223,-7.3069],[112.8233,-7.3069],[112.8243,-7.307],[112.8253,-7.3072],[112.8264,-7.3073],[112.8274,-7.3075],[112.8284,-7.3078],[112.8295,-7.308],[112.8305,-7.3082],[112.8315,-7.3084],[112.8326,-7.3086],[112.8336,-7.3088],[112.8346,-7.3091],[112.8356,-7.3093],[112.8367,-7.3096],[112.8378,-7.3099],[112.8388,-7.3102],[112.8398,-7.3099],[112.8405,-7.3092],[112.841,-7.3083],[112.8416,-7.3074],[112.8423,-7.3066],[112.8431,-7.3058],[112.8439,-7.3052],[112.8449,-7.3045],[112.8458,-7.3049],[112.8464,-7.3062],[112.8465,-7.3073],[112.8457,-7.3079],[112.8458,-7.3089],[112.8456,-7.31],[112.8451,-7.311],[112.8447,-7.312],[112.8445,-7.3132],[112.8438,-7.314],[112.8431,-7.3148],[112.843,-7.3159],[112.8425,-7.317],[112.8416,-7.318],[112.8406,-7.3187],[112.8392,-7.3206],[112.8383,-7.3213],[112.8377,-7.3223],[112.8368,-7.3214],[112.8358,-7.3201],[112.8355,-7.3194]]]]}},{"type":"Feature","properties":{"level":"village","regency":"Surabaya","district":"Tegalsari","village":"Wonorejo"},"geometry":{"type":"MultiPolygon","coordinates":[[[[112.7351,-7.2681],[112.7354,-7.2696],[112.7352,-7.2707],[112.7351,-7.2717],[112.735,-7.2727],[112.7348,-7.2738],[112.7347,-7.2749],[112.7338,-7.2756],[112.7326,-7.2753],[112.7315,-7.2751],[112.7301,-7.2748],[112.7285,-7.2744],[112.727,-7.274],[112.7274,-7.273],[112.7278,-7.2721],[112.7283,-7.2711],[112.7286,-7.2701],[112.7289,-7.2691],[112.7294,-7.2678],[112.7298,-7.2668],[112.7303,-7.2656],[112.7316,-7.2662],[112.7328,-7.2668],[112.7338,-7.2674],[112.7349,-7.268],[112.7351,-7.2681]]]]}},{"type":"Feature","properties":{"level":"village","regency":"Sidoarjo","district":"Porong","village":"Wunut"},"geometry":{"type":"MultiPolygon","coordinates":[[[[112.6889,-7.5102],[112.6883,-7.5128],[112.6893,-7.5129],[112.6903,-7.5131],[112.6911,-7.514],[112.6918,-7.5147],[112.6931,-7.5149],[112.6943,-7.5151],[112.6952,-7.5155],[112.6964,-7.516],[112.6977,-7.5163],[112.6987,-7.5167],[112.6997,-7.5171],[112.701,-7.5188],[112.7,-7.5198],[112.699,-7.5205],[112.6982,-7.5211],[112.6975,-7.5222],[112.6966,-7.523],[112.6955,-7.5235],[112.6948,-7.5243],[112.6934,-7.5241],[112.6917,-7.5243],[112.6887,-7.5241],[112.6876,-7.5241],[112.6864,-7.5244],[112.6852,-7.5249],[112.6839,-7.5244],[112.6843,-7.5234],[112.6852,-7.5198],[112.6848,-7.5188],[112.6847,-7.5178],[112.6849,-7.5167],[112.6853,-7.5155],[112.6856,-7.5145],[112.6861,-7.5135],[112.6864,-7.5125],[112.6855,-7.5114],[112.6858,-7.5104],[112.6868,-7.5104],[112.6879,-7.5105],[112.6888,-7.5101],[112.6889,-7.5102]]]]}},{"type":"Feature","properties":{"level":"district","regency":"Surabaya","district":"Gubeng"},"geometry":{"type":"MultiPolygon","coordinates":[[[[112.751,-7.268],[112.7522,-7.2677],[112.7531,-7.2686],[112.754,-7.269],[112.7543,-7.2701],[112.7546,-7.2711],[112.7543,-7.2726],[112.7537,-7.2738],[112.7528,-7.2742],[112.7525,-7.2758],[112.7523,-7.2771],[112.7508,-7.2774],[112.7497,-7.2772],[112.7485,-7.2769],[112.7471,-7.2766],[112.7461,-7.2764],[112.7452,-7.2768],[112.7441,-7.2772],[112.7438,-7.2762],[112.7437,-7.2752],[112.744,-7.274],[112.7445,-7.273],[112.7451,-7.2721],[112.7459,-7.2714],[112.7467,-7.2707],[112.7475,-7.27],[112.7484,-7.2691],[112.7492,-7.2684],[112.75,-7.2676],[112.751,-7.268]]]]}},{"type":"Feature","properties":{"level":"district","regency":"Surabaya","district":"Bubutan"},"geometry":{"type":"MultiPolygon","coordinates":[[[[112.7422,-7.2477],[112.7418,-7.2486],[112.7411,-7.2493],[112.7402,-7.25],[112.7393,-7.2505],[112.7384,-7.251],[112.7376,-7.2516],[112.7372,-7.2525],[112.7376,-7.2536],[112.7377,-7.2546],[112.7384,-7.2556],[112.7399,-7.2557],[112.741,-7.2557],[112.7422,-7.2557],[112.741,-7.2561],[112.7396,-7.2561],[112.738,-7.256],[112.737,-7.2558],[112.7358,-7.2558],[112.7348,-7.2558],[112.7342,-7.2549],[112.7346,-7.2538],[112.7351,-7.2526],[112.7354,-7.2516],[112.7358,-7.2506],[112.7362,-7.2494],[112.7365,-7.2483],[112.7369,-7.247],[112.7371,-7.2458],[112.7382,-7.2451],[112.7395,-7.245],[112.7408,-7.2446],[112.7418,-7.2442],[112.7428,-7.2443],[112.743,-7.2453],[112.7428,-7.2463],[112.7424,-7.2472],[112.7422,-7.2477]]]]}},{"type":"Feature","properties":{"level":"district","regency":"Surabaya","district":"Semampir"},"geometry":{"type":"MultiPolygon","coordinates":[[[[112.7461,-7.2263],[112.7459,-7.2273],[112.7457,-7.2289],[112.7455,-7.23],[112.7449,-7.2309],[112.7442,-7.2318],[112.7436,-7.2327],[112.743,-7.2335],[112.7417,-7.234],[112.7411,-7.2331],[112.741,-7.2321],[112.7409,-7.231],[112.7414,-7.2301],[112.7415,-7.2291],[112.7414,-7.2273],[112.741,-7.2263],[112.7412,-7.2253],[112.7423,-7.2255],[112.7437,-7.2255],[112.7449,-7.2255],[112.7459,-7.2262],[112.7461,-7.2263]]],[[[112.758,-7.225],[112.7564,-7.2245],[112.7553,-7.2243],[112.754,-7.2239],[112.7528,-7.2236],[112.7538,-7.2238],[112.7548,-7.2241],[112.756,-7.2244],[112.7572,-7.2246],[112.758,-7.225]]]]}},{"type":"Feature","properties":{"level":"district","regency":"Sidoarjo","district":"Sukodono"},"geometry":{"type":"MultiPolygon","coordinates":[[[[112.6854,-7.4115],[112.6848,-7.414],[112.6851,-7.4123],[112.6855,-7.4112],[112.6865,-7.4108],[112.6871,-7.41],[112.6864,-7.4108],[112.6855,-7.4114],[112.6843,-7.4109],[112.6852,-7.4115],[112.6854,-7.4115]]],[[[112.669,-7.3839],[112.6689,-7.3851],[112.6686,-7.3863],[112.6689,-7.3876],[112.6695,-7.3886],[112.6701,-7.3878],[112.6688,-7.3883],[112.6691,-7.3871],[112.6687,-7.3856],[112.669,-7.3839]]],[[[112.6705,-7.391],[112.6703,-7.392],[112.6692,-7.3916],[112.6683,-7.3907],[112.6661,-7.3897],[112.6678,-7.3905],[112.668,-7.3906],[112.6691,-7.3915],[112.67,-7.3919],[112.6705,-7.391]]],[[[112.6878,-7.4092],[112.6888,-7.4077],[112.6895,-7.4067],[112.6898,-7.4051],[112.6899,-7.4041],[112.6896,-7.4061],[112.6893,-7.407],[112.6878,-7.4092]]],[[[112.6691,-7.4203],[112.6688,-7.4193],[112.6678,-7.4187],[112.6669,-7.4177],[112.6675,-7.4186],[112.6684,-7.4192],[112.6691,-7.4203]]],[[[112.6656,-7.4148],[112.6666,-7.4149],[112.6678,-7.4126],[112.6673,-7.4143],[112.666,-7.4147],[112.6654,-7.4136],[112.6655,-7.4125],[112.6644,-7.4121],[112.6654,-7.4123],[112.6654,-7.4135],[112.6656,-7.4148]]],[[[112.693,-7.3793],[112.693,-7.3812],[112.6936,-7.3821],[112.6952,-7.3828],[112.6941,-7.3822],[112.6931,-7.3819],[112.6932,-7.3803],[112.693,-7.3793]]]]}},{"type":"Feature","properties":{"level":"district","regency":"Surabaya","district":"Asemrowo"},"geometry":{"type":"MultiPolygon","coordinates":[[[[112.6968,-7.241],[112.6969,-7.2399],[112.6959,-7.2398],[112.6943,-7.2397],[112.6953,-7.2398],[112.6964,-7.2398],[112.6968,-7.241]]],[[[112.6905,-7.2335],[112.6896,-7.2329],[112.6893,-7.2319],[112.6889,-7.231],[112.6893,-7.232],[112.6897,-7.2329],[112.6905,-7.2335]]]]}},{"type":"Feature","properties":{"level":"district","regency":"Surabaya","district":"Pakal"},"geometry":{"type":"MultiPolygon","coordinates":[[[[112.6238,-7.2524],[112.6249,-7.2527],[112.6255,-7.2517],[112.626,-7.2507],[112.6267,-7.2499],[112.6276,-7.2483],[112.6273,-7.2493],[112.6264,-7.2502],[112.6258,-7.2512],[112.6252,-7.2523],[112.6238,-7.2524]]],[[[112.6175,-7.223],[112.618,-7.2214],[112.6183,-7.2204],[112.6189,-7.218],[112.6201,-7.218],[112.619,-7.2179],[112.6184,-7.2198],[112.618,-7.2213],[112.6175,-7.223]]]]}},{"type":"Feature","properties":{"level":"district","regency":"Surabaya","district":"Wiyung"},"geometry":{"type":"MultiPolygon","coordinates":[[[[112.6903,-7.3045],[112.69,-7.3058],[112.6897,-7.307],[112.689,-7.3089],[112.6895,-7.3075],[112.6899,-7.306],[112.6903,-7.3045]]]]}},{"type":"Feature","properties":{"level":"district","regency":"Sidoarjo","district":"Balong Bendo"},"geometry":{"type":"MultiPolygon","coordinates":[[[[112.5285,-7.4138],[112.5285,-7.4128],[112.5282,-7.4115],[112.5281,-7.4104],[112.5282,-7.4114],[112.5283,-7.4126],[112.5285,-7.4138]]],[[[112.5088,-7.4093],[112.5083,-7.4111],[112.5084,-7.4094],[112.5105,-7.409],[112.5092,-7.4093],[112.5087,-7.4076],[112.5088,-7.4093]]],[[[112.5057,-7.4241],[112.5044,-7.4243],[112.5035,-7.4235],[112.5019,-7.4232],[112.503,-7.4235],[112.5041,-7.4239],[112.5057,-7.4241]]],[[[112.4939,-7.4132],[112.4926,-7.4134],[112.4922,-7.4124],[112.4925,-7.4134],[112.4939,-7.4132]]],[[[112.4973,-7.4229],[112.4962,-7.423],[112.4956,-7.424],[112.4955,-7.4251],[112.4942,-7.426],[112.4924,-7.4263],[112.4922,-7.4275],[112.492,-7.429],[112.4922,-7.4278],[112.4925,-7.4266],[112.4941,-7.426],[112.4953,-7.4258],[112.4956,-7.4244],[112.4957,-7.4229],[112.4973,-7.4229]]],[[[112.5169,-7.4083],[112.5158,-7.4084],[112.5138,-7.4086],[112.5156,-7.4085],[112.5169,-7.4083]]],[[[112.5546,-7.4211],[112.5546,-7.4223],[112.5534,-7.4225],[112.5524,-7.4224],[112.5542,-7.4226],[112.5546,-7.4211]]],[[[112.5693,-7.4213],[112.568,-7.4212],[112.5667,-7.4211],[112.566,-7.4221],[112.5661,-7.421],[112.5673,-7.4212],[112.5693,-7.4213]]],[[[112.5179,-7.4152],[112.5184,-7.4161],[112.5187,-7.4178],[112.5184,-7.4162],[112.5179,-7.4152]]]]}},{"type":"Feature","properties":{"level":"district","regency":"Sidoarjo","district":"Candi"},"geometry":{"type":"MultiPolygon","coordinates":[[[[112.7239,-7.4974],[112.7246,-7.4965],[112.7254,-7.495],[112.7263,-7.4935],[112.7275,-7.4918],[112.7277,-7.4901],[112.7275,-7.4888],[112.7275,-7.4871],[112.7271,-7.4887],[112.7271,-7.4898],[112.7276,-7.4911],[112.7265,-7.4932],[112.7258,-7.4941],[112.7249,-7.496],[112.7239,-7.4974]]],[[[112.7229,-7.4766],[112.7217,-7.4763],[112.7206,-7.4775],[112.7197,-7.4781],[112.7186,-7.478],[112.7175,-7.4779],[112.7166,-7.4775],[112.7164,-7.4786],[112.7157,-7.4793],[112.7164,-7.4783],[112.7174,-7.4778],[112.7184,-7.478],[112.7189,-7.4781],[112.7201,-7.4781],[112.721,-7.476],[112.7219,-7.4764],[112.7229,-7.4766]]],[[[112.7148,-7.4798],[112.7146,-7.4808],[112.7156,-7.4815],[112.7153,-7.4828],[112.7153,-7.4841],[112.7152,-7.4851],[112.7151,-7.4866],[112.7161,-7.4869],[112.7151,-7.4867],[112.7154,-7.4855],[112.7153,-7.4842],[112.7157,-7.483],[112.7155,-7.4818],[112.7149,-7.4809],[112.7148,-7.4798]]],[[[112.7169,-7.4905],[112.7158,-7.4901],[112.7152,-7.4892],[112.7158,-7.49],[112.7169,-7.4905]]],[[[112.7142,-7.4887],[112.7132,-7.4884],[112.7126,-7.4901],[112.7132,-7.4883],[112.7142,-7.4887]]],[[[112.7211,-7.4814],[112.7221,-7.4816],[112.7232,-7.4823],[112.7224,-7.4817],[112.7211,-7.4814]]],[[[112.7131,-7.4706],[112.712,-7.4706],[112.7111,-7.4701],[112.7101,-7.4699],[112.7112,-7.4701],[112.7121,-7.4706],[112.7131,-7.4706]]]]}},{"type":"Feature","properties":{"level":"district","regency":"Sidoarjo","district":"Krembung"},"geometry":{"type":"MultiPolygon","coordinates":[[[[112.6555,-7.5219],[112.6542,-7.5215],[112.6532,-7.5214],[112.6555,-7.5219]]],[[[112.6364,-7.5098],[112.635,-7.5096],[112.6344,-7.5107],[112.6346,-7.5095],[112.6364,-7.5098]]],[[[112.6531,-7.5312],[112.6528,-7.5326],[112.6526,-7.5338],[112.6524,-7.5348],[112.6512,-7.5351],[112.6501,-7.5348],[112.6491,-7.5347],[112.6495,-7.5357],[112.6467,-7.5348],[112.6495,-7.536],[112.6489,-7.5349],[112.6499,-7.5347],[112.651,-7.535],[112.6521,-7.5351],[112.6525,-7.5342],[112.6527,-7.533],[112.6531,-7.5312]]],[[[112.6663,-7.5283],[112.6669,-7.5291],[112.6676,-7.5299],[112.6685,-7.5308],[112.6692,-7.5316],[112.67,-7.5325],[112.6708,-7.5332],[112.6715,-7.5339],[112.6723,-7.5347],[112.6714,-7.5371],[112.6709,-7.5381],[112.6702,-7.5389],[112.6695,-7.5399],[112.6688,-7.5408],[112.6681,-7.5419],[112.6671,-7.5437],[112.6661,-7.5435],[112.6652,-7.5441],[112.6641,-7.5436],[112.6632,-7.5426],[112.6626,-7.5417],[112.6619,-7.5405],[112.661,-7.5397],[112.6599,-7.539],[112.6601,-7.538],[112.6604,-7.5369],[112.6607,-7.5359],[112.6608,-7.5348],[112.6611,-7.5337],[112.6614,-7.5324],[112.6619,-7.5304],[112.6632,-7.5307],[112.6643,-7.5306],[112.6652,-7.5301],[112.6657,-7.5291],[112.666,-7.5281],[112.6663,-7.5283]]],[[[112.6242,-7.5005],[112.6243,-7.5016],[112.6244,-7.5026],[112.626,-7.5031],[112.6249,-7.5029],[112.6242,-7.502],[112.6242,-7.5005]]],[[[112.6179,-7.5139],[112.6182,-7.5126],[112.6172,-7.5116],[112.6158,-7.511],[112.6148,-7.5105],[112.6138,-7.51],[112.6146,-7.5094],[112.6158,-7.5088],[112.6168,-7.5083],[112.6177,-7.5078],[112.617,-7.5065],[112.6174,-7.5054],[112.617,-7.5064],[112.6178,-7.5072],[112.6171,-7.5081],[112.6161,-7.5086],[112.6151,-7.5092],[112.6141,-7.5095],[112.6128,-7.5086],[112.6121,-7.5079],[112.6133,-7.5092],[112.6141,-7.5104],[112.6152,-7.5107],[112.6165,-7.5113],[112.618,-7.5124],[112.6179,-7.5139]]]]}},{"type":"Feature","properties":{"level":"district","regency":"Sidoarjo","district":"Tarik"},"geometry":{"type":"MultiPolygon","coordinates":[[[[112.5079,-7.4459],[112.5089,-7.4461],[112.5101,-7.4463],[112.5114,-7.4466],[112.5131,-7.4469],[112.5143,-7.447],[112.5155,-7.4471],[112.5169,-7.4471],[112.5158,-7.4471],[112.5147,-7.447],[112.5137,-7.447],[112.5123,-7.4467],[112.511,-7.4465],[112.5094,-7.4462],[112.5093,-7.4433],[112.5096,-7.4421],[112.5099,-7.4408],[112.5101,-7.4397],[112.5112,-7.4391],[112.5132,-7.439],[112.5119,-7.439],[112.5103,-7.4392],[112.5093,-7.4391],[112.51,-7.44],[112.5097,-7.4416],[112.5094,-7.4428],[112.509,-7.4455],[112.5079,-7.4459]]],[[[112.5244,-7.4315],[112.5239,-7.4329],[112.5236,-7.4342],[112.5233,-7.4355],[112.5231,-7.4369],[112.5227,-7.4388],[112.5219,-7.4395],[112.5212,-7.4385],[112.52,-7.4381],[112.5177,-7.4381],[112.5164,-7.4382],[112.5153,-7.4389],[112.5164,-7.4389],[112.5175,-7.4381],[112.5192,-7.438],[112.5209,-7.4383],[112.5211,-7.4393],[112.5221,-7.4395],[112.5227,-7.4393],[112.5244,-7.4394],[112.5256,-7.4392],[112.5272,-7.4392],[112.5287,-7.4392],[112.5276,-7.4392],[112.5265,-7.4392],[112.5248,-7.4393],[112.5237,-7.4394],[112.5227,-7.4395],[112.523,-7.4377],[112.5232,-7.4362],[112.5234,-7.4351],[112.5237,-7.4337],[112.5244,-7.4315]]],[[[112.4775,-7.4352],[112.4774,-7.4362],[112.4744,-7.4362],[112.4773,-7.4363],[112.4775,-7.4352]]],[[[112.4733,-7.4361],[112.472,-7.436],[112.4702,-7.4353],[112.4712,-7.4358],[112.4726,-7.4361],[112.4719,-7.4392],[112.4724,-7.4366],[112.4733,-7.4361]]]]}},{"type":"Feature","properties":{"level":"district","regency":"Surabaya","district":"Tandes"},"geometry":{"type":"MultiPolygon","coordinates":[[[[112.6644,-7.2493],[112.6656,-7.2495],[112.6669,-7.2499],[112.6675,-7.251],[112.6687,-7.2509],[112.6699,-7.2509],[112.6699,-7.2521],[112.671,-7.2529],[112.6697,-7.2526],[112.67,-7.2516],[112.669,-7.251],[112.668,-7.2511],[112.6672,-7.2503],[112.6662,-7.2497],[112.6648,-7.2493],[112.6635,-7.2492],[112.6632,-7.248],[112.6608,-7.2475],[112.6623,-7.2476],[112.663,-7.2489],[112.6642,-7.2493],[112.6644,-7.2493]]],[[[112.6576,-7.2553],[112.6566,-7.255],[112.6556,-7.2549],[112.6544,-7.2547],[112.6553,-7.2541],[112.6563,-7.2546],[112.6573,-7.2548],[112.6576,-7.2553]]],[[[112.6921,-7.2527],[112.6916,-7.2547],[112.6908,-7.2559],[112.6903,-7.2574],[112.6899,-7.2587],[112.6894,-7.2603],[112.689,-7.2614],[112.6886,-7.2625],[112.6877,-7.2642],[112.6875,-7.2664],[112.6864,-7.2663],[112.6848,-7.2661],[112.6837,-7.266],[112.6826,-7.2659],[112.6822,-7.2641],[112.6818,-7.2632],[112.6819,-7.262],[112.6819,-7.2609],[112.6821,-7.2598],[112.6825,-7.2588],[112.6825,-7.2578],[112.683,-7.2568],[112.6846,-7.2569],[112.6861,-7.2572],[112.6863,-7.2559],[112.6863,-7.2531],[112.6875,-7.2529],[112.691,-7.2531],[112.6921,-7.2527]]]]}},{"type":"Feature","properties":{"level":"district","regency":"Sidoarjo","district":"Jabon"},"geometry":{"type":"MultiPolygon","coordinates":[[[[112.7532,-7.546],[112.7544,-7.5459],[112.7533,-7.546],[112.7521,-7.546],[112.7532,-7.546]]],[[[112.756,-7.5511],[112.7571,-7.5513],[112.7575,-7.55],[112.7559,-7.5494],[112.7557,-7.5482],[112.7563,-7.5468],[112.7571,-7.546],[112.7572,-7.5448],[112.7571,-7.5459],[112.7558,-7.5457],[112.7566,-7.5459],[112.7559,-7.5475],[112.7554,-7.549],[112.7567,-7.5496],[112.7574,-7.5507],[112.756,-7.5511]]],[[[112.7683,-7.5482],[112.7685,-7.5494],[112.7682,-7.5506],[112.7685,-7.5496],[112.7683,-7.5482]]],[[[112.7702,-7.5533],[112.7701,-7.5543],[112.7704,-7.5537],[112.7712,-7.5545],[112.7714,-7.5555],[112.7711,-7.554],[112.7702,-7.5533]]],[[[112.7676,-7.5541],[112.7662,-7.5536],[112.7651,-7.5534],[112.7661,-7.5536],[112.7676,-7.5541]]],[[[112.761,-7.5523],[112.7603,-7.5534],[112.7604,-7.5546],[112.7606,-7.5557],[112.7611,-7.5569],[112.7609,-7.5583],[112.7618,-7.5594],[112.7616,-7.5612],[112.7602,-7.5651],[112.7617,-7.5612],[112.7622,-7.5597],[112.7612,-7.5587],[112.7611,-7.5575],[112.7607,-7.5565],[112.7605,-7.5551],[112.7603,-7.5535],[112.761,-7.5523]]],[[[112.7504,-7.5571],[112.75,-7.5583],[112.7496,-7.5604],[112.75,-7.5585],[112.7504,-7.5571]]],[[[112.7436,-7.5632],[112.742,-7.5627],[112.7427,-7.5616],[112.7421,-7.5625],[112.7415,-7.5635],[112.7436,-7.5632]]],[[[112.7418,-7.5586],[112.7421,-7.5575],[112.7421,-7.5562],[112.7417,-7.5573],[112.7418,-7.5586]]],[[[112.7388,-7.5563],[112.7382,-7.558],[112.7367,-7.5575],[112.7349,-7.5593],[112.7358,-7.5573],[112.7379,-7.5579],[112.7388,-7.5563]]],[[[112.7343,-7.5535],[112.7331,-7.5528],[112.731,-7.5518],[112.7323,-7.5524],[112.7343,-7.5535]]],[[[112.717,-7.5573],[112.716,-7.5579],[112.7138,-7.5579],[112.7151,-7.5579],[112.717,-7.5573]]],[[[112.7664,-7.5712],[112.7674,-7.5714],[112.7684,-7.5698],[112.7685,-7.5683],[112.7694,-7.5671],[112.7708,-7.5668],[112.7698,-7.5669],[112.7689,-7.5683],[112.7685,-7.5692],[112.7678,-7.571],[112.7664,-7.5712]]],[[[112.7687,-7.5314],[112.7702,-7.5316],[112.7716,-7.5328],[112.7707,-7.5323],[112.7695,-7.5314],[112.7679,-7.5314],[112.7687,-7.5314]]],[[[112.7698,-7.5416],[112.7688,-7.5417],[112.7676,-7.5419],[112.765,-7.5416],[112.7667,-7.5418],[112.7683,-7.5418],[112.7698,-7.5416]]],[[[112.759,-7.5408],[112.7589,-7.5392],[112.7586,-7.5402],[112.7563,-7.5405],[112.7579,-7.5407],[112.759,-7.5408]]],[[[112.7592,-7.5379],[112.7595,-7.5368],[112.7598,-7.5352],[112.7615,-7.533],[112.7598,-7.5343],[112.7596,-7.5362],[112.7592,-7.5379]]],[[[112.8139,-7.5494],[112.815,-7.549],[112.8167,-7.5478],[112.8158,-7.5485],[112.8139,-7.5494]]],[[[112.8198,-7.5386],[112.8198,-7.5375],[112.8196,-7.5362],[112.819,-7.5348],[112.8194,-7.5357],[112.8199,-7.5371],[112.8198,-7.5386]]],[[[112.8157,-7.5368],[112.8141,-7.5375],[112.813,-7.5381],[112.8115,-7.5385],[112.8125,-7.5383],[112.8136,-7.5378],[112.8151,-7.537],[112.8157,-7.5368]]],[[[112.8101,-7.5385],[112.8088,-7.5385],[112.8073,-7.5383],[112.806,-7.5379],[112.8046,-7.5377],[112.8036,-7.5373],[112.8026,-7.5368],[112.8016,-7.5366],[112.8029,-7.5369],[112.8041,-7.5375],[112.8055,-7.5379],[112.8065,-7.5381],[112.8079,-7.5383],[112.8101,-7.5385]]],[[[112.7947,-7.5361],[112.7934,-7.5361],[112.7918,-7.536],[112.7894,-7.5352],[112.7882,-7.5347],[112.787,-7.5339],[112.786,-7.5332],[112.7852,-7.5325],[112.7841,-7.5325],[112.7832,-7.5334],[112.7821,-7.5339],[112.7798,-7.5345],[112.7794,-7.5336],[112.7812,-7.534],[112.7827,-7.5338],[112.7835,-7.5331],[112.7843,-7.5324],[112.7856,-7.5327],[112.7865,-7.5336],[112.7877,-7.5344],[112.7891,-7.5351],[112.7911,-7.5358],[112.7925,-7.536],[112.7947,-7.5361]]],[[[112.7789,-7.5327],[112.7779,-7.5324],[112.777,-7.5331],[112.7754,-7.5329],[112.7767,-7.5332],[112.7777,-7.5326],[112.7789,-7.5327]]],[[[112.772,-7.5582],[112.7722,-7.5593],[112.7727,-7.5602],[112.7745,-7.566],[112.773,-7.5607],[112.7725,-7.5598],[112.772,-7.5582]]]]}},{"type":"Feature","properties":{"level":"district","regency":"Sidoarjo","district":"Gedangan"},"geometry":{"type":"MultiPolygon","coordinates":[[[[112.7073,-7.4017],[112.7061,-7.4018],[112.7044,-7.4018],[112.704,-7.4029],[112.7037,-7.4042],[112.704,-7.403],[112.7043,-7.4018],[112.7054,-7.4018],[112.7064,-7.4018],[112.7076,-7.4018],[112.7086,-7.402],[112.7131,-7.4029],[112.7088,-7.402],[112.7077,-7.4018],[112.7074,-7.4006],[112.7073,-7.4017]]],[[[112.7336,-7.3905],[112.734,-7.3914],[112.7336,-7.3925],[112.7337,-7.3939],[112.7338,-7.3928],[112.7341,-7.3918],[112.7336,-7.3905]]]]}},{"type":"Feature","properties":{"level":"district","regency":"Surabaya","district":"Lakarsantri"},"geometry":{"type":"MultiPolygon","coordinates":[[[[112.6617,-7.3163],[112.6639,-7.3166],[112.6665,-7.3168],[112.6671,-7.3179],[112.6673,-7.3169],[112.669,-7.3171],[112.6701,-7.3173],[112.6713,-7.3175],[112.6716,-7.3175],[112.6732,-7.3178],[112.6744,-7.318],[112.6755,-7.3183],[112.6773,-7.3188],[112.6784,-7.3191],[112.6794,-7.3237],[112.6795,-7.3248],[112.6794,-7.3273],[112.6793,-7.3288],[112.6786,-7.3296],[112.6776,-7.3302],[112.6764,-7.3303],[112.6759,-7.3312],[112.6751,-7.3329],[112.6746,-7.3342],[112.6735,-7.3341],[112.6724,-7.334],[112.6717,-7.3348],[112.6718,-7.336],[112.6708,-7.3366],[112.6696,-7.3357],[112.6685,-7.3352],[112.6673,-7.335],[112.6669,-7.3341],[112.6665,-7.3331],[112.6662,-7.332],[112.6651,-7.3321],[112.6641,-7.3327],[112.6646,-7.3311],[112.664,-7.3321],[112.665,-7.3326],[112.6656,-7.3317],[112.6666,-7.3323],[112.6666,-7.3333],[112.6669,-7.3343],[112.6661,-7.3351],[112.6652,-7.3359],[112.6641,-7.3354],[112.6632,-7.3349],[112.6622,-7.3346],[112.6611,-7.3355],[112.6612,-7.3366],[112.6622,-7.3378],[112.6631,-7.3391],[112.6639,-7.3399],[112.665,-7.3403],[112.6651,-7.3415],[112.665,-7.3433],[112.6648,-7.3457],[112.6647,-7.3468],[112.6646,-7.3484],[112.6647,-7.3495],[112.6646,-7.3508],[112.6638,-7.3514],[112.6624,-7.3513],[112.6615,-7.3523],[112.6608,-7.3531],[112.6598,-7.3536],[112.6584,-7.354],[112.6569,-7.3561],[112.656,-7.3569],[112.6547,-7.3567],[112.6552,-7.3532],[112.6557,-7.3492],[112.656,-7.3456],[112.6558,-7.3426],[112.655,-7.3406],[112.6538,-7.339],[112.652,-7.3375],[112.6503,-7.3364],[112.6485,-7.3353],[112.6486,-7.3342],[112.649,-7.333],[112.6491,-7.3317],[112.6491,-7.3305],[112.649,-7.3295],[112.6494,-7.3285],[112.6501,-7.3277],[112.6504,-7.3253],[112.6505,-7.3242],[112.6507,-7.323],[112.6509,-7.3215],[112.6503,-7.3207],[112.6497,-7.3198],[112.6488,-7.3193],[112.6485,-7.3182],[112.6487,-7.3171],[112.649,-7.316],[112.6492,-7.315],[112.6503,-7.3147],[112.6516,-7.3149],[112.6505,-7.3147],[112.6495,-7.3146],[112.648,-7.3144],[112.648,-7.3131],[112.6482,-7.3116],[112.648,-7.3126],[112.6478,-7.3136],[112.646,-7.3141],[112.6449,-7.3141],[112.6433,-7.3138],[112.642,-7.3136],[112.6409,-7.3136],[112.6397,-7.3135],[112.6387,-7.3131],[112.6375,-7.313],[112.6365,-7.3129],[112.6366,-7.3115],[112.6368,-7.3103],[112.637,-7.3093],[112.637,-7.3083],[112.6371,-7.3094],[112.6366,-7.3108],[112.634,-7.3114],[112.6309,-7.3115],[112.6294,-7.3116],[112.6293,-7.3092],[112.6289,-7.3042],[112.6287,-7.3027],[112.6287,-7.3016],[112.6278,-7.3007],[112.6262,-7.3001],[112.6268,-7.2991],[112.6273,-7.2983],[112.6277,-7.2971],[112.628,-7.2959],[112.6282,-7.2948],[112.6283,-7.2938],[112.6285,-7.2922],[112.6286,-7.2907],[112.6286,-7.2896],[112.6296,-7.2892],[112.6306,-7.2891],[112.6316,-7.2888],[112.6326,-7.2887],[112.6337,-7.2891],[112.6348,-7.2891],[112.6359,-7.2888],[112.637,-7.289],[112.638,-7.2887],[112.639,-7.2887],[112.6401,-7.2886],[112.6412,-7.2886],[112.6411,-7.2896],[112.6407,-7.2912],[112.6404,-7.2924],[112.64,-7.2936],[112.6393,-7.2945],[112.639,-7.2956],[112.6392,-7.2946],[112.6401,-7.294],[112.6401,-7.2929],[112.6408,-7.2919],[112.6407,-7.2905],[112.6412,-7.2892],[112.6422,-7.2887],[112.6435,-7.2887],[112.6452,-7.2889],[112.6463,-7.2887],[112.6473,-7.2885],[112.6482,-7.2905],[112.6484,-7.2915],[112.6488,-7.2934],[112.6491,-7.295],[112.6489,-7.2937],[112.6486,-7.2924],[112.6494,-7.2912],[112.6506,-7.2909],[112.6521,-7.2904],[112.6541,-7.29],[112.6556,-7.29],[112.6567,-7.2899],[112.6586,-7.2901],[112.66,-7.2905],[112.6623,-7.291],[112.6625,-7.291],[112.6625,-7.2924],[112.6624,-7.2934],[112.6623,-7.2945],[112.6619,-7.2958],[112.6616,-7.2968],[112.6624,-7.2976],[112.6634,-7.2987],[112.6633,-7.2999],[112.6634,-7.2989],[112.6625,-7.2983],[112.6622,-7.2972],[112.6618,-7.2962],[112.662,-7.2952],[112.6624,-7.2938],[112.6625,-7.2928],[112.6624,-7.2912],[112.6654,-7.2914],[112.6665,-7.2917],[112.6681,-7.2919],[112.6694,-7.2919],[112.6711,-7.2925],[112.6719,-7.2925],[112.6717,-7.2938],[112.6729,-7.2942],[112.6745,-7.2942],[112.6756,-7.2943],[112.6756,-7.2964],[112.6756,-7.2979],[112.6756,-7.2992],[112.6742,-7.3001],[112.6738,-7.3019],[112.6739,-7.3029],[112.6743,-7.3039],[112.6743,-7.3049],[112.6744,-7.3062],[112.6743,-7.3073],[112.6741,-7.3087],[112.6739,-7.3099],[112.6736,-7.3112],[112.6734,-7.3123],[112.6731,-7.3134],[112.6728,-7.3145],[112.6724,-7.3157],[112.6718,-7.3168],[112.6709,-7.3174],[112.6698,-7.3172],[112.668,-7.3169],[112.6666,-7.3168],[112.6648,-7.3166],[112.6625,-7.3164],[112.6615,-7.3161],[112.6599,-7.3161],[112.6581,-7.3159],[112.6566,-7.3157],[112.6543,-7.3154],[112.6528,-7.3151],[112.6542,-7.3154],[112.656,-7.3156],[112.6576,-7.3158],[112.6594,-7.316],[112.6617,-7.3163]]],[[[112.65,-7.2993],[112.6502,-7.3004],[112.6487,-7.3008],[112.6501,-7.3005],[112.65,-7.2993]]],[[[112.6487,-7.3038],[112.6487,-7.305],[112.6486,-7.3066],[112.6483,-7.3082],[112.6485,-7.3072],[112.6486,-7.3059],[112.6488,-7.3048],[112.6487,-7.3038]]],[[[112.6368,-7.3073],[112.6364,-7.3063],[112.6367,-7.3053],[112.6371,-7.3043],[112.6378,-7.3036],[112.6387,-7.303],[112.6394,-7.3022],[112.6393,-7.3011],[112.6392,-7.3],[112.6392,-7.2989],[112.6394,-7.2976],[112.6393,-7.2986],[112.6391,-7.2997],[112.6395,-7.3006],[112.6394,-7.3016],[112.6388,-7.3028],[112.638,-7.3035],[112.6372,-7.3041],[112.6367,-7.305],[112.6365,-7.3061],[112.6368,-7.3073]]],[[[112.6636,-7.301],[112.6634,-7.302],[112.6632,-7.3033],[112.6626,-7.3043],[112.6623,-7.3053],[112.6623,-7.3063],[112.6631,-7.3071],[112.6631,-7.3088],[112.6634,-7.3075],[112.6624,-7.3071],[112.6623,-7.306],[112.6624,-7.3049],[112.6629,-7.3035],[112.6634,-7.3021],[112.6636,-7.301]]],[[[112.6626,-7.311],[112.6624,-7.3121],[112.6619,-7.3144],[112.6622,-7.3127],[112.6626,-7.311]]]]}},{"type":"Feature","properties":{"level":"district","regency":"Sidoarjo","district":"Sedati"},"geometry":{"type":"MultiPolygon","coordinates":[[[[112.8354,-7.3722],[112.8338,-7.3719],[112.8325,-7.3717],[112.8296,-7.3717],[112.8279,-7.372],[112.8265,-7.3722],[112.8247,-7.3726],[112.8227,-7.3724],[112.8239,-7.3726],[112.826,-7.3723],[112.8272,-7.3721],[112.8293,-7.3717],[112.832,-7.3717],[112.8332,-7.3718],[112.8348,-7.3721],[112.8354,-7.3722]]],[[[112.8049,-7.385],[112.8054,-7.3841],[112.8055,-7.3824],[112.8055,-7.3803],[112.8038,-7.38],[112.805,-7.3802],[112.8055,-7.3815],[112.8054,-7.3838],[112.8049,-7.385]]],[[[112.8128,-7.3712],[112.8149,-7.3716],[112.8193,-7.3718],[112.8214,-7.3721],[112.8196,-7.3721],[112.8153,-7.3716],[112.8128,-7.3712]]],[[[112.8046,-7.386],[112.8035,-7.386],[112.8025,-7.386],[112.8015,-7.3858],[112.8004,-7.3856],[112.7994,-7.3855],[112.7983,-7.3853],[112.7973,-7.3851],[112.7963,-7.385],[112.7951,-7.3848],[112.7932,-7.3842],[112.7942,-7.3844],[112.7944,-7.3846],[112.7955,-7.3848],[112.7965,-7.385],[112.7975,-7.3852],[112.7986,-7.3853],[112.7996,-7.3855],[112.8006,-7.3857],[112.8017,-7.3858],[112.8027,-7.386],[112.8037,-7.386],[112.8046,-7.386]]],[[[112.7871,-7.3833],[112.7856,-7.3829],[112.785,-7.3837],[112.7849,-7.3847],[112.7847,-7.3857],[112.7837,-7.3863],[112.7824,-7.3861],[112.7818,-7.3871],[112.782,-7.386],[112.7831,-7.3861],[112.7842,-7.3863],[112.7848,-7.3854],[112.7849,-7.3843],[112.785,-7.3833],[112.7871,-7.3833]]],[[[112.7758,-7.3944],[112.7755,-7.3932],[112.7742,-7.3927],[112.7755,-7.3927],[112.7754,-7.3941],[112.7754,-7.3947],[112.7745,-7.3951],[112.7758,-7.3954],[112.7759,-7.3966],[112.7758,-7.3982],[112.7757,-7.3999],[112.7757,-7.4012],[112.7756,-7.4022],[112.7757,-7.4006],[112.7758,-7.399],[112.7758,-7.3975],[112.776,-7.3954],[112.7748,-7.3953],[112.7759,-7.3951],[112.7771,-7.3951],[112.7761,-7.3951],[112.7748,-7.3951],[112.7758,-7.3944]]],[[[112.7706,-7.3923],[112.7706,-7.3912],[112.7707,-7.3892],[112.7699,-7.3906],[112.7697,-7.3916],[112.7698,-7.3931],[112.7696,-7.3941],[112.7685,-7.3943],[112.7675,-7.3939],[112.7662,-7.3935],[112.7642,-7.3935],[112.7661,-7.394],[112.7672,-7.3938],[112.7681,-7.3942],[112.7695,-7.3947],[112.7697,-7.3937],[112.7699,-7.3925],[112.7698,-7.3908],[112.77,-7.3891],[112.7707,-7.3905],[112.7706,-7.3923]]],[[[112.7662,-7.3765],[112.7665,-7.3748],[112.7672,-7.374],[112.7654,-7.3737],[112.7641,-7.3734],[112.763,-7.3726],[112.7629,-7.371],[112.7627,-7.3724],[112.7634,-7.3733],[112.7649,-7.3736],[112.7664,-7.374],[112.7671,-7.3742],[112.7662,-7.3765]]],[[[112.7924,-7.3972],[112.7933,-7.3967],[112.7944,-7.3968],[112.7948,-7.3977],[112.7936,-7.3967],[112.7926,-7.3965],[112.7916,-7.397],[112.7903,-7.3968],[112.7916,-7.3971],[112.7924,-7.3972]]],[[[112.7874,-7.4016],[112.7861,-7.401],[112.785,-7.4005],[112.7838,-7.3999],[112.7821,-7.3991],[112.7823,-7.4001],[112.7819,-7.4011],[112.7824,-7.402],[112.7831,-7.4027],[112.7829,-7.4037],[112.7836,-7.4048],[112.7831,-7.4059],[112.7835,-7.405],[112.783,-7.404],[112.7834,-7.403],[112.7826,-7.4025],[112.7823,-7.4015],[112.7822,-7.4004],[112.7821,-7.3994],[112.7833,-7.3997],[112.7845,-7.4002],[112.7858,-7.4009],[112.7874,-7.4016]]],[[[112.7782,-7.3952],[112.7794,-7.3953],[112.7807,-7.3953],[112.7818,-7.3951],[112.7828,-7.395],[112.7838,-7.3955],[112.7848,-7.3957],[112.7859,-7.3959],[112.7869,-7.3961],[112.7856,-7.3959],[112.7846,-7.3956],[112.7835,-7.3954],[112.7826,-7.3951],[112.7814,-7.3951],[112.7803,-7.3954],[112.7782,-7.3952]]],[[[112.793,-7.3876],[112.7956,-7.3881],[112.7954,-7.3892],[112.7956,-7.3882],[112.793,-7.3876]]],[[[112.795,-7.3913],[112.7949,-7.3923],[112.7946,-7.3933],[112.7969,-7.3939],[112.7988,-7.3941],[112.7998,-7.3941],[112.8011,-7.3919],[112.8005,-7.3937],[112.7994,-7.3942],[112.7975,-7.3939],[112.795,-7.3935],[112.7948,-7.3924],[112.795,-7.3913]]],[[[112.801,-7.3994],[112.7999,-7.3989],[112.7988,-7.3986],[112.7975,-7.3982],[112.7986,-7.3985],[112.7998,-7.3989],[112.801,-7.3994]]],[[[112.7848,-7.3719],[112.7844,-7.3729],[112.7831,-7.3732],[112.7842,-7.373],[112.7848,-7.3719]]]]}},{"type":"Feature","properties":{"level":"district","regency":"Sidoarjo","district":"Tanggulangin"},"geometry":{"type":"MultiPolygon","coordinates":[[[[112.7588,-7.512],[112.7588,-7.5108],[112.7577,-7.5102],[112.7565,-7.5103],[112.7555,-7.5107],[112.7546,-7.5113],[112.7536,-7.5112],[112.7525,-7.511],[112.7516,-7.5105],[112.7505,-7.5104],[112.7494,-7.5104],[112.7485,-7.5112],[112.748,-7.5124],[112.7473,-7.5134],[112.7463,-7.5137],[112.7453,-7.5144],[112.7439,-7.5148],[112.7421,-7.5142],[112.7419,-7.5153],[112.7409,-7.5163],[112.7399,-7.5166],[112.7385,-7.517],[112.7375,-7.5172],[112.7364,-7.5172],[112.7356,-7.5165],[112.7349,-7.5158],[112.7357,-7.5167],[112.7367,-7.5172],[112.7365,-7.5183],[112.7368,-7.5173],[112.7378,-7.5171],[112.7392,-7.5168],[112.7405,-7.5164],[112.7418,-7.516],[112.7419,-7.5147],[112.7432,-7.5145],[112.745,-7.5152],[112.7454,-7.514],[112.747,-7.5135],[112.7478,-7.5129],[112.7483,-7.5116],[112.7489,-7.5104],[112.75,-7.5103],[112.751,-7.5104],[112.7519,-7.5108],[112.753,-7.511],[112.754,-7.5113],[112.7551,-7.511],[112.7556,-7.5101],[112.7568,-7.5104],[112.7585,-7.5105],[112.7588,-7.512]]],[[[112.7503,-7.5056],[112.7517,-7.5053],[112.7522,-7.5043],[112.7525,-7.5031],[112.7536,-7.5035],[112.7528,-7.5028],[112.7523,-7.5037],[112.7522,-7.5048],[112.7513,-7.5055],[112.7503,-7.5056]]],[[[112.7554,-7.5048],[112.7558,-7.5038],[112.7581,-7.5035],[112.7588,-7.5043],[112.7603,-7.5042],[112.7613,-7.5045],[112.7626,-7.5048],[112.7632,-7.5057],[112.7629,-7.5069],[112.7627,-7.5079],[112.7636,-7.5086],[112.7646,-7.509],[112.7637,-7.5086],[112.7627,-7.5084],[112.7628,-7.5072],[112.7631,-7.5061],[112.7632,-7.5051],[112.7622,-7.5047],[112.7612,-7.5044],[112.7595,-7.5042],[112.7585,-7.5038],[112.7564,-7.5034],[112.7554,-7.5048]]],[[[112.7659,-7.5105],[112.7657,-7.5116],[112.7666,-7.5122],[112.7657,-7.5117],[112.7659,-7.5105]]],[[[112.6948,-7.4921],[112.6952,-7.4931],[112.6959,-7.494],[112.696,-7.4955],[112.6964,-7.4966],[112.6951,-7.4969],[112.694,-7.4969],[112.6927,-7.4968],[112.6913,-7.4966],[112.69,-7.4965],[112.6892,-7.4972],[112.6882,-7.498],[112.6876,-7.499],[112.6867,-7.5006],[112.6859,-7.5013],[112.685,-7.502],[112.6842,-7.5027],[112.6834,-7.5039],[112.6822,-7.5044],[112.681,-7.504],[112.681,-7.503],[112.6813,-7.5013],[112.6822,-7.4995],[112.6817,-7.5006],[112.6806,-7.5027],[112.6799,-7.5039],[112.6788,-7.5047],[112.6768,-7.5045],[112.6756,-7.5044],[112.6741,-7.5042],[112.6728,-7.5039],[112.6711,-7.5036],[112.6686,-7.5031],[112.6685,-7.5017],[112.6687,-7.5004],[112.6691,-7.4978],[112.6709,-7.4984],[112.6717,-7.4956],[112.672,-7.4945],[112.6725,-7.4928],[112.6735,-7.4926],[112.6742,-7.4917],[112.6747,-7.4906],[112.6759,-7.4879],[112.675,-7.49],[112.6745,-7.4911],[112.6741,-7.4922],[112.6733,-7.4928],[112.672,-7.4925],[112.6708,-7.4918],[112.6701,-7.4908],[112.669,-7.4905],[112.6678,-7.491],[112.6674,-7.49],[112.667,-7.4884],[112.6672,-7.4872],[112.6675,-7.4855],[112.6677,-7.4841],[112.6667,-7.4839],[112.6657,-7.4842],[112.6645,-7.4841],[112.6634,-7.4843],[112.6614,-7.4838],[112.6616,-7.4826],[112.6619,-7.4816],[112.6623,-7.4803],[112.6626,-7.4793],[112.663,-7.4783],[112.664,-7.4785],[112.6648,-7.479],[112.6663,-7.4795],[112.668,-7.4799],[112.6691,-7.4801],[112.6701,-7.4799],[112.6712,-7.4802],[112.6725,-7.4806],[112.6734,-7.481],[112.6744,-7.4815],[112.6753,-7.4822],[112.6766,-7.4826],[112.6778,-7.4831],[112.6791,-7.4841],[112.6798,-7.485],[112.6809,-7.4848],[112.6816,-7.4856],[112.6827,-7.4857],[112.683,-7.4845],[112.6834,-7.4831],[112.6845,-7.4833],[112.6856,-7.4835],[112.6863,-7.4843],[112.6872,-7.4853],[112.6881,-7.4859],[112.689,-7.4853],[112.6898,-7.4862],[112.6905,-7.4871],[112.6913,-7.4878],[112.6912,-7.4888],[112.6916,-7.4899],[112.6928,-7.4901],[112.6939,-7.4906],[112.6948,-7.4911],[112.6948,-7.4921]]],[[[112.7046,-7.5009],[112.7037,-7.5005],[112.7026,-7.5002],[112.7036,-7.5005],[112.7046,-7.5009]]],[[[112.6878,-7.4871],[112.6871,-7.4888],[112.6867,-7.4898],[112.6862,-7.4908],[112.6848,-7.4911],[112.686,-7.4915],[112.6864,-7.4904],[112.6869,-7.4894],[112.6878,-7.4871]]],[[[112.7271,-7.5079],[112.7267,-7.509],[112.7262,-7.5102],[112.7255,-7.512],[112.7261,-7.5104],[112.7266,-7.5093],[112.7271,-7.5079]]],[[[112.7282,-7.5152],[112.7291,-7.5158],[112.7301,-7.5164],[112.7292,-7.5159],[112.7282,-7.5152]]],[[[112.72,-7.5091],[112.7202,-7.5081],[112.7206,-7.5067],[112.7202,-7.5079],[112.72,-7.5091]]],[[[112.7356,-7.5119],[112.7368,-7.5118],[112.7377,-7.5114],[112.7366,-7.5118],[112.7357,-7.5112],[112.7345,-7.5117],[112.7331,-7.5115],[112.7344,-7.5117],[112.7354,-7.5118],[112.7356,-7.5119]]],[[[112.7296,-7.5076],[112.7305,-7.5081],[112.7306,-7.5092],[112.7311,-7.5102],[112.7306,-7.5093],[112.7305,-7.5082],[112.7296,-7.5076]]],[[[112.6832,-7.4975],[112.6837,-7.4964],[112.6843,-7.4951],[112.6849,-7.4941],[112.6856,-7.4925],[112.6852,-7.4935],[112.6847,-7.4945],[112.6839,-7.4959],[112.6832,-7.4975]]]]}},{"type":"Feature","properties":{"level":"district","regency":"Sidoarjo","district":"Sidoarjo"},"geometry":{"type":"MultiPolygon","coordinates":[[[[112.7496,-7.4488],[112.7486,-7.4497],[112.7478,-7.4505],[112.7458,-7.4509],[112.7457,-7.4524],[112.7452,-7.4514],[112.7469,-7.4506],[112.7482,-7.45],[112.7496,-7.4488]]],[[[112.7488,-7.4551],[112.7478,-7.4553],[112.7471,-7.4538],[112.7456,-7.4537],[112.744,-7.4538],[112.745,-7.4537],[112.7463,-7.4536],[112.7475,-7.4545],[112.748,-7.4557],[112.7488,-7.4551]]],[[[112.743,-7.4545],[112.743,-7.4555],[112.744,-7.4557],[112.745,-7.4559],[112.7434,-7.4571],[112.7445,-7.4568],[112.7455,-7.4566],[112.7446,-7.4557],[112.7435,-7.4557],[112.743,-7.4545]]],[[[112.7428,-7.4458],[112.7439,-7.4459],[112.7455,-7.4452],[112.7442,-7.4457],[112.7428,-7.4458]]],[[[112.6824,-7.4377],[112.6836,-7.4378],[112.6826,-7.4378],[112.6824,-7.4367],[112.6823,-7.4356],[112.6818,-7.4343],[112.6814,-7.4333],[112.6818,-7.4342],[112.6822,-7.4352],[112.6824,-7.4363],[112.6825,-7.4375],[112.6813,-7.4374],[112.6824,-7.4377]]],[[[112.6793,-7.4409],[112.6782,-7.4415],[112.6757,-7.4415],[112.6773,-7.4419],[112.6783,-7.4407],[112.6793,-7.4409]]]]}},{"type":"Feature","properties":{"level":"district","regency":"Sidoarjo","district":"Buduran"},"geometry":{"type":"MultiPolygon","coordinates":[[[[112.7454,-7.4183],[112.7448,-7.4211],[112.7459,-7.4212],[112.7478,-7.4217],[112.7468,-7.4215],[112.7452,-7.421],[112.7454,-7.4183]]],[[[112.741,-7.4193],[112.7397,-7.4184],[112.7387,-7.4175],[112.7377,-7.417],[112.7377,-7.421],[112.7386,-7.4174],[112.7394,-7.418],[112.7401,-7.4189],[112.741,-7.4193]]],[[[112.7781,-7.4275],[112.7771,-7.4276],[112.7756,-7.4277],[112.7769,-7.4276],[112.7781,-7.4275]]],[[[112.7576,-7.4186],[112.7572,-7.4176],[112.7565,-7.4167],[112.7571,-7.4176],[112.7576,-7.4186]]],[[[112.7555,-7.4234],[112.7549,-7.422],[112.7546,-7.421],[112.7536,-7.4208],[112.7524,-7.4198],[112.7523,-7.4188],[112.7514,-7.418],[112.7505,-7.4185],[112.7495,-7.4191],[112.7487,-7.4209],[112.749,-7.419],[112.75,-7.4186],[112.751,-7.4184],[112.7522,-7.4181],[112.7523,-7.4191],[112.7527,-7.4204],[112.7538,-7.4207],[112.7548,-7.4212],[112.7548,-7.4227],[112.7555,-7.4234]]],[[[112.7072,-7.4283],[112.7068,-7.4294],[112.708,-7.4299],[112.7069,-7.4295],[112.7072,-7.4283]]],[[[112.7368,-7.4242],[112.7371,-7.4232],[112.7374,-7.422],[112.7371,-7.4231],[112.7368,-7.4242]]]]}},{"type":"Feature","properties":{"level":"district","regency":"Surabaya","district":"Sawahan"},"geometry":{"type":"MultiPolygon","coordinates":[[[[112.7268,-7.2746],[112.7258,-7.2745],[112.725,-7.2739],[112.7245,-7.273],[112.7238,-7.2722],[112.7229,-7.2715],[112.7221,-7.2709],[112.7212,-7.2705],[112.72,-7.2704],[112.7189,-7.2702],[112.718,-7.2698],[112.7169,-7.2694],[112.7159,-7.2692],[112.7149,-7.2689],[112.714,-7.2684],[112.7125,-7.2682],[112.7127,-7.2671],[112.7144,-7.2667],[112.716,-7.267],[112.7171,-7.2673],[112.7161,-7.267],[112.7151,-7.2667],[112.7128,-7.2664],[112.713,-7.2648],[112.7132,-7.2632],[112.7135,-7.2615],[112.7137,-7.2603],[112.7138,-7.2592],[112.714,-7.2582],[112.7142,-7.2571],[112.7149,-7.2562],[112.7151,-7.2551],[112.7161,-7.2552],[112.7171,-7.2557],[112.7182,-7.2559],[112.7193,-7.2562],[112.7203,-7.2564],[112.7218,-7.2567],[112.7231,-7.2568],[112.7241,-7.257],[112.7252,-7.2571],[112.7258,-7.257],[112.7256,-7.2585],[112.7255,-7.2596],[112.7251,-7.2608],[112.7248,-7.2619],[112.7246,-7.2631],[112.7244,-7.2642],[112.7243,-7.2652],[112.7241,-7.2662],[112.7239,-7.2673],[112.7237,-7.2685],[112.722,-7.2682],[112.7206,-7.2679],[112.7191,-7.2676],[112.7181,-7.2675],[112.7202,-7.2679],[112.7217,-7.2681],[112.7229,-7.2683],[112.7237,-7.2682],[112.7248,-7.2684],[112.7258,-7.2687],[112.727,-7.269],[112.7282,-7.2692],[112.7286,-7.2703],[112.7281,-7.2715],[112.7276,-7.2727],[112.7272,-7.2737],[112.7268,-7.2746]]],[[[112.7277,-7.2559],[112.7288,-7.256],[112.7298,-7.2561],[112.731,-7.2562],[112.732,-7.2559],[112.7333,-7.2559],[112.7343,-7.2559],[112.7338,-7.2571],[112.7333,-7.2582],[112.7327,-7.2595],[112.7323,-7.2607],[112.7319,-7.2617],[112.7315,-7.2629],[112.731,-7.2638],[112.7305,-7.2651],[112.73,-7.2665],[112.7294,-7.2678],[112.729,-7.2688],[112.7276,-7.2691],[112.7261,-7.2688],[112.7249,-7.2684],[112.7238,-7.2682],[112.7239,-7.2671],[112.7241,-7.2661],[112.7243,-7.2649],[112.7245,-7.2639],[112.7247,-7.2628],[112.7249,-7.2617],[112.7253,-7.2605],[112.7255,-7.2594],[112.7257,-7.2578],[112.726,-7.2564],[112.7271,-7.2559],[112.7277,-7.2559]]]]}},{"type":"Feature","properties":{"level":"district","regency":"Sidoarjo","district":"Krian"},"geometry":{"type":"MultiPolygon","coordinates":[[[[112.6115,-7.3736],[112.6105,-7.374],[112.6094,-7.3745],[112.6104,-7.3741],[112.6115,-7.3736]]],[[[112.6081,-7.3745],[112.6071,-7.3741],[112.6071,-7.3752],[112.6071,-7.3763],[112.6072,-7.3774],[112.6077,-7.3784],[112.6087,-7.3785],[112.6089,-7.3808],[112.6088,-7.3822],[112.6073,-7.3828],[112.6087,-7.3825],[112.6089,-7.3813],[112.6089,-7.3791],[112.6081,-7.3784],[112.6072,-7.3778],[112.6071,-7.3765],[112.6071,-7.3754],[112.6071,-7.3743],[112.6081,-7.3745]]],[[[112.6067,-7.3838],[112.6067,-7.385],[112.6065,-7.3862],[112.6065,-7.3872],[112.6066,-7.3858],[112.6067,-7.3838]]],[[[112.5975,-7.3803],[112.5975,-7.379],[112.5981,-7.3778],[112.598,-7.3766],[112.5994,-7.3767],[112.6001,-7.3759],[112.6009,-7.3752],[112.602,-7.3748],[112.6011,-7.3751],[112.6002,-7.3758],[112.5995,-7.3767],[112.5984,-7.3765],[112.5982,-7.3776],[112.5976,-7.3784],[112.5975,-7.3798],[112.5956,-7.3802],[112.5966,-7.3803],[112.5975,-7.3803]]],[[[112.6199,-7.3931],[112.6202,-7.3917],[112.62,-7.3927],[112.6189,-7.3928],[112.6179,-7.3923],[112.6167,-7.3922],[112.6177,-7.3922],[112.6187,-7.3926],[112.6198,-7.3931],[112.6199,-7.3931]]],[[[112.5882,-7.4142],[112.5886,-7.4132],[112.5887,-7.4122],[112.5887,-7.4111],[112.5889,-7.41],[112.5888,-7.411],[112.5887,-7.4121],[112.5887,-7.4131],[112.5882,-7.4142]]],[[[112.5935,-7.3933],[112.5934,-7.3918],[112.5935,-7.3908],[112.5947,-7.3906],[112.5968,-7.3903],[112.5956,-7.3905],[112.5942,-7.3906],[112.5932,-7.391],[112.5934,-7.391],[112.5935,-7.3933]]]]}},{"type":"Feature","properties":{"level":"district","regency":"Sidoarjo","district":"Taman"},"geometry":{"type":"MultiPolygon","coordinates":[[[[112.7057,-7.3452],[112.7047,-7.3449],[112.7037,-7.3447],[112.7027,-7.3445],[112.7016,-7.345],[112.7025,-7.3445],[112.7036,-7.3447],[112.7046,-7.3449],[112.7057,-7.3452]]],[[[112.7129,-7.3777],[112.7112,-7.3779],[112.7096,-7.3775],[112.7082,-7.3775],[112.7072,-7.3775],[112.7041,-7.3776],[112.7042,-7.3759],[112.7047,-7.3741],[112.7049,-7.373],[112.7045,-7.372],[112.7047,-7.3709],[112.705,-7.3699],[112.7054,-7.3676],[112.7043,-7.3672],[112.7033,-7.3669],[112.7021,-7.3664],[112.7025,-7.365],[112.703,-7.3639],[112.7033,-7.3627],[112.7036,-7.3614],[112.7048,-7.3611],[112.7065,-7.361],[112.7079,-7.3608],[112.7097,-7.3607],[112.7109,-7.3607],[112.7113,-7.3618],[112.7116,-7.3639],[112.7127,-7.3638],[112.7136,-7.3647],[112.714,-7.3659],[112.7155,-7.3657],[112.7159,-7.3668],[112.7161,-7.3676],[112.7153,-7.3684],[112.7148,-7.3694],[112.7146,-7.3705],[112.7142,-7.3715],[112.7138,-7.3729],[112.7135,-7.3744],[112.7129,-7.3777]]],[[[112.6979,-7.3623],[112.6967,-7.3623],[112.6966,-7.3638],[112.6963,-7.3627],[112.6979,-7.3623]]],[[[112.698,-7.3668],[112.6979,-7.3678],[112.6979,-7.3691],[112.6979,-7.368],[112.698,-7.3668]]],[[[112.6714,-7.3671],[112.6704,-7.3674],[112.6693,-7.3669],[112.6703,-7.3673],[112.6714,-7.3671]]],[[[112.6279,-7.3734],[112.6275,-7.3749],[112.6267,-7.3758],[112.6275,-7.375],[112.6279,-7.3734]]]]}},{"type":"Feature","properties":{"level":"district","regency":"Sidoarjo","district":"Wonoayu"},"geometry":{"type":"MultiPolygon","coordinates":[[[[112.6457,-7.4205],[112.6445,-7.4204],[112.6432,-7.4199],[112.6427,-7.4186],[112.642,-7.4177],[112.641,-7.4176],[112.6399,-7.418],[112.6394,-7.419],[112.6383,-7.4189],[112.6372,-7.4188],[112.6365,-7.418],[112.6356,-7.4172],[112.6352,-7.4158],[112.6349,-7.4142],[112.6351,-7.4154],[112.6353,-7.4164],[112.636,-7.4174],[112.6364,-7.4185],[112.6374,-7.4187],[112.6389,-7.419],[112.6398,-7.4182],[112.6407,-7.4177],[112.6417,-7.4177],[112.6426,-7.4182],[112.6426,-7.4193],[112.6436,-7.4201],[112.6448,-7.4205],[112.6462,-7.4206],[112.6459,-7.422],[112.6456,-7.4231],[112.6448,-7.4249],[112.6435,-7.4277],[112.6419,-7.4273],[112.6406,-7.4268],[112.6387,-7.4261],[112.6382,-7.4272],[112.6375,-7.4287],[112.6363,-7.4287],[112.6352,-7.4286],[112.6343,-7.4281],[112.6353,-7.4287],[112.6365,-7.4288],[112.6357,-7.4315],[112.6366,-7.4289],[112.6378,-7.4281],[112.6383,-7.4269],[112.6398,-7.4265],[112.6413,-7.427],[112.6428,-7.4275],[112.6419,-7.4287],[112.6421,-7.4297],[112.6426,-7.4277],[112.6446,-7.4251],[112.646,-7.4256],[112.6473,-7.4263],[112.6463,-7.4258],[112.6451,-7.4252],[112.6454,-7.4235],[112.6458,-7.4225],[112.646,-7.4215],[112.6457,-7.4205]]],[[[112.6352,-7.4132],[112.6352,-7.4122],[112.6356,-7.4113],[112.6359,-7.4102],[112.6355,-7.409],[112.6367,-7.4082],[112.6354,-7.4083],[112.6357,-7.4098],[112.6358,-7.4108],[112.6352,-7.4118],[112.6352,-7.4132]]],[[[112.6352,-7.4373],[112.6364,-7.4376],[112.6356,-7.4385],[112.6346,-7.4394],[112.6354,-7.4386],[112.6364,-7.4378],[112.6385,-7.4381],[112.6367,-7.4378],[112.6352,-7.4373]]],[[[112.6464,-7.4395],[112.6462,-7.4405],[112.6473,-7.4411],[112.6461,-7.441],[112.6464,-7.4395]]],[[[112.6306,-7.4237],[112.6296,-7.4236],[112.6284,-7.4234],[112.6295,-7.4236],[112.6306,-7.4237]]],[[[112.5981,-7.4258],[112.5982,-7.4277],[112.5985,-7.43],[112.5987,-7.4314],[112.5983,-7.4353],[112.5973,-7.4359],[112.5966,-7.4367],[112.5963,-7.4378],[112.5959,-7.4389],[112.5953,-7.4405],[112.5948,-7.4415],[112.5943,-7.4425],[112.594,-7.4436],[112.5936,-7.4447],[112.5927,-7.4455],[112.5914,-7.4449],[112.591,-7.444],[112.5904,-7.4428],[112.5896,-7.4414],[112.5888,-7.4405],[112.5886,-7.4394],[112.5887,-7.4381],[112.5883,-7.435],[112.5887,-7.4335],[112.5891,-7.4321],[112.5896,-7.4304],[112.5898,-7.4292],[112.5902,-7.4282],[112.5914,-7.4274],[112.5924,-7.4262],[112.5945,-7.4263],[112.5948,-7.4249],[112.5968,-7.4254],[112.5979,-7.4257],[112.5981,-7.4258]]]]}},{"type":"Feature","properties":{"level":"district","regency":"Sidoarjo","district":"Prambon"},"geometry":{"type":"MultiPolygon","coordinates":[[[[112.5686,-7.4393],[112.5682,-7.4402],[112.568,-7.4413],[112.5676,-7.4424],[112.5675,-7.4413],[112.5687,-7.4414],[112.5695,-7.4422],[112.5704,-7.4427],[112.5715,-7.4429],[112.5724,-7.4433],[112.5734,-7.4437],[112.5739,-7.4437],[112.5748,-7.4442],[112.5757,-7.4446],[112.5767,-7.4449],[112.5779,-7.4451],[112.5789,-7.4454],[112.5799,-7.4452],[112.5804,-7.4463],[112.5811,-7.4474],[112.5804,-7.4487],[112.5801,-7.45],[112.5791,-7.4505],[112.5781,-7.4505],[112.5793,-7.4505],[112.5801,-7.4496],[112.5806,-7.4479],[112.5811,-7.4475],[112.5818,-7.4484],[112.5828,-7.4486],[112.5837,-7.4491],[112.5837,-7.4502],[112.5847,-7.4505],[112.5857,-7.4501],[112.5862,-7.4512],[112.5858,-7.4529],[112.5858,-7.4539],[112.5868,-7.4546],[112.5879,-7.4546],[112.5894,-7.4545],[112.5881,-7.4546],[112.5871,-7.4548],[112.5861,-7.4542],[112.5857,-7.4532],[112.5859,-7.4521],[112.5863,-7.4508],[112.5869,-7.4499],[112.5881,-7.4501],[112.5892,-7.4505],[112.5902,-7.4503],[112.5906,-7.4492],[112.5918,-7.4488],[112.5908,-7.4489],[112.5905,-7.45],[112.5896,-7.4506],[112.5885,-7.4503],[112.5875,-7.4499],[112.5863,-7.4501],[112.5853,-7.4503],[112.5842,-7.4505],[112.5836,-7.4496],[112.5833,-7.4486],[112.5821,-7.4486],[112.5813,-7.4478],[112.5807,-7.4469],[112.5802,-7.4459],[112.5793,-7.4452],[112.5783,-7.4451],[112.5773,-7.445],[112.5762,-7.4448],[112.5752,-7.4444],[112.5743,-7.4438],[112.5743,-7.4427],[112.5748,-7.4412],[112.5743,-7.4425],[112.5739,-7.4436],[112.5728,-7.4435],[112.5719,-7.4431],[112.5707,-7.4427],[112.5697,-7.4426],[112.5691,-7.4417],[112.568,-7.4414],[112.5681,-7.4403],[112.5686,-7.4393]]],[[[112.6058,-7.4875],[112.6046,-7.4879],[112.6035,-7.488],[112.6046,-7.488],[112.6057,-7.4876],[112.6058,-7.4875]]],[[[112.5849,-7.4922],[112.5853,-7.4911],[112.5858,-7.4897],[112.5855,-7.4906],[112.5849,-7.4922]]],[[[112.5964,-7.4876],[112.5974,-7.4878],[112.5981,-7.4859],[112.5986,-7.4846],[112.5972,-7.4839],[112.5959,-7.4833],[112.5949,-7.4828],[112.5943,-7.4817],[112.5943,-7.4806],[112.5946,-7.4795],[112.5947,-7.4784],[112.5957,-7.4778],[112.5946,-7.4781],[112.5946,-7.4793],[112.5943,-7.4803],[112.5943,-7.4815],[112.5945,-7.4826],[112.5954,-7.483],[112.597,-7.4838],[112.5981,-7.4844],[112.5982,-7.4857],[112.5976,-7.4874],[112.5964,-7.4876]]],[[[112.6037,-7.4547],[112.6027,-7.4544],[112.6013,-7.454],[112.6025,-7.4544],[112.6037,-7.4547]]],[[[112.6001,-7.4537],[112.599,-7.4534],[112.5978,-7.453],[112.5989,-7.4533],[112.6001,-7.4537]]],[[[112.5752,-7.4664],[112.5742,-7.4663],[112.5732,-7.4665],[112.5723,-7.4659],[112.5713,-7.4659],[112.5705,-7.4653],[112.5698,-7.4645],[112.5691,-7.4637],[112.5685,-7.4628],[112.5675,-7.463],[112.5664,-7.4631],[112.5652,-7.4639],[112.564,-7.464],[112.5651,-7.4642],[112.5656,-7.4631],[112.5666,-7.4631],[112.5678,-7.4629],[112.5688,-7.4633],[112.5695,-7.4641],[112.5701,-7.4649],[112.5709,-7.4656],[112.5712,-7.4668],[112.5709,-7.4678],[112.57,-7.4683],[112.5693,-7.4694],[112.5696,-7.4684],[112.5706,-7.4682],[112.5711,-7.4673],[112.5714,-7.4662],[112.5725,-7.4659],[112.5735,-7.466],[112.5744,-7.4666],[112.5752,-7.4664]]],[[[112.5743,-7.4797],[112.5733,-7.4796],[112.5729,-7.4807],[112.5733,-7.4797],[112.5743,-7.4797]]],[[[112.6132,-7.4713],[112.612,-7.4711],[112.611,-7.4708],[112.612,-7.471],[112.6132,-7.4713]]]]}},{"type":"Feature","properties":{"level":"district","regency":"Surabaya","district":"Wonocolo"},"geometry":{"type":"MultiPolygon","coordinates":[[[[112.747,-7.3059],[112.7481,-7.3066],[112.7469,-7.3065],[112.7479,-7.3059],[112.749,-7.3059],[112.75,-7.3058],[112.751,-7.3059],[112.7522,-7.3058],[112.7533,-7.3058],[112.7544,-7.3057],[112.7555,-7.3058],[112.7566,-7.306],[112.7568,-7.3047],[112.7578,-7.305],[112.7588,-7.3053],[112.7592,-7.3054],[112.7591,-7.3065],[112.759,-7.3075],[112.7588,-7.3088],[112.7586,-7.31],[112.7579,-7.3109],[112.7572,-7.3118],[112.7562,-7.3117],[112.7551,-7.3118],[112.754,-7.3116],[112.7532,-7.3123],[112.7532,-7.3134],[112.7533,-7.3145],[112.7538,-7.3153],[112.7531,-7.3162],[112.7523,-7.317],[112.7515,-7.3177],[112.7505,-7.3179],[112.7491,-7.3175],[112.7482,-7.3169],[112.7478,-7.3182],[112.747,-7.3189],[112.7451,-7.3186],[112.7439,-7.3188],[112.7449,-7.3186],[112.7467,-7.3189],[112.7475,-7.319],[112.7481,-7.3198],[112.7472,-7.3204],[112.7463,-7.3209],[112.7469,-7.3218],[112.7468,-7.323],[112.7454,-7.3228],[112.7443,-7.3226],[112.7437,-7.3236],[112.7438,-7.3248],[112.7437,-7.3263],[112.7436,-7.3273],[112.7435,-7.3284],[112.743,-7.3292],[112.7419,-7.329],[112.7429,-7.3292],[112.7436,-7.3293],[112.7434,-7.3303],[112.7433,-7.3313],[112.7431,-7.3324],[112.7428,-7.3335],[112.7424,-7.3347],[112.7424,-7.3358],[112.7424,-7.337],[112.7422,-7.3383],[112.742,-7.3396],[112.7419,-7.3407],[112.743,-7.3408],[112.7426,-7.342],[112.7424,-7.3432],[112.7421,-7.3447],[112.7411,-7.3452],[112.7397,-7.3451],[112.7379,-7.345],[112.7373,-7.344],[112.7375,-7.3429],[112.7377,-7.3415],[112.7372,-7.3405],[112.736,-7.3405],[112.735,-7.3402],[112.7338,-7.3399],[112.7328,-7.3397],[112.7315,-7.3396],[112.7305,-7.3396],[112.7293,-7.3395],[112.7293,-7.3382],[112.7297,-7.3362],[112.73,-7.3351],[112.7303,-7.3338],[112.7309,-7.3314],[112.7322,-7.3318],[112.7336,-7.3322],[112.7348,-7.3314],[112.7356,-7.33],[112.735,-7.3311],[112.7343,-7.3324],[112.7325,-7.3319],[112.7314,-7.3316],[112.7311,-7.3303],[112.7314,-7.3292],[112.7316,-7.3281],[112.732,-7.3266],[112.7322,-7.3251],[112.7325,-7.324],[112.7328,-7.3225],[112.7331,-7.3211],[112.7334,-7.3199],[112.7341,-7.3191],[112.735,-7.3177],[112.7345,-7.3186],[112.7335,-7.3191],[112.7339,-7.3175],[112.7342,-7.3163],[112.7344,-7.3151],[112.7347,-7.3138],[112.7349,-7.3126],[112.7352,-7.3113],[112.7365,-7.3115],[112.7379,-7.3118],[112.739,-7.312],[112.7396,-7.3129],[112.7409,-7.3133],[112.74,-7.3129],[112.7391,-7.3123],[112.7392,-7.3109],[112.7404,-7.311],[112.7408,-7.3098],[112.741,-7.3088],[112.7414,-7.3078],[112.7416,-7.3066],[112.7424,-7.3059],[112.7434,-7.3059],[112.7445,-7.3059],[112.7456,-7.3059],[112.7467,-7.3059],[112.747,-7.3059]]],[[[112.7487,-7.3125],[112.7484,-7.3135],[112.7474,-7.3136],[112.7457,-7.3133],[112.7439,-7.313],[112.743,-7.3126],[112.7449,-7.3132],[112.7465,-7.3135],[112.7483,-7.3138],[112.7487,-7.3125]]],[[[112.7406,-7.3287],[112.7395,-7.3285],[112.7383,-7.3283],[112.7368,-7.328],[112.7361,-7.3291],[112.7367,-7.328],[112.7378,-7.3282],[112.7393,-7.3285],[112.7406,-7.3287]]],[[[112.7362,-7.3167],[112.7372,-7.3173],[112.7384,-7.3171],[112.7397,-7.3179],[112.7417,-7.3185],[112.7404,-7.3183],[112.739,-7.3178],[112.7381,-7.317],[112.7372,-7.3174],[112.7362,-7.3167]]]]}},{"type":"Feature","properties":{"level":"district","regency":"Sidoarjo","district":"Waru"},"geometry":{"type":"MultiPolygon","coordinates":[[[[112.7644,-7.3384],[112.7657,-7.3386],[112.7667,-7.3389],[112.7668,-7.34],[112.7668,-7.341],[112.7676,-7.3417],[112.7685,-7.3412],[112.769,-7.3401],[112.7698,-7.3395],[112.7708,-7.3394],[112.7739,-7.3408],[112.7756,-7.3411],[112.7759,-7.3411],[112.7771,-7.3411],[112.7775,-7.3411],[112.7775,-7.3421],[112.7785,-7.3424],[112.7794,-7.3427],[112.7794,-7.3438],[112.7797,-7.3448],[112.7807,-7.345],[112.7817,-7.3452],[112.7827,-7.3453],[112.7837,-7.3455],[112.7847,-7.3455],[112.7857,-7.3451],[112.7866,-7.3446],[112.7876,-7.3443],[112.7886,-7.344],[112.7896,-7.3441],[112.7906,-7.3445],[112.7915,-7.345],[112.7922,-7.3457],[112.7931,-7.3462],[112.7941,-7.3464],[112.7952,-7.3465],[112.7961,-7.346],[112.7969,-7.3454],[112.7976,-7.3465],[112.7976,-7.3453],[112.7985,-7.3449],[112.7994,-7.3454],[112.8004,-7.3453],[112.8014,-7.3453],[112.8024,-7.3456],[112.8034,-7.3455],[112.8044,-7.3457],[112.8058,-7.346],[112.8068,-7.3457],[112.8078,-7.3457],[112.8098,-7.346],[112.8108,-7.3462],[112.812,-7.3463],[112.8133,-7.3462],[112.8143,-7.3458],[112.8151,-7.3452],[112.816,-7.3448],[112.8169,-7.3443],[112.8181,-7.3438],[112.8191,-7.3435],[112.8201,-7.3434],[112.8211,-7.3433],[112.8222,-7.3434],[112.8232,-7.3435],[112.8242,-7.3435],[112.8252,-7.3434],[112.8263,-7.3432],[112.8266,-7.3433],[112.8271,-7.3444],[112.8269,-7.3455],[112.8268,-7.3468],[112.8268,-7.3478],[112.827,-7.3488],[112.8273,-7.3498],[112.8276,-7.351],[112.8276,-7.3521],[112.8273,-7.3531],[112.8269,-7.3541],[112.8264,-7.355],[112.8259,-7.3559],[112.8255,-7.3568],[112.8252,-7.3578],[112.825,-7.3588],[112.8247,-7.3598],[112.8241,-7.3607],[112.823,-7.3613],[112.8218,-7.3609],[112.821,-7.3602],[112.8187,-7.3581],[112.8177,-7.3577],[112.8163,-7.3581],[112.8154,-7.3587],[112.8147,-7.3599],[112.8155,-7.3616],[112.8159,-7.3626],[112.8154,-7.3636],[112.8134,-7.3645],[112.812,-7.3652],[112.8111,-7.3657],[112.8101,-7.3662],[112.8091,-7.3663],[112.8081,-7.366],[112.8072,-7.3654],[112.8062,-7.3649],[112.8075,-7.3646],[112.8084,-7.364],[112.8074,-7.3631],[112.8066,-7.3625],[112.8081,-7.3634],[112.808,-7.3645],[112.807,-7.3645],[112.806,-7.3648],[112.805,-7.3647],[112.804,-7.3646],[112.803,-7.3644],[112.802,-7.3643],[112.801,-7.3647],[112.8001,-7.3652],[112.7991,-7.3653],[112.7981,-7.3649],[112.7973,-7.3642],[112.7965,-7.3635],[112.7956,-7.363],[112.7946,-7.3628],[112.7936,-7.3627],[112.7925,-7.3626],[112.7916,-7.3621],[112.7908,-7.3615],[112.7898,-7.3612],[112.7888,-7.3616],[112.7878,-7.3619],[112.7869,-7.3614],[112.7862,-7.3607],[112.7852,-7.3606],[112.7842,-7.361],[112.7834,-7.3617],[112.7821,-7.3615],[112.7808,-7.3611],[112.7798,-7.3607],[112.7788,-7.3602],[112.7776,-7.3594],[112.7761,-7.3589],[112.7751,-7.3586],[112.774,-7.3582],[112.7729,-7.3579],[112.7714,-7.3574],[112.7724,-7.3577],[112.7734,-7.3581],[112.7745,-7.3581],[112.7758,-7.3588],[112.7769,-7.3591],[112.778,-7.3597],[112.7792,-7.3604],[112.7802,-7.3609],[112.7813,-7.3614],[112.7829,-7.3616],[112.7839,-7.3614],[112.7847,-7.3608],[112.7857,-7.3604],[112.7866,-7.361],[112.7873,-7.3618],[112.7884,-7.3618],[112.7893,-7.3613],[112.7903,-7.3613],[112.7912,-7.3617],[112.7919,-7.3624],[112.793,-7.3626],[112.794,-7.3627],[112.7951,-7.3629],[112.7961,-7.3632],[112.7969,-7.3639],[112.7977,-7.3646],[112.7986,-7.3653],[112.7977,-7.3659],[112.7968,-7.3665],[112.7959,-7.3671],[112.7951,-7.3677],[112.7942,-7.3682],[112.7915,-7.3677],[112.7905,-7.3673],[112.7895,-7.3672],[112.7885,-7.3665],[112.7874,-7.3664],[112.7863,-7.3663],[112.7852,-7.3662],[112.7842,-7.3661],[112.7829,-7.366],[112.7818,-7.3657],[112.7805,-7.3659],[112.7795,-7.366],[112.7786,-7.3653],[112.7776,-7.3647],[112.7765,-7.3643],[112.775,-7.3645],[112.7736,-7.3647],[112.7724,-7.365],[112.7711,-7.3652],[112.7707,-7.3662],[112.7704,-7.3671],[112.7693,-7.3671],[112.7681,-7.3668],[112.7676,-7.3659],[112.7672,-7.3649],[112.7672,-7.3636],[112.7666,-7.3627],[112.766,-7.3619],[112.7658,-7.3608],[112.7659,-7.3597],[112.7673,-7.3574],[112.7678,-7.3562],[112.7702,-7.3569],[112.7685,-7.3564],[112.7673,-7.356],[112.7658,-7.3555],[112.7662,-7.354],[112.7664,-7.3526],[112.7677,-7.353],[112.7694,-7.3533],[112.7706,-7.3533],[112.7708,-7.3522],[112.7714,-7.3511],[112.7724,-7.3509],[112.7734,-7.3511],[112.7742,-7.3518],[112.7752,-7.3522],[112.7762,-7.3525],[112.7772,-7.3521],[112.7774,-7.3511],[112.7771,-7.3525],[112.776,-7.3525],[112.775,-7.3522],[112.7741,-7.3517],[112.7733,-7.351],[112.7723,-7.3509],[112.7712,-7.3511],[112.7707,-7.3502],[112.7704,-7.3512],[112.7693,-7.3511],[112.7683,-7.3509],[112.7672,-7.3515],[112.7665,-7.3522],[112.7661,-7.3512],[112.7662,-7.3502],[112.7663,-7.3491],[112.7665,-7.3478],[112.766,-7.3469],[112.7659,-7.3455],[112.7655,-7.3445],[112.7656,-7.3435],[112.7646,-7.3431],[112.764,-7.3423],[112.7642,-7.3411],[112.764,-7.34],[112.7644,-7.3384]]],[[[112.7606,-7.3499],[112.7596,-7.3503],[112.7587,-7.3507],[112.7587,-7.3494],[112.7585,-7.3484],[112.7587,-7.3501],[112.7597,-7.3503],[112.7606,-7.3499]]],[[[112.7587,-7.3464],[112.7589,-7.3454],[112.7578,-7.3451],[112.7588,-7.3453],[112.7587,-7.3464]]],[[[112.7331,-7.3559],[112.7316,-7.3557],[112.7304,-7.3555],[112.7315,-7.3557],[112.7331,-7.3559]]],[[[112.7316,-7.3621],[112.7314,-7.3606],[112.7315,-7.3593],[112.7317,-7.3567],[112.7315,-7.3587],[112.7315,-7.36],[112.7315,-7.3611],[112.7316,-7.3621]]],[[[112.7241,-7.3564],[112.7237,-7.358],[112.7224,-7.3582],[112.7234,-7.3584],[112.7241,-7.3564]]],[[[112.7979,-7.358],[112.7978,-7.3569],[112.7967,-7.3566],[112.7978,-7.3567],[112.7979,-7.358]]],[[[112.7819,-7.3481],[112.7827,-7.3474],[112.7842,-7.3478],[112.7829,-7.3475],[112.7819,-7.3481]]],[[[112.7715,-7.3482],[112.7724,-7.3476],[112.7726,-7.3462],[112.7724,-7.3475],[112.7715,-7.3482]]],[[[112.7729,-7.3448],[112.7733,-7.3438],[112.7735,-7.3428],[112.7747,-7.3425],[112.7736,-7.3424],[112.7734,-7.3434],[112.7729,-7.3448]]]]}},{"type":"Feature","properties":{"level":"district","regency":"Surabaya","district":"Pabean Cantian"},"geometry":{"type":"MultiPolygon","coordinates":[[[[112.7448,-7.2384],[112.7451,-7.2394],[112.7454,-7.2404],[112.746,-7.2418],[112.747,-7.2428],[112.7473,-7.2438],[112.7474,-7.245],[112.7475,-7.2461],[112.7473,-7.2473],[112.7468,-7.2483],[112.7457,-7.2482],[112.7445,-7.2481],[112.7435,-7.2481],[112.7424,-7.2478],[112.7426,-7.2468],[112.743,-7.2458],[112.743,-7.2448],[112.7425,-7.2439],[112.7415,-7.2437],[112.7405,-7.2436],[112.7396,-7.2431],[112.7391,-7.2422],[112.7389,-7.2412],[112.7386,-7.2402],[112.738,-7.2393],[112.7378,-7.2383],[112.7381,-7.2373],[112.7392,-7.2369],[112.7405,-7.2372],[112.7419,-7.2376],[112.7431,-7.238],[112.7448,-7.2384]]],[[[112.7382,-7.2316],[112.7368,-7.2312],[112.7356,-7.2309],[112.7346,-7.2313],[112.7344,-7.2323],[112.7354,-7.2326],[112.7353,-7.2338],[112.7343,-7.2337],[112.733,-7.2331],[112.7314,-7.2325],[112.7314,-7.2314],[112.7319,-7.2303],[112.7324,-7.2291],[112.733,-7.228],[112.7334,-7.2271],[112.7338,-7.2262],[112.7344,-7.2254],[112.7353,-7.2249],[112.7363,-7.2244],[112.7372,-7.2239],[112.7382,-7.2242],[112.7382,-7.2253],[112.7382,-7.2263],[112.7382,-7.2274],[112.7382,-7.2284],[112.7382,-7.2294],[112.7382,-7.2304],[112.7382,-7.2314],[112.7382,-7.2316]]],[[[112.741,-7.2253],[112.741,-7.2263],[112.7414,-7.2273],[112.7414,-7.2283],[112.7415,-7.2294],[112.7409,-7.2302],[112.7409,-7.2313],[112.741,-7.2328],[112.7413,-7.2338],[112.7423,-7.2341],[112.7431,-7.2347],[112.7433,-7.2359],[112.7439,-7.2368],[112.7445,-7.2377],[112.7435,-7.2381],[112.7424,-7.2377],[112.741,-7.2374],[112.7397,-7.237],[112.7387,-7.2367],[112.7386,-7.2357],[112.7388,-7.2347],[112.7387,-7.2337],[112.7384,-7.2327],[112.7383,-7.2316],[112.7383,-7.2306],[112.7382,-7.2296],[112.7382,-7.2286],[112.7382,-7.2276],[112.7382,-7.2266],[112.7382,-7.2256],[112.7382,-7.2246],[112.7394,-7.2248],[112.7405,-7.2252],[112.741,-7.2253]]],[[[112.7381,-7.2238],[112.737,-7.224],[112.7359,-7.2246],[112.735,-7.2251],[112.7341,-7.2256],[112.7336,-7.2266],[112.7331,-7.2276],[112.7327,-7.2287],[112.7322,-7.2296],[112.7317,-7.2307],[112.7313,-7.2318],[112.7309,-7.2331],[112.7307,-7.2342],[112.7295,-7.2335],[112.7287,-7.2327],[112.7288,-7.2313],[112.7294,-7.2301],[112.7299,-7.2291],[112.7308,-7.2272],[112.7317,-7.2253],[112.732,-7.2242],[112.7322,-7.2229],[112.7334,-7.2226],[112.7351,-7.2225],[112.7362,-7.2225],[112.7374,-7.2224],[112.7381,-7.2231],[112.7381,-7.2238]]],[[[112.7381,-7.2224],[112.737,-7.2224],[112.7359,-7.2224],[112.7342,-7.2225],[112.7326,-7.2226],[112.7325,-7.2206],[112.7315,-7.2209],[112.7306,-7.2202],[112.7302,-7.2192],[112.7283,-7.2182],[112.7268,-7.2172],[112.7259,-7.2162],[112.7254,-7.2152],[112.7248,-7.214],[112.7243,-7.2129],[112.7237,-7.2116],[112.7226,-7.2118],[112.7217,-7.2107],[112.7213,-7.2096],[112.7216,-7.2086],[112.7207,-7.2079],[112.7195,-7.2062],[112.7193,-7.205],[112.7185,-7.2034],[112.718,-7.2024],[112.7175,-7.2013],[112.718,-7.2002],[112.7174,-7.1991],[112.7184,-7.1992],[112.7194,-7.1989],[112.7205,-7.1992],[112.7211,-7.2006],[112.7222,-7.2023],[112.7253,-7.209],[112.7262,-7.2096],[112.7245,-7.2033],[112.7256,-7.2028],[112.7286,-7.2091],[112.7305,-7.2088],[112.7298,-7.2072],[112.7327,-7.2066],[112.7322,-7.2038],[112.7322,-7.202],[112.7314,-7.2013],[112.7304,-7.2004],[112.732,-7.2001],[112.7315,-7.1985],[112.7243,-7.1999],[112.7236,-7.1985],[112.7335,-7.1963],[112.7349,-7.1961],[112.7351,-7.1972],[112.7353,-7.1982],[112.7355,-7.1992],[112.7357,-7.2003],[112.736,-7.2013],[112.7362,-7.2024],[112.7364,-7.2034],[112.7366,-7.2044],[112.7368,-7.2055],[112.737,-7.2066],[112.7372,-7.2077],[112.7374,-7.2087],[112.7375,-7.2097],[112.7376,-7.2108],[112.7377,-7.2119],[112.7377,-7.213],[112.7378,-7.2141],[112.7378,-7.2152],[112.7378,-7.2162],[112.7379,-7.2173],[112.7379,-7.2184],[112.738,-7.2195],[112.738,-7.2205],[112.7381,-7.2215],[112.7381,-7.2224]]]]}},{"type":"Feature","properties":{"level":"district","regency":"Surabaya","district":"Sambikerep"},"geometry":{"type":"MultiPolygon","coordinates":[[[[112.6414,-7.2683],[112.6404,-7.2681],[112.6384,-7.2683],[112.6398,-7.2681],[112.6414,-7.2683]]],[[[112.6759,-7.2621],[112.6764,-7.263],[112.6762,-7.264],[112.6763,-7.2653],[112.676,-7.2663],[112.6768,-7.267],[112.6758,-7.2673],[112.6746,-7.2669],[112.6733,-7.2673],[112.6732,-7.2685],[112.6729,-7.2696],[112.6726,-7.2707],[112.6736,-7.2715],[112.6746,-7.2711],[112.677,-7.2718],[112.6784,-7.2727],[112.6791,-7.274],[112.6801,-7.2756],[112.6808,-7.2765],[112.682,-7.2763],[112.683,-7.2755],[112.6837,-7.2764],[112.6832,-7.2777],[112.6824,-7.2784],[112.6811,-7.2794],[112.6803,-7.2801],[112.6793,-7.2804],[112.6784,-7.2814],[112.6782,-7.283],[112.6764,-7.2833],[112.6753,-7.2831],[112.6741,-7.2827],[112.674,-7.2838],[112.6743,-7.2849],[112.675,-7.2856],[112.675,-7.2866],[112.6748,-7.2877],[112.6748,-7.2888],[112.6738,-7.2883],[112.6729,-7.2909],[112.6721,-7.2919],[112.6711,-7.2925],[112.6697,-7.2921],[112.6686,-7.2917],[112.6674,-7.2919],[112.6663,-7.2915],[112.6633,-7.2911],[112.6608,-7.2907],[112.6586,-7.2901],[112.6568,-7.2897],[112.6556,-7.29],[112.6544,-7.29],[112.6521,-7.29],[112.6521,-7.2884],[112.6538,-7.2878],[112.6545,-7.287],[112.6545,-7.2858],[112.6554,-7.2852],[112.6563,-7.2846],[112.6565,-7.2833],[112.6575,-7.2829],[112.658,-7.2816],[112.6582,-7.2805],[112.6586,-7.2791],[112.6589,-7.2781],[112.6592,-7.2768],[112.6596,-7.2757],[112.6599,-7.2746],[112.6603,-7.2732],[112.6607,-7.272],[112.6616,-7.2713],[112.6625,-7.2706],[112.6635,-7.2703],[112.665,-7.2708],[112.6656,-7.272],[112.6671,-7.2719],[112.6685,-7.2708],[112.6693,-7.2697],[112.6686,-7.2688],[112.6672,-7.2685],[112.6661,-7.2683],[112.6664,-7.2669],[112.6667,-7.2657],[112.6669,-7.2646],[112.6672,-7.2632],[112.6685,-7.2637],[112.6697,-7.2637],[112.6708,-7.2636],[112.6715,-7.2624],[112.6725,-7.2625],[112.6736,-7.2624],[112.6749,-7.262],[112.6759,-7.2621]]]]}},{"type":"Feature","properties":{"level":"district","regency":"Surabaya","district":"Bulak"},"geometry":{"type":"MultiPolygon","coordinates":[[[[112.7862,-7.2261],[112.7872,-7.2259],[112.7888,-7.2259],[112.7905,-7.2265],[112.7905,-7.2276],[112.7902,-7.2286],[112.7899,-7.2301],[112.7901,-7.2312],[112.7896,-7.2322],[112.7884,-7.2323],[112.7865,-7.2322],[112.7876,-7.2322],[112.7889,-7.2324],[112.7898,-7.2318],[112.7899,-7.2304],[112.79,-7.2294],[112.7902,-7.2284],[112.791,-7.2267],[112.7916,-7.2275],[112.7923,-7.2292],[112.7928,-7.2302],[112.793,-7.2307],[112.7943,-7.2323],[112.7958,-7.2351],[112.7957,-7.2365],[112.7961,-7.2379],[112.7966,-7.2389],[112.7965,-7.2399],[112.7968,-7.241],[112.7971,-7.2421],[112.7961,-7.2421],[112.7951,-7.2412],[112.7935,-7.241],[112.7931,-7.24],[112.7932,-7.2388],[112.7932,-7.2378],[112.7932,-7.239],[112.7931,-7.2402],[112.7948,-7.2411],[112.7959,-7.2412],[112.7963,-7.2422],[112.797,-7.2415],[112.7966,-7.2406],[112.7965,-7.2395],[112.7966,-7.2387],[112.7972,-7.2399],[112.7986,-7.2402],[112.7993,-7.2417],[112.8009,-7.2423],[112.801,-7.2434],[112.8013,-7.2449],[112.8022,-7.246],[112.8029,-7.2474],[112.8028,-7.2485],[112.8038,-7.2495],[112.8041,-7.2509],[112.8041,-7.2519],[112.8057,-7.2519],[112.8068,-7.2518],[112.8069,-7.2529],[112.8064,-7.2539],[112.8065,-7.2553],[112.8047,-7.2555],[112.8036,-7.2553],[112.8019,-7.2548],[112.8,-7.2542],[112.7986,-7.2538],[112.7976,-7.2535],[112.7959,-7.2529],[112.7946,-7.2527],[112.7934,-7.2523],[112.7926,-7.2515],[112.7927,-7.2503],[112.7928,-7.2492],[112.7923,-7.2481],[112.7906,-7.248],[112.7893,-7.2478],[112.7874,-7.2476],[112.786,-7.2475],[112.7841,-7.2474],[112.7828,-7.2473],[112.783,-7.2458],[112.7832,-7.2442],[112.7835,-7.2428],[112.7836,-7.2413],[112.7835,-7.2395],[112.7834,-7.238],[112.7837,-7.2367],[112.784,-7.2351],[112.785,-7.235],[112.7873,-7.2349],[112.7891,-7.2348],[112.7895,-7.2361],[112.7895,-7.2348],[112.7879,-7.2348],[112.7856,-7.235],[112.7844,-7.2348],[112.7844,-7.2336],[112.7841,-7.2346],[112.7831,-7.235],[112.782,-7.2349],[112.7811,-7.2354],[112.7801,-7.2354],[112.7802,-7.2344],[112.7795,-7.2337],[112.7786,-7.2333],[112.7776,-7.2337],[112.7777,-7.2349],[112.7768,-7.2353],[112.7759,-7.2358],[112.7753,-7.2366],[112.7743,-7.2368],[112.7733,-7.2364],[112.7723,-7.2361],[112.7711,-7.2359],[112.7708,-7.2347],[112.7713,-7.233],[112.7725,-7.2332],[112.7732,-7.2323],[112.7746,-7.2322],[112.7752,-7.2312],[112.7755,-7.2301],[112.7765,-7.2292],[112.7774,-7.2289],[112.7784,-7.2289],[112.7801,-7.2293],[112.781,-7.2289],[112.7814,-7.2299],[112.7823,-7.2307],[112.7834,-7.2313],[112.7838,-7.2304],[112.7838,-7.2292],[112.7841,-7.2282],[112.7834,-7.2272],[112.7835,-7.2259],[112.7845,-7.2253],[112.7856,-7.2256],[112.7862,-7.2261]]],[[[112.7787,-7.2133],[112.779,-7.2121],[112.7793,-7.2111],[112.7798,-7.2099],[112.78,-7.2087],[112.7803,-7.2098],[112.7818,-7.2105],[112.7825,-7.213],[112.7835,-7.214],[112.7845,-7.2159],[112.7848,-7.2172],[112.7855,-7.218],[112.7864,-7.2187],[112.7874,-7.2193],[112.7875,-7.2205],[112.7878,-7.2218],[112.7881,-7.2231],[112.7884,-7.2242],[112.7887,-7.2256],[112.7877,-7.2258],[112.7867,-7.2261],[112.7866,-7.2245],[112.7869,-7.2234],[112.7856,-7.2232],[112.7846,-7.223],[112.7841,-7.2221],[112.7831,-7.2213],[112.7821,-7.221],[112.781,-7.2205],[112.7798,-7.2202],[112.7789,-7.2195],[112.7772,-7.2188],[112.7774,-7.2178],[112.7777,-7.2165],[112.778,-7.2155],[112.7783,-7.2145],[112.7787,-7.2134],[112.7787,-7.2133]]],[[[112.7961,-7.248],[112.7965,-7.2491],[112.7968,-7.2478],[112.7961,-7.248]]]]}},{"type":"Feature","properties":{"level":"district","regency":"Sidoarjo","district":"Porong"},"geometry":{"type":"MultiPolygon","coordinates":[[[[112.6858,-7.5138],[112.6845,-7.5138],[112.6834,-7.5135],[112.6825,-7.5131],[112.6814,-7.5132],[112.6809,-7.5142],[112.6799,-7.5151],[112.6788,-7.5153],[112.6782,-7.5162],[112.6777,-7.5151],[112.6767,-7.5147],[112.6767,-7.5132],[112.6764,-7.512],[112.6756,-7.5107],[112.6745,-7.5105],[112.6737,-7.5098],[112.6726,-7.5098],[112.6716,-7.5098],[112.6707,-7.5089],[112.67,-7.5081],[112.6696,-7.507],[112.6692,-7.5058],[112.6687,-7.5047],[112.6684,-7.5036],[112.6701,-7.5034],[112.6711,-7.5036],[112.6724,-7.5038],[112.6737,-7.504],[112.6749,-7.5042],[112.6768,-7.5045],[112.678,-7.5046],[112.6795,-7.5048],[112.6803,-7.5031],[112.681,-7.504],[112.6822,-7.5044],[112.6824,-7.5042],[112.6822,-7.5052],[112.6826,-7.5064],[112.6829,-7.5074],[112.6824,-7.5083],[112.6832,-7.5089],[112.6842,-7.5094],[112.6853,-7.5095],[112.6862,-7.5101],[112.6855,-7.511],[112.6862,-7.5119],[112.6863,-7.5129],[112.6858,-7.5138]]],[[[112.6739,-7.52],[112.675,-7.5203],[112.674,-7.52],[112.6729,-7.5199],[112.6739,-7.52]]],[[[112.6967,-7.5409],[112.6956,-7.5408],[112.6946,-7.5413],[112.6955,-7.5408],[112.6967,-7.5409]]],[[[112.687,-7.5409],[112.6854,-7.5406],[112.684,-7.5404],[112.6852,-7.5406],[112.687,-7.5409]]],[[[112.6762,-7.5294],[112.6753,-7.531],[112.6744,-7.5327],[112.6738,-7.5341],[112.6744,-7.5328],[112.6749,-7.5317],[112.6757,-7.5302],[112.6766,-7.5296],[112.6758,-7.529],[112.6762,-7.5294]]],[[[112.6716,-7.5247],[112.6723,-7.5255],[112.6738,-7.5272],[112.6729,-7.5262],[112.6716,-7.5247]]],[[[112.7927,-7.5184],[112.794,-7.5201],[112.7951,-7.5207],[112.7962,-7.521],[112.7973,-7.5211],[112.7983,-7.5204],[112.8001,-7.5198],[112.8011,-7.5199],[112.8001,-7.5208],[112.7992,-7.5216],[112.7984,-7.5224],[112.7976,-7.523],[112.7966,-7.5231],[112.7956,-7.5236],[112.7945,-7.5232],[112.7931,-7.5226],[112.7917,-7.5224],[112.7905,-7.5223],[112.7894,-7.5223],[112.7884,-7.5224],[112.7875,-7.5232],[112.7886,-7.5241],[112.7895,-7.5247],[112.7901,-7.5256],[112.7901,-7.5267],[112.7901,-7.5279],[112.7893,-7.5287],[112.7879,-7.5288],[112.7866,-7.528],[112.7855,-7.5275],[112.7845,-7.5274],[112.7832,-7.528],[112.7823,-7.5284],[112.7813,-7.5283],[112.7802,-7.5278],[112.7795,-7.5269],[112.778,-7.5271],[112.7766,-7.5277],[112.7752,-7.5275],[112.7745,-7.5261],[112.7735,-7.5258],[112.7721,-7.5264],[112.7707,-7.5265],[112.7694,-7.5266],[112.768,-7.5271],[112.7672,-7.5278],[112.7661,-7.5275],[112.7652,-7.5267],[112.7641,-7.5271],[112.7626,-7.5271],[112.7615,-7.5267],[112.7604,-7.5262],[112.7592,-7.5256],[112.758,-7.5255],[112.7571,-7.526],[112.7559,-7.5264],[112.7546,-7.5272],[112.7542,-7.5281],[112.7528,-7.5287],[112.752,-7.5301],[112.7521,-7.5322],[112.7511,-7.5321],[112.7506,-7.533],[112.7501,-7.5339],[112.7495,-7.5348],[112.7481,-7.5345],[112.7461,-7.5342],[112.745,-7.5336],[112.743,-7.5352],[112.7426,-7.5364],[112.7414,-7.537],[112.7404,-7.5367],[112.7391,-7.5365],[112.7372,-7.5359],[112.7371,-7.5338],[112.738,-7.5333],[112.7393,-7.5336],[112.7405,-7.533],[112.7416,-7.5331],[112.7426,-7.5329],[112.7435,-7.5324],[112.7446,-7.5322],[112.7453,-7.5315],[112.7458,-7.5304],[112.7464,-7.5294],[112.7475,-7.5303],[112.7481,-7.5293],[112.7479,-7.5283],[112.7476,-7.5271],[112.7475,-7.526],[112.7475,-7.5247],[112.7475,-7.5236],[112.7483,-7.5228],[112.748,-7.5217],[112.7486,-7.5208],[112.7497,-7.5211],[112.7507,-7.5209],[112.7523,-7.5209],[112.7532,-7.5205],[112.7544,-7.5203],[112.7555,-7.5201],[112.7569,-7.5198],[112.7581,-7.5195],[112.7593,-7.5195],[112.7605,-7.5204],[112.7614,-7.521],[112.7624,-7.5215],[112.7633,-7.5221],[112.7644,-7.5227],[112.7655,-7.5234],[112.7668,-7.5226],[112.7675,-7.5216],[112.7675,-7.5204],[112.7665,-7.5198],[112.7665,-7.5186],[112.7675,-7.5178],[112.7685,-7.517],[112.7707,-7.5165],[112.7717,-7.517],[112.773,-7.5166],[112.774,-7.5158],[112.7742,-7.5147],[112.7745,-7.5137],[112.7756,-7.5144],[112.7765,-7.5148],[112.7779,-7.5146],[112.779,-7.514],[112.7795,-7.5129],[112.7795,-7.5118],[112.7804,-7.5113],[112.7816,-7.5112],[112.7831,-7.5115],[112.784,-7.512],[112.7852,-7.5124],[112.7861,-7.5134],[112.7868,-7.5145],[112.787,-7.5156],[112.7865,-7.5165],[112.7862,-7.5176],[112.787,-7.5183],[112.7879,-7.5189],[112.7889,-7.5186],[112.7897,-7.518],[112.7907,-7.5176],[112.792,-7.5179],[112.7927,-7.5184]]]]}},{"type":"Feature","properties":{"level":"district","regency":"Surabaya","district":"Wonokromo"},"geometry":{"type":"MultiPolygon","coordinates":[[[[112.7329,-7.2999],[112.7318,-7.3003],[112.7305,-7.3007],[112.7316,-7.3003],[112.7329,-7.2999]]],[[[112.7283,-7.3019],[112.7276,-7.3027],[112.7268,-7.304],[112.7276,-7.3028],[112.7283,-7.3019]]]]}},{"type":"Feature","properties":{"level":"district","regency":"Surabaya","district":"Dukuh Pakis"},"geometry":{"type":"MultiPolygon","coordinates":[[[[112.7164,-7.2822],[112.716,-7.2836],[112.7156,-7.2848],[112.7152,-7.2857],[112.7135,-7.2858],[112.7126,-7.2867],[112.7113,-7.2865],[112.7102,-7.2862],[112.7093,-7.2867],[112.7076,-7.2865],[112.7078,-7.2853],[112.7081,-7.2841],[112.7071,-7.2836],[112.705,-7.2831],[112.7032,-7.2838],[112.7023,-7.2846],[112.7012,-7.2841],[112.7003,-7.2836],[112.6995,-7.2821],[112.7011,-7.2808],[112.7025,-7.2797],[112.703,-7.2787],[112.704,-7.2779],[112.7049,-7.2772],[112.7062,-7.2789],[112.7072,-7.2789],[112.7081,-7.2784],[112.7082,-7.2772],[112.7082,-7.2761],[112.7094,-7.2756],[112.7097,-7.277],[112.7108,-7.2779],[112.7118,-7.2782],[112.7128,-7.2788],[112.7139,-7.2787],[112.7155,-7.279],[112.7165,-7.2793],[112.7171,-7.2802],[112.7167,-7.2812],[112.7164,-7.2822]]]]}},{"type":"Feature","properties":{"level":"district","regency":"Surabaya","district":"Gayungan"},"geometry":{"type":"MultiPolygon","coordinates":[[[[112.7321,-7.3261],[112.7311,-7.3259],[112.7298,-7.3255],[112.7283,-7.3252],[112.7273,-7.3249],[112.7264,-7.3255],[112.7275,-7.3259],[112.7285,-7.3266],[112.7285,-7.3279],[112.7275,-7.3277],[112.7273,-7.3289],[112.725,-7.3293],[112.7238,-7.3292],[112.7226,-7.3291],[112.7215,-7.329],[112.7204,-7.3289],[112.719,-7.3287],[112.718,-7.3285],[112.7189,-7.3274],[112.7198,-7.3262],[112.7209,-7.325],[112.7216,-7.3241],[112.7223,-7.3233],[112.7232,-7.322],[112.724,-7.3211],[112.7247,-7.3201],[112.7254,-7.3193],[112.726,-7.3185],[112.7256,-7.3176],[112.7243,-7.3171],[112.7226,-7.3164],[112.7224,-7.3151],[112.7228,-7.3125],[112.7231,-7.3102],[112.7233,-7.3077],[112.7245,-7.3078],[112.7256,-7.3082],[112.7265,-7.3086],[112.7277,-7.3092],[112.7287,-7.3097],[112.7297,-7.31],[112.7308,-7.3097],[112.7321,-7.3098],[112.7337,-7.3103],[112.735,-7.3105],[112.7352,-7.3106],[112.7351,-7.312],[112.7348,-7.313],[112.7344,-7.3148],[112.7342,-7.3158],[112.7339,-7.3175],[112.7336,-7.319],[112.7331,-7.3209],[112.7329,-7.3221],[112.7326,-7.3238],[112.7323,-7.3248],[112.7321,-7.3261]]]]}},{"type":"Feature","properties":{"level":"district","regency":"Surabaya","district":"Tambaksari"},"geometry":{"type":"MultiPolygon","coordinates":[[[[112.7771,-7.2509],[112.7759,-7.2505],[112.7746,-7.2502],[112.7735,-7.2498],[112.7724,-7.2495],[112.7713,-7.2491],[112.7703,-7.2488],[112.7693,-7.2486],[112.7688,-7.2472],[112.7689,-7.2453],[112.7688,-7.2467],[112.7688,-7.2485],[112.7699,-7.2487],[112.7709,-7.249],[112.772,-7.2493],[112.7732,-7.2497],[112.7744,-7.2501],[112.7754,-7.2504],[112.7771,-7.2509]]]]}},{"type":"Feature","properties":{"level":"district","regency":"Surabaya","district":"Mulyorejo"},"geometry":{"type":"MultiPolygon","coordinates":[[[[112.7951,-7.2632],[112.7953,-7.265],[112.7955,-7.2662],[112.796,-7.2688],[112.7968,-7.2705],[112.7971,-7.2716],[112.7959,-7.2712],[112.7943,-7.2707],[112.7929,-7.2703],[112.7917,-7.2699],[112.7928,-7.2703],[112.7938,-7.2705],[112.795,-7.2709],[112.7962,-7.2713],[112.7971,-7.2718],[112.7968,-7.2707],[112.7966,-7.2695],[112.7955,-7.2664],[112.7953,-7.2652],[112.7952,-7.2642],[112.7951,-7.2632]]],[[[112.7871,-7.2573],[112.7872,-7.2561],[112.7878,-7.2548],[112.7876,-7.256],[112.7871,-7.2573]]],[[[112.7911,-7.253],[112.7913,-7.2519],[112.7907,-7.2508],[112.7912,-7.2517],[112.7911,-7.253]]],[[[112.8207,-7.2672],[112.8155,-7.2699],[112.8145,-7.2702],[112.8154,-7.2697],[112.8207,-7.2672]]],[[[112.8128,-7.2711],[112.8119,-7.2717],[112.8112,-7.2728],[112.8099,-7.2734],[112.8109,-7.2729],[112.8118,-7.2719],[112.8128,-7.2711]]],[[[112.8088,-7.2736],[112.8075,-7.2736],[112.8063,-7.2739],[112.8046,-7.2741],[112.8036,-7.2742],[112.8054,-7.274],[112.8066,-7.2739],[112.8088,-7.2736]]],[[[112.7722,-7.2893],[112.771,-7.2894],[112.7711,-7.2876],[112.7713,-7.2865],[112.7715,-7.2851],[112.7735,-7.2853],[112.7733,-7.2864],[112.773,-7.2874],[112.7726,-7.2886],[112.7722,-7.2893]]]]}},{"type":"Feature","properties":{"level":"district","regency":"Surabaya","district":"Krembangan"},"geometry":{"type":"MultiPolygon","coordinates":[[[[112.7206,-7.2361],[112.7196,-7.236],[112.7187,-7.2365],[112.7176,-7.2363],[112.7166,-7.236],[112.7156,-7.236],[112.715,-7.2368],[112.7147,-7.2379],[112.7146,-7.2389],[112.7149,-7.2398],[112.7155,-7.2407],[112.7161,-7.2416],[112.7167,-7.2424],[112.7156,-7.243],[112.7146,-7.2427],[112.7131,-7.2414],[112.7134,-7.2404],[112.7125,-7.2408],[112.7115,-7.2405],[112.7105,-7.2403],[112.7098,-7.2395],[112.7096,-7.2385],[112.7091,-7.2376],[112.7101,-7.2379],[112.7112,-7.2379],[112.7113,-7.2369],[112.7111,-7.2359],[112.71,-7.2359],[112.7091,-7.2364],[112.7081,-7.2365],[112.7081,-7.2353],[112.7083,-7.2342],[112.7088,-7.233],[112.7096,-7.2323],[112.7099,-7.2314],[112.7091,-7.2306],[112.7081,-7.2306],[112.7071,-7.2303],[112.7071,-7.2292],[112.7071,-7.2282],[112.7068,-7.2272],[112.7063,-7.2263],[112.7062,-7.2253],[112.7064,-7.2243],[112.7067,-7.2233],[112.7077,-7.2234],[112.7087,-7.2233],[112.709,-7.2222],[112.7105,-7.2213],[112.7101,-7.2204],[112.7094,-7.2187],[112.7103,-7.2173],[112.712,-7.217],[112.713,-7.2167],[112.714,-7.2158],[112.7152,-7.2142],[112.7156,-7.2132],[112.7154,-7.2122],[112.7149,-7.2107],[112.7157,-7.2119],[112.7154,-7.2108],[112.7148,-7.2099],[112.7142,-7.209],[112.7129,-7.2089],[112.713,-7.2074],[112.7142,-7.2072],[112.7147,-7.2081],[112.7158,-7.2082],[112.719,-7.2067],[112.7196,-7.2078],[112.7197,-7.2081],[112.7203,-7.2092],[112.7208,-7.2101],[112.7217,-7.2107],[112.7219,-7.2118],[112.7232,-7.2116],[112.7242,-7.2126],[112.7248,-7.214],[112.7253,-7.215],[112.7259,-7.2162],[112.7268,-7.2172],[112.7278,-7.2179],[112.7293,-7.2189],[112.7302,-7.2194],[112.7307,-7.2204],[112.7311,-7.2213],[112.7322,-7.2206],[112.7324,-7.2217],[112.7322,-7.2229],[112.732,-7.2242],[112.7317,-7.2253],[112.7309,-7.2269],[112.7302,-7.2286],[112.7297,-7.2296],[112.7291,-7.2307],[112.7284,-7.232],[112.7274,-7.2328],[112.7264,-7.2332],[112.7253,-7.2332],[112.7241,-7.2329],[112.7229,-7.2326],[112.7217,-7.232],[112.7215,-7.2308],[112.7218,-7.2291],[112.7217,-7.2279],[112.7215,-7.2268],[112.7212,-7.2258],[112.7206,-7.2242],[112.721,-7.2254],[112.7212,-7.2264],[112.7217,-7.2275],[112.7215,-7.2287],[112.7217,-7.2299],[112.7214,-7.2313],[112.7221,-7.2323],[112.7238,-7.2328],[112.7249,-7.2331],[112.7259,-7.2333],[112.7264,-7.2343],[112.7261,-7.2354],[112.7257,-7.2365],[112.7254,-7.2375],[112.7244,-7.2372],[112.7231,-7.2368],[112.7221,-7.2365],[112.7206,-7.2361]]]]}},{"type":"Feature","properties":{"level":"district","regency":"Surabaya","district":"Genteng"},"geometry":{"type":"MultiPolygon","coordinates":[[[[112.7428,-7.2558],[112.7438,-7.2563],[112.744,-7.2575],[112.7435,-7.2588],[112.7429,-7.2596],[112.7424,-7.2607],[112.7405,-7.2611],[112.7388,-7.2609],[112.7375,-7.2603],[112.7363,-7.2598],[112.7353,-7.2593],[112.7342,-7.2588],[112.7332,-7.2584],[112.7338,-7.2572],[112.7342,-7.2562],[112.7358,-7.2558],[112.7369,-7.2558],[112.738,-7.256],[112.7394,-7.2561],[112.741,-7.2561],[112.7421,-7.2561],[112.7428,-7.2558]]],[[[112.7468,-7.2483],[112.7462,-7.2492],[112.7455,-7.2506],[112.7449,-7.2517],[112.7444,-7.2526],[112.7443,-7.254],[112.7437,-7.2548],[112.7434,-7.256],[112.7422,-7.2557],[112.7412,-7.2557],[112.7399,-7.2557],[112.7386,-7.2556],[112.7378,-7.2549],[112.7376,-7.2537],[112.7373,-7.2526],[112.7376,-7.2516],[112.7385,-7.251],[112.7395,-7.2504],[112.7404,-7.2499],[112.7412,-7.2493],[112.7418,-7.2485],[112.7429,-7.248],[112.7439,-7.2481],[112.7453,-7.2482],[112.7464,-7.2483],[112.7468,-7.2483]]]]}},{"type":"Feature","properties":{"level":"district","regency":"Surabaya","district":"Sukolilo"},"geometry":{"type":"MultiPolygon","coordinates":[[[[112.7859,-7.2933],[112.7842,-7.2932],[112.7834,-7.2924],[112.7842,-7.2931],[112.7859,-7.2933]]],[[[112.7835,-7.2913],[112.7825,-7.2908],[112.7823,-7.2895],[112.7815,-7.2886],[112.7821,-7.2894],[112.7826,-7.2906],[112.7835,-7.2913]]],[[[112.7723,-7.2905],[112.7722,-7.2895],[112.7726,-7.2886],[112.773,-7.2875],[112.7733,-7.2864],[112.7736,-7.2853],[112.7715,-7.285],[112.7702,-7.2858],[112.7714,-7.2859],[112.7713,-7.2869],[112.7708,-7.2894],[112.772,-7.2893],[112.7723,-7.2905]]]]}},{"type":"Feature","properties":{"level":"district","regency":"Sidoarjo","district":"Tulangan"},"geometry":{"type":"MultiPolygon","coordinates":[[[[112.6469,-7.4924],[112.6481,-7.4922],[112.6507,-7.4922],[112.6483,-7.4919],[112.6469,-7.4924]]],[[[112.6328,-7.4472],[112.6321,-7.4491],[112.6325,-7.4481],[112.6335,-7.4478],[112.6347,-7.4482],[112.6356,-7.4488],[112.6367,-7.4493],[112.6378,-7.4492],[112.6391,-7.449],[112.6404,-7.4488],[112.6417,-7.4494],[112.6433,-7.45],[112.6449,-7.4504],[112.6461,-7.4507],[112.6471,-7.451],[112.6452,-7.4526],[112.6439,-7.453],[112.6428,-7.4527],[112.6416,-7.4522],[112.6406,-7.4526],[112.6395,-7.4531],[112.6383,-7.4532],[112.6373,-7.4541],[112.6367,-7.4552],[112.6361,-7.4561],[112.6359,-7.4572],[112.6357,-7.4586],[112.6353,-7.4608],[112.635,-7.4622],[112.6339,-7.4617],[112.6329,-7.4618],[112.6321,-7.4612],[112.6332,-7.4618],[112.633,-7.4629],[112.6321,-7.4647],[112.6314,-7.4662],[112.6309,-7.4672],[112.629,-7.4666],[112.627,-7.4656],[112.625,-7.4644],[112.624,-7.4643],[112.6234,-7.4655],[112.6223,-7.4661],[112.6213,-7.4658],[112.6204,-7.4651],[112.621,-7.4635],[112.6208,-7.4622],[112.6189,-7.4612],[112.6179,-7.4606],[112.6167,-7.4601],[112.616,-7.4592],[112.614,-7.4584],[112.614,-7.4572],[112.6133,-7.4561],[112.6133,-7.4551],[112.6145,-7.455],[112.6155,-7.4547],[112.6163,-7.4539],[112.6174,-7.4538],[112.6184,-7.4542],[112.6193,-7.4547],[112.6201,-7.4554],[112.6211,-7.4552],[112.622,-7.4545],[112.6229,-7.4551],[112.624,-7.4552],[112.625,-7.4555],[112.6258,-7.4565],[112.6254,-7.4575],[112.6255,-7.4587],[112.626,-7.4598],[112.6272,-7.4601],[112.6279,-7.4605],[112.629,-7.461],[112.6279,-7.4606],[112.6286,-7.4597],[112.6293,-7.4584],[112.6297,-7.4574],[112.6301,-7.4555],[112.6305,-7.4542],[112.6313,-7.4531],[112.6306,-7.4538],[112.6303,-7.4548],[112.6299,-7.4566],[112.6295,-7.4581],[112.629,-7.459],[112.6279,-7.4604],[112.6268,-7.46],[112.6257,-7.4596],[112.6255,-7.4583],[112.6257,-7.4569],[112.6254,-7.4559],[112.6245,-7.4553],[112.6234,-7.4553],[112.6225,-7.4548],[112.6214,-7.4548],[112.6206,-7.4554],[112.6196,-7.455],[112.6186,-7.4543],[112.6175,-7.4538],[112.6164,-7.4538],[112.6153,-7.4535],[112.6145,-7.4528],[112.6138,-7.4517],[112.6136,-7.4507],[112.6123,-7.4506],[112.6114,-7.4499],[112.6122,-7.4489],[112.6135,-7.4486],[112.6147,-7.4487],[112.6157,-7.4488],[112.6166,-7.4481],[112.6176,-7.4473],[112.6185,-7.4466],[112.6195,-7.4459],[112.6206,-7.4456],[112.6217,-7.445],[112.6227,-7.4456],[112.6237,-7.4458],[112.6244,-7.4466],[112.6253,-7.4459],[112.6262,-7.4452],[112.6272,-7.445],[112.6282,-7.4448],[112.6286,-7.4439],[112.6293,-7.4429],[112.6301,-7.4423],[112.6313,-7.4429],[112.6324,-7.4438],[112.6327,-7.4449],[112.6327,-7.446],[112.6328,-7.4471],[112.6328,-7.4472]]],[[[112.6469,-7.4813],[112.6474,-7.4804],[112.6485,-7.4809],[112.6495,-7.4819],[112.6488,-7.4811],[112.6478,-7.4806],[112.6465,-7.4797],[112.645,-7.4789],[112.6456,-7.478],[112.6446,-7.4786],[112.6457,-7.4793],[112.6472,-7.4803],[112.6469,-7.4813]]],[[[112.6405,-7.4764],[112.6415,-7.477],[112.6425,-7.4775],[112.6437,-7.478],[112.6426,-7.4775],[112.6416,-7.4771],[112.6405,-7.4764]]]]}},{"type":"Feature","properties":{"level":"district","regency":"Surabaya","district":"Jambangan"},"geometry":{"type":"MultiPolygon","coordinates":[[[[112.7173,-7.3225],[112.7182,-7.3231],[112.7197,-7.3231],[112.7209,-7.3237],[112.7209,-7.325],[112.7201,-7.3259],[112.7192,-7.327],[112.7182,-7.3283],[112.7196,-7.3288],[112.7195,-7.3303],[112.7181,-7.331],[112.7195,-7.3311],[112.7192,-7.3333],[112.7188,-7.3357],[112.7174,-7.3354],[112.7166,-7.3363],[112.7165,-7.3375],[112.717,-7.3384],[112.7177,-7.3392],[112.7175,-7.3403],[112.7163,-7.34],[112.7151,-7.3396],[112.7139,-7.3393],[112.7129,-7.339],[112.7116,-7.3386],[112.7105,-7.3383],[112.7095,-7.338],[112.7085,-7.3377],[112.7075,-7.3373],[112.7063,-7.337],[112.7051,-7.3364],[112.7053,-7.3354],[112.7059,-7.3346],[112.7064,-7.3337],[112.707,-7.3328],[112.7075,-7.3319],[112.7083,-7.3312],[112.7091,-7.3305],[112.7103,-7.3307],[112.7093,-7.3302],[112.71,-7.3295],[112.7105,-7.3286],[112.7104,-7.3275],[112.7103,-7.3262],[112.7102,-7.3251],[112.7101,-7.3239],[112.7112,-7.3238],[112.7122,-7.324],[112.7133,-7.3243],[112.7145,-7.3248],[112.7155,-7.3246],[112.7165,-7.3239],[112.7167,-7.3225],[112.7173,-7.3225]]]]}},{"type":"Feature","properties":{"level":"district","regency":"Surabaya","district":"Rungkut"},"geometry":{"type":"MultiPolygon","coordinates":[[[[112.7835,-7.3264],[112.7846,-7.3263],[112.7863,-7.3261],[112.7851,-7.3262],[112.7835,-7.3264]]],[[[112.7813,-7.329],[112.7815,-7.3273],[112.7792,-7.3271],[112.7773,-7.327],[112.7756,-7.327],[112.774,-7.327],[112.7755,-7.327],[112.7766,-7.327],[112.7791,-7.3271],[112.7807,-7.3271],[112.7813,-7.329]]],[[[112.7653,-7.328],[112.7643,-7.3277],[112.7633,-7.3275],[112.7623,-7.3274],[112.7634,-7.3275],[112.7644,-7.3277],[112.7653,-7.328]]],[[[112.7832,-7.3133],[112.7832,-7.3145],[112.7826,-7.3153],[112.7832,-7.3143],[112.7832,-7.3133]]],[[[112.8048,-7.3174],[112.8058,-7.3171],[112.808,-7.3167],[112.8062,-7.317],[112.8048,-7.3174]]]]}},{"type":"Feature","properties":{"level":"district","regency":"Surabaya","district":"Benowo"},"geometry":{"type":"MultiPolygon","coordinates":[[[[112.6569,-7.1995],[112.6558,-7.1997],[112.6546,-7.2],[112.6556,-7.1998],[112.6569,-7.1995]]],[[[112.6525,-7.201],[112.6515,-7.2019],[112.6506,-7.2026],[112.6499,-7.2034],[112.6489,-7.2036],[112.6478,-7.2042],[112.6487,-7.2038],[112.6496,-7.2033],[112.6504,-7.2027],[112.6513,-7.202],[112.6525,-7.201]]],[[[112.6643,-7.1937],[112.664,-7.1927],[112.665,-7.1921],[112.6657,-7.1933],[112.666,-7.1945],[112.6662,-7.1956],[112.6659,-7.1973],[112.6646,-7.1971],[112.6644,-7.1956],[112.6644,-7.1941],[112.6643,-7.1937]]]]}},{"type":"Feature","properties":{"level":"district","regency":"Surabaya","district":"Simokerto"},"geometry":{"type":"MultiPolygon","coordinates":[[[[112.7501,-7.24],[112.7516,-7.2404],[112.7527,-7.2407],[112.7541,-7.241],[112.7552,-7.2414],[112.7567,-7.2418],[112.7566,-7.2429],[112.7561,-7.2439],[112.7553,-7.2446],[112.754,-7.2451],[112.753,-7.2452],[112.7519,-7.2448],[112.7506,-7.244],[112.7494,-7.2437],[112.7483,-7.2436],[112.7473,-7.2433],[112.7464,-7.2422],[112.7456,-7.241],[112.7452,-7.2399],[112.745,-7.2389],[112.7461,-7.2388],[112.7472,-7.2391],[112.7484,-7.2395],[112.7495,-7.2398],[112.7501,-7.24]]],[[[112.7516,-7.2364],[112.7505,-7.236],[112.7495,-7.2356],[112.7484,-7.2352],[112.7472,-7.235],[112.7462,-7.2349],[112.7451,-7.2347],[112.7438,-7.2344],[112.7429,-7.234],[112.7434,-7.2328],[112.7442,-7.2318],[112.7449,-7.2309],[112.7457,-7.2301],[112.7466,-7.2309],[112.7468,-7.2321],[112.748,-7.2323],[112.749,-7.2324],[112.75,-7.2325],[112.751,-7.2328],[112.752,-7.2331],[112.7532,-7.2337],[112.7541,-7.2341],[112.7552,-7.2344],[112.7567,-7.2347],[112.7577,-7.2353],[112.7588,-7.2352],[112.76,-7.2351],[112.7611,-7.2349],[112.7622,-7.2347],[112.7632,-7.235],[112.7641,-7.2355],[112.7636,-7.2366],[112.7629,-7.2377],[112.7624,-7.2386],[112.7619,-7.2396],[112.7615,-7.2408],[112.7603,-7.2409],[112.759,-7.2407],[112.7578,-7.2404],[112.7575,-7.242],[112.7561,-7.2416],[112.755,-7.2413],[112.7533,-7.2409],[112.7519,-7.2405],[112.7507,-7.2402],[112.7504,-7.2392],[112.7509,-7.2383],[112.7516,-7.2367],[112.752,-7.2355],[112.7527,-7.2346],[112.7521,-7.2354],[112.7516,-7.2364]]],[[[112.7614,-7.2411],[112.7609,-7.2425],[112.7606,-7.2436],[112.7602,-7.245],[112.76,-7.246],[112.7597,-7.247],[112.7595,-7.248],[112.7589,-7.2489],[112.7578,-7.2487],[112.7564,-7.249],[112.7554,-7.2492],[112.7541,-7.2492],[112.7533,-7.2482],[112.7531,-7.2469],[112.7527,-7.2459],[112.7522,-7.245],[112.7533,-7.2452],[112.7545,-7.245],[112.7557,-7.2443],[112.7564,-7.2434],[112.7569,-7.2421],[112.7577,-7.241],[112.7586,-7.2406],[112.7596,-7.2408],[112.7606,-7.241],[112.7614,-7.2411]]]]}},{"type":"Feature","properties":{"level":"district","regency":"Surabaya","district":"Tenggilis Mejoyo"},"geometry":{"type":"MultiPolygon","coordinates":[[[[112.7484,-7.3174],[112.7496,-7.3177],[112.7507,-7.3179],[112.7524,-7.3185],[112.7539,-7.3184],[112.7538,-7.3194],[112.7535,-7.3204],[112.7531,-7.3213],[112.7535,-7.3223],[112.754,-7.3232],[112.7534,-7.3246],[112.7541,-7.3238],[112.7541,-7.3228],[112.7536,-7.3219],[112.7526,-7.3216],[112.7535,-7.3211],[112.7538,-7.3198],[112.7538,-7.3187],[112.7528,-7.3185],[112.7514,-7.3185],[112.7517,-7.3175],[112.7526,-7.3167],[112.7535,-7.3159],[112.7545,-7.3156],[112.7556,-7.3152],[112.7567,-7.3158],[112.7576,-7.3163],[112.7589,-7.3166],[112.7599,-7.3163],[112.7601,-7.3153],[112.7611,-7.3151],[112.7623,-7.3154],[112.7634,-7.3159],[112.7648,-7.3158],[112.7641,-7.3172],[112.7637,-7.3181],[112.763,-7.3195],[112.7625,-7.3205],[112.7618,-7.3219],[112.7611,-7.3234],[112.7605,-7.3244],[112.7599,-7.3256],[112.7597,-7.326],[112.7574,-7.3259],[112.7589,-7.326],[112.7592,-7.3271],[112.7587,-7.328],[112.7579,-7.3295],[112.757,-7.3303],[112.7559,-7.3302],[112.7542,-7.3301],[112.7529,-7.3298],[112.7517,-7.3297],[112.7503,-7.3295],[112.7493,-7.3294],[112.7482,-7.3294],[112.7472,-7.3295],[112.746,-7.3295],[112.7446,-7.3294],[112.7437,-7.3288],[112.7436,-7.3273],[112.7437,-7.3263],[112.7438,-7.3248],[112.7437,-7.3236],[112.744,-7.3226],[112.7451,-7.3228],[112.7466,-7.323],[112.7469,-7.3219],[112.7463,-7.3209],[112.7472,-7.3204],[112.7481,-7.3198],[112.7475,-7.319],[112.7479,-7.3177],[112.7484,-7.3174]]],[[[112.7575,-7.3303],[112.7567,-7.3319],[112.7561,-7.3332],[112.7555,-7.3345],[112.7551,-7.3355],[112.7548,-7.3365],[112.7546,-7.3375],[112.7542,-7.3385],[112.7541,-7.3401],[112.7537,-7.3412],[112.7535,-7.3422],[112.7525,-7.3424],[112.7513,-7.3423],[112.7501,-7.3423],[112.7491,-7.3422],[112.7481,-7.3424],[112.747,-7.3421],[112.7457,-7.3417],[112.7447,-7.3414],[112.7434,-7.3411],[112.7422,-7.3407],[112.742,-7.3396],[112.7423,-7.3387],[112.7423,-7.3375],[112.7424,-7.3363],[112.7424,-7.3352],[112.7425,-7.3342],[112.7429,-7.333],[112.7432,-7.3319],[112.7434,-7.3303],[112.7437,-7.3293],[112.7453,-7.3294],[112.7464,-7.3295],[112.7474,-7.3295],[112.7485,-7.3293],[112.7496,-7.3295],[112.7509,-7.3295],[112.7524,-7.3298],[112.7535,-7.33],[112.7556,-7.3302],[112.7568,-7.3303],[112.7575,-7.3303]]]]}},{"type":"Feature","properties":{"level":"district","regency":"Surabaya","district":"Suko Manunggal"},"geometry":{"type":"MultiPolygon","coordinates":[[[[112.7037,-7.2749],[112.7027,-7.2749],[112.7012,-7.2748],[112.7025,-7.2748],[112.7037,-7.2749]]],[[[112.7003,-7.27],[112.7004,-7.2689],[112.7008,-7.2674],[112.7005,-7.2687],[112.7003,-7.27]]],[[[112.701,-7.2664],[112.7012,-7.2652],[112.7014,-7.2636],[112.7016,-7.2616],[112.7014,-7.2628],[112.7012,-7.2649],[112.701,-7.2664]]]]}},{"type":"Feature","properties":{"level":"regency","regency":"Surabaya"},"geometry":{"type":"MultiPolygon","coordinates":[[[[112.6968,-7.241],[112.6969,-7.2399],[112.6959,-7.2398],[112.6943,-7.2397],[112.6953,-7.2398],[112.6964,-7.2398],[112.6968,-7.241]]],[[[112.6374,-7.2219],[112.6369,-7.2228],[112.6361,-7.2234],[112.6371,-7.2226],[112.6381,-7.2227],[112.6386,-7.2238],[112.6395,-7.2251],[112.6391,-7.226],[112.64,-7.2264],[112.639,-7.2259],[112.6393,-7.2245],[112.6383,-7.2237],[112.6378,-7.2226],[112.6374,-7.2216],[112.6383,-7.2207],[112.6389,-7.2197],[112.6399,-7.219],[112.641,-7.218],[112.6424,-7.2169],[112.6426,-7.2158],[112.6425,-7.2147],[112.6432,-7.2137],[112.6443,-7.2127],[112.6449,-7.2117],[112.6454,-7.2107],[112.6459,-7.2089],[112.6455,-7.2106],[112.645,-7.2116],[112.6445,-7.2125],[112.6436,-7.2133],[112.6426,-7.2143],[112.6426,-7.2153],[112.6425,-7.2165],[112.6417,-7.2175],[112.6402,-7.2187],[112.6393,-7.2193],[112.6385,-7.2201],[112.6378,-7.2212],[112.6368,-7.2218],[112.6374,-7.2219]]],[[[112.6351,-7.2253],[112.6348,-7.2263],[112.6344,-7.2275],[112.6349,-7.2286],[112.6344,-7.2277],[112.6347,-7.2265],[112.6351,-7.2253]]],[[[112.6346,-7.2298],[112.6346,-7.2308],[112.6345,-7.2321],[112.6343,-7.2334],[112.6343,-7.2349],[112.6356,-7.2351],[112.6354,-7.2361],[112.6351,-7.2372],[112.6349,-7.2383],[112.6346,-7.2394],[112.6336,-7.2395],[112.6318,-7.2432],[112.633,-7.2438],[112.6342,-7.2445],[112.6337,-7.2458],[112.6333,-7.247],[112.633,-7.248],[112.6328,-7.249],[112.6321,-7.2499],[112.6317,-7.2508],[112.6311,-7.2524],[112.6305,-7.2537],[112.6309,-7.2549],[112.6313,-7.256],[112.6317,-7.2573],[112.6314,-7.2563],[112.631,-7.2553],[112.6306,-7.2541],[112.6309,-7.2529],[112.6314,-7.2517],[112.6317,-7.2507],[112.6323,-7.2497],[112.6328,-7.2488],[112.6331,-7.2478],[112.6335,-7.2464],[112.634,-7.2451],[112.6331,-7.2439],[112.632,-7.2433],[112.6335,-7.2394],[112.6343,-7.2401],[112.6347,-7.2389],[112.635,-7.2378],[112.6352,-7.2367],[112.6355,-7.2357],[112.6347,-7.235],[112.6343,-7.2338],[112.6345,-7.2324],[112.6345,-7.2313],[112.6346,-7.2298]]],[[[112.6238,-7.2524],[112.6249,-7.2527],[112.6255,-7.2517],[112.626,-7.2507],[112.6267,-7.2499],[112.6276,-7.2483],[112.6273,-7.2493],[112.6264,-7.2502],[112.6258,-7.2512],[112.6252,-7.2523],[112.6238,-7.2524]]],[[[112.6903,-7.3045],[112.69,-7.3058],[112.6897,-7.307],[112.689,-7.3089],[112.6895,-7.3075],[112.6899,-7.306],[112.6903,-7.3045]]],[[[112.6879,-7.3123],[112.6875,-7.314],[112.6873,-7.3154],[112.687,-7.317],[112.6867,-7.3181],[112.6865,-7.3192],[112.6861,-7.3203],[112.6859,-7.3216],[112.6871,-7.3218],[112.6882,-7.322],[112.69,-7.3223],[112.6903,-7.3243],[112.6906,-7.3231],[112.6915,-7.3225],[112.6905,-7.3223],[112.6885,-7.322],[112.6874,-7.3218],[112.6861,-7.3216],[112.6862,-7.3204],[112.6865,-7.3194],[112.6868,-7.3184],[112.6869,-7.3174],[112.6872,-7.3159],[112.6874,-7.3147],[112.6879,-7.3123]]],[[[112.6773,-7.3188],[112.6758,-7.3184],[112.6744,-7.318],[112.6755,-7.3183],[112.6773,-7.3188]]],[[[112.6732,-7.3178],[112.6716,-7.3176],[112.6724,-7.3157],[112.6718,-7.3168],[112.6709,-7.3174],[112.6698,-7.3172],[112.668,-7.3169],[112.6666,-7.3168],[112.6648,-7.3166],[112.6625,-7.3164],[112.6615,-7.3161],[112.6599,-7.3161],[112.6581,-7.3159],[112.6566,-7.3157],[112.6543,-7.3154],[112.6528,-7.3151],[112.6542,-7.3154],[112.656,-7.3156],[112.6576,-7.3158],[112.6594,-7.316],[112.6617,-7.3163],[112.6639,-7.3166],[112.6665,-7.3168],[112.6671,-7.3179],[112.6673,-7.3169],[112.669,-7.3171],[112.6701,-7.3173],[112.6713,-7.3175],[112.6716,-7.3175],[112.6732,-7.3178]]],[[[112.6731,-7.3134],[112.6734,-7.3124],[112.6736,-7.3112],[112.6734,-7.3123],[112.6731,-7.3134]]],[[[112.6809,-7.3334],[112.6798,-7.3338],[112.6784,-7.3337],[112.6795,-7.3339],[112.6809,-7.3334]]],[[[112.6759,-7.3334],[112.6754,-7.332],[112.6763,-7.3303],[112.6776,-7.3302],[112.6764,-7.3303],[112.6759,-7.3312],[112.6751,-7.3329],[112.6746,-7.3342],[112.6735,-7.3341],[112.6746,-7.3347],[112.6747,-7.3335],[112.6759,-7.3334]]],[[[112.6813,-7.2557],[112.6816,-7.2546],[112.682,-7.2532],[112.6822,-7.2517],[112.6822,-7.25],[112.6804,-7.2497],[112.679,-7.2496],[112.6776,-7.2493],[112.6774,-7.2475],[112.6778,-7.2464],[112.6767,-7.2457],[112.6778,-7.2462],[112.6775,-7.2473],[112.677,-7.2487],[112.678,-7.2494],[112.6796,-7.2496],[112.6815,-7.2498],[112.6822,-7.251],[112.6821,-7.2524],[112.6818,-7.254],[112.6813,-7.2555],[112.6813,-7.2557]]],[[[112.6772,-7.2525],[112.6773,-7.2515],[112.6763,-7.2514],[112.6754,-7.2507],[112.675,-7.2496],[112.6745,-7.2482],[112.6744,-7.2472],[112.6743,-7.246],[112.6739,-7.245],[112.6755,-7.2454],[112.6741,-7.245],[112.6743,-7.2435],[112.674,-7.2446],[112.6741,-7.2457],[112.6743,-7.2467],[112.6746,-7.2478],[112.6745,-7.2488],[112.6754,-7.2498],[112.6757,-7.2509],[112.6767,-7.2515],[112.6772,-7.2525]]],[[[112.6646,-7.3311],[112.664,-7.3321],[112.665,-7.3326],[112.6656,-7.3317],[112.6666,-7.3323],[112.6666,-7.3333],[112.6669,-7.3343],[112.6661,-7.3351],[112.6652,-7.3359],[112.6641,-7.3354],[112.6651,-7.336],[112.6658,-7.3351],[112.6672,-7.335],[112.6685,-7.3352],[112.6673,-7.335],[112.6669,-7.3341],[112.6665,-7.3331],[112.6662,-7.332],[112.6651,-7.3321],[112.6641,-7.3327],[112.6646,-7.3311]]],[[[112.6632,-7.3349],[112.6622,-7.3346],[112.6611,-7.3355],[112.6612,-7.3366],[112.6622,-7.3378],[112.6631,-7.3391],[112.6639,-7.3399],[112.665,-7.3403],[112.6651,-7.3415],[112.6653,-7.3404],[112.6644,-7.34],[112.6634,-7.3397],[112.6627,-7.3385],[112.6617,-7.3374],[112.6612,-7.3364],[112.6617,-7.3348],[112.6632,-7.3349]]],[[[112.6644,-7.2493],[112.6656,-7.2495],[112.6669,-7.2499],[112.6675,-7.251],[112.6687,-7.2509],[112.6699,-7.2509],[112.6699,-7.2521],[112.671,-7.2529],[112.6697,-7.2526],[112.67,-7.2516],[112.669,-7.251],[112.668,-7.2511],[112.6672,-7.2503],[112.6662,-7.2497],[112.6648,-7.2493],[112.6635,-7.2492],[112.6632,-7.248],[112.6608,-7.2475],[112.6623,-7.2476],[112.663,-7.2489],[112.6642,-7.2493],[112.6644,-7.2493]]],[[[112.7275,-7.2778],[112.726,-7.2789],[112.7248,-7.2792],[112.7242,-7.2783],[112.7232,-7.2779],[112.7222,-7.2774],[112.7207,-7.2762],[112.7202,-7.2751],[112.7194,-7.2744],[112.7183,-7.2737],[112.7174,-7.2728],[112.7182,-7.2735],[112.719,-7.2742],[112.72,-7.2744],[112.7201,-7.2755],[112.7218,-7.2765],[112.7226,-7.2775],[112.7242,-7.2781],[112.7241,-7.2794],[112.7254,-7.279],[112.7274,-7.2784],[112.7277,-7.2784],[112.7276,-7.2794],[112.7286,-7.2801],[112.729,-7.2813],[112.7294,-7.2823],[112.7301,-7.2834],[112.7302,-7.2844],[112.7301,-7.2854],[112.7297,-7.2867],[112.7297,-7.2877],[112.7297,-7.2861],[112.7301,-7.2852],[112.7302,-7.2841],[112.7298,-7.2831],[112.7293,-7.2821],[112.7291,-7.2809],[112.7281,-7.2798],[112.7277,-7.2788],[112.7275,-7.2778]]],[[[112.715,-7.2715],[112.7149,-7.2727],[112.7136,-7.2723],[112.7149,-7.2726],[112.715,-7.2715]]],[[[112.7555,-7.2997],[112.7558,-7.2987],[112.7562,-7.2973],[112.7565,-7.2961],[112.7569,-7.2947],[112.7566,-7.2958],[112.7562,-7.2972],[112.7558,-7.2985],[112.7555,-7.2997]]],[[[112.7571,-7.2936],[112.7575,-7.2921],[112.7577,-7.2908],[112.7577,-7.2894],[112.7577,-7.2883],[112.7577,-7.2893],[112.7577,-7.2904],[112.7576,-7.2914],[112.7573,-7.2928],[112.7565,-7.2936],[112.7551,-7.2936],[112.7539,-7.2935],[112.7526,-7.2932],[112.7511,-7.2927],[112.7495,-7.2921],[112.7482,-7.2917],[112.7492,-7.292],[112.7505,-7.2925],[112.7517,-7.2929],[112.7537,-7.2934],[112.7547,-7.2936],[112.7557,-7.2936],[112.7571,-7.2936]]],[[[112.747,-7.3059],[112.7481,-7.3066],[112.7469,-7.3065],[112.7479,-7.3059],[112.7467,-7.3059],[112.747,-7.3059]]],[[[112.7487,-7.3125],[112.7484,-7.3135],[112.7474,-7.3136],[112.7457,-7.3133],[112.7439,-7.313],[112.743,-7.3126],[112.7449,-7.3132],[112.7465,-7.3135],[112.7483,-7.3138],[112.7487,-7.3125]]],[[[112.7409,-7.3133],[112.74,-7.3129],[112.7391,-7.3123],[112.7392,-7.3109],[112.739,-7.312],[112.7396,-7.3129],[112.7409,-7.3133]]],[[[112.7164,-7.2822],[112.716,-7.2836],[112.7163,-7.2825],[112.7173,-7.282],[112.7183,-7.282],[112.72,-7.2819],[112.7189,-7.2819],[112.7178,-7.282],[112.7169,-7.2824],[112.7167,-7.2812],[112.7164,-7.2822]]],[[[112.7078,-7.2853],[112.7081,-7.2841],[112.7071,-7.2836],[112.705,-7.2831],[112.7032,-7.2838],[112.7043,-7.2828],[112.7069,-7.2835],[112.7081,-7.2838],[112.7078,-7.2853]]],[[[112.7215,-7.3416],[112.7227,-7.3419],[112.7238,-7.3422],[112.7252,-7.3427],[112.7264,-7.3431],[112.7287,-7.3438],[112.7293,-7.3429],[112.7293,-7.3441],[112.727,-7.3433],[112.7254,-7.3428],[112.724,-7.3423],[112.7229,-7.342],[112.7215,-7.3416]]],[[[112.7328,-7.3397],[112.7342,-7.34],[112.7352,-7.3402],[112.7363,-7.3405],[112.7375,-7.3405],[112.7377,-7.3415],[112.7372,-7.3405],[112.736,-7.3405],[112.735,-7.3402],[112.7338,-7.3399],[112.7328,-7.3397]]],[[[112.7836,-7.2413],[112.7836,-7.2424],[112.7832,-7.2442],[112.7835,-7.2428],[112.7836,-7.2413]]],[[[112.7934,-7.2523],[112.7945,-7.2527],[112.7956,-7.2528],[112.797,-7.2533],[112.7986,-7.2538],[112.7976,-7.2535],[112.7959,-7.2529],[112.7946,-7.2527],[112.7934,-7.2523]]],[[[112.7951,-7.2632],[112.7953,-7.265],[112.7955,-7.2662],[112.796,-7.2688],[112.7968,-7.2705],[112.7971,-7.2716],[112.7959,-7.2712],[112.7943,-7.2707],[112.7929,-7.2703],[112.7917,-7.2699],[112.7928,-7.2703],[112.7938,-7.2705],[112.795,-7.2709],[112.7962,-7.2713],[112.7971,-7.2718],[112.7968,-7.2707],[112.7966,-7.2695],[112.7955,-7.2664],[112.7953,-7.2652],[112.7952,-7.2642],[112.7951,-7.2632]]],[[[112.7861,-7.2615],[112.7869,-7.2608],[112.787,-7.2593],[112.7869,-7.2607],[112.7861,-7.2615]]],[[[112.7871,-7.2573],[112.7872,-7.2561],[112.7878,-7.2548],[112.7876,-7.256],[112.7871,-7.2573]]],[[[112.7297,-7.3362],[112.7294,-7.3373],[112.7284,-7.338],[112.7283,-7.3393],[112.7283,-7.338],[112.7293,-7.3382],[112.7297,-7.3362]]],[[[112.6905,-7.2335],[112.6896,-7.2329],[112.6893,-7.2319],[112.6889,-7.231],[112.6893,-7.232],[112.6897,-7.2329],[112.6905,-7.2335]]],[[[112.751,-7.268],[112.7522,-7.2677],[112.7531,-7.2686],[112.754,-7.269],[112.7543,-7.2701],[112.7546,-7.2711],[112.7543,-7.2726],[112.7537,-7.2738],[112.7528,-7.2742],[112.7525,-7.2758],[112.7523,-7.2771],[112.7508,-7.2774],[112.7497,-7.2772],[112.7485,-7.2769],[112.7471,-7.2766],[112.7461,-7.2764],[112.7452,-7.2768],[112.7441,-7.2772],[112.7438,-7.2762],[112.7437,-7.2752],[112.744,-7.274],[112.7445,-7.273],[112.7451,-7.2721],[112.7459,-7.2714],[112.7467,-7.2707],[112.7475,-7.27],[112.7484,-7.2691],[112.7492,-7.2684],[112.75,-7.2676],[112.751,-7.268]]],[[[112.7984,-7.3329],[112.7994,-7.3328],[112.7998,-7.3338],[112.7998,-7.3351],[112.7989,-7.3362],[112.7999,-7.3367],[112.8001,-7.338],[112.8004,-7.3393],[112.8011,-7.3408],[112.8011,-7.3398],[112.8002,-7.3386],[112.8001,-7.3375],[112.7994,-7.3366],[112.7989,-7.3356],[112.7998,-7.3352],[112.7998,-7.3339],[112.7996,-7.3328],[112.8012,-7.3325],[112.8034,-7.3322],[112.8045,-7.332],[112.8035,-7.3322],[112.8016,-7.3325],[112.8003,-7.3327],[112.7984,-7.3329]]],[[[112.8089,-7.3311],[112.8099,-7.331],[112.8115,-7.3309],[112.8134,-7.3307],[112.8147,-7.3305],[112.8163,-7.3306],[112.8153,-7.3306],[112.814,-7.3307],[112.8124,-7.3309],[112.8101,-7.331],[112.8089,-7.3311]]],[[[112.8249,-7.3308],[112.8259,-7.331],[112.8264,-7.3319],[112.827,-7.3329],[112.8264,-7.3321],[112.826,-7.3311],[112.8249,-7.3308]]],[[[112.7522,-7.3058],[112.7511,-7.3059],[112.75,-7.3058],[112.751,-7.3059],[112.7522,-7.3058]]],[[[112.7023,-7.3153],[112.7014,-7.3158],[112.7008,-7.3167],[112.7003,-7.3176],[112.6997,-7.3185],[112.6991,-7.3176],[112.6992,-7.3158],[112.6991,-7.314],[112.699,-7.3129],[112.6991,-7.3139],[112.6991,-7.3158],[112.6991,-7.3175],[112.6991,-7.3185],[112.6989,-7.3195],[112.6988,-7.3206],[112.6987,-7.322],[112.6978,-7.3232],[112.6969,-7.3236],[112.6979,-7.3225],[112.6986,-7.3221],[112.6998,-7.3224],[112.7008,-7.323],[112.7,-7.3224],[112.6989,-7.3222],[112.6988,-7.321],[112.699,-7.3197],[112.6995,-7.3188],[112.7001,-7.3179],[112.7007,-7.317],[112.7012,-7.3161],[112.7023,-7.3153]]],[[[112.7463,-7.3209],[112.7469,-7.3218],[112.7468,-7.323],[112.7454,-7.3228],[112.7443,-7.3226],[112.7437,-7.3236],[112.744,-7.3226],[112.7451,-7.3228],[112.7466,-7.323],[112.7469,-7.3219],[112.7463,-7.3209]]],[[[112.7406,-7.3287],[112.7395,-7.3285],[112.7383,-7.3283],[112.7368,-7.328],[112.7361,-7.3291],[112.7367,-7.328],[112.7378,-7.3282],[112.7393,-7.3285],[112.7406,-7.3287]]],[[[112.7362,-7.3167],[112.7372,-7.3173],[112.7384,-7.3171],[112.7397,-7.3179],[112.7417,-7.3185],[112.7404,-7.3183],[112.739,-7.3178],[112.7381,-7.317],[112.7372,-7.3174],[112.7362,-7.3167]]],[[[112.7254,-7.2375],[112.7244,-7.2372],[112.7231,-7.2368],[112.7241,-7.2371],[112.7251,-7.2374],[112.7254,-7.2375]]],[[[112.65,-7.2993],[112.6502,-7.3004],[112.6487,-7.3008],[112.6501,-7.3005],[112.65,-7.2993]]],[[[112.6487,-7.3038],[112.6487,-7.305],[112.6486,-7.3066],[112.6483,-7.3082],[112.6485,-7.3072],[112.6486,-7.3059],[112.6488,-7.3048],[112.6487,-7.3038]]],[[[112.6368,-7.3073],[112.6364,-7.3063],[112.6367,-7.3053],[112.6371,-7.3043],[112.6378,-7.3036],[112.6387,-7.303],[112.6394,-7.3022],[112.6393,-7.3011],[112.6392,-7.3],[112.6392,-7.2989],[112.6394,-7.2976],[112.6393,-7.2986],[112.6391,-7.2997],[112.6395,-7.3006],[112.6394,-7.3016],[112.6388,-7.3028],[112.638,-7.3035],[112.6372,-7.3041],[112.6367,-7.305],[112.6365,-7.3061],[112.6368,-7.3073]]],[[[112.7813,-7.329],[112.7815,-7.3273],[112.7792,-7.3271],[112.7773,-7.327],[112.7756,-7.327],[112.774,-7.327],[112.7755,-7.327],[112.7766,-7.327],[112.7791,-7.3271],[112.7807,-7.3271],[112.7813,-7.329]]],[[[112.7653,-7.328],[112.7643,-7.3277],[112.7633,-7.3275],[112.7623,-7.3274],[112.7634,-7.3275],[112.7644,-7.3277],[112.7653,-7.328]]],[[[112.8207,-7.2672],[112.8155,-7.2699],[112.8145,-7.2702],[112.8154,-7.2697],[112.8207,-7.2672]]],[[[112.8128,-7.2711],[112.8119,-7.2717],[112.8112,-7.2728],[112.8099,-7.2734],[112.8109,-7.2729],[112.8118,-7.2719],[112.8128,-7.2711]]],[[[112.8088,-7.2736],[112.8075,-7.2736],[112.8063,-7.2739],[112.8046,-7.2741],[112.8036,-7.2742],[112.8054,-7.274],[112.8066,-7.2739],[112.8088,-7.2736]]],[[[112.7501,-7.24],[112.7516,-7.2404],[112.7527,-7.2407],[112.7541,-7.241],[112.7552,-7.2414],[112.7567,-7.2418],[112.7566,-7.2429],[112.7561,-7.2439],[112.7553,-7.2446],[112.754,-7.2451],[112.753,-7.2452],[112.7519,-7.2448],[112.7506,-7.244],[112.7494,-7.2437],[112.7483,-7.2436],[112.7473,-7.2433],[112.7464,-7.2422],[112.7456,-7.241],[112.7452,-7.2399],[112.745,-7.2389],[112.7461,-7.2388],[112.7472,-7.2391],[112.7484,-7.2395],[112.7495,-7.2398],[112.7501,-7.24]]],[[[112.7224,-7.3151],[112.7222,-7.3163],[112.724,-7.317],[112.7253,-7.3175],[112.7263,-7.3178],[112.7254,-7.3193],[112.726,-7.3185],[112.7256,-7.3176],[112.7243,-7.3171],[112.7226,-7.3164],[112.7224,-7.3151]]],[[[112.7808,-7.3107],[112.7819,-7.3104],[112.7829,-7.3101],[112.7836,-7.3112],[112.7838,-7.3097],[112.7827,-7.3101],[112.7818,-7.3104],[112.7808,-7.3107]]],[[[112.7832,-7.3133],[112.7832,-7.3145],[112.7826,-7.3153],[112.7832,-7.3143],[112.7832,-7.3133]]],[[[112.8279,-7.2695],[112.826,-7.2699],[112.8226,-7.2712],[112.8254,-7.27],[112.8279,-7.2695]]],[[[112.8131,-7.2784],[112.8126,-7.2793],[112.8122,-7.2803],[112.8115,-7.2811],[112.8106,-7.2816],[112.8097,-7.282],[112.8086,-7.2825],[112.8078,-7.2831],[112.8069,-7.2838],[112.8057,-7.2845],[112.8067,-7.284],[112.8075,-7.2833],[112.8084,-7.2827],[112.8094,-7.2822],[112.8104,-7.2817],[112.8114,-7.2812],[112.8121,-7.2804],[112.8125,-7.2794],[112.8131,-7.2784]]],[[[112.8356,-7.3093],[112.8344,-7.309],[112.8334,-7.3088],[112.8324,-7.3086],[112.8313,-7.3084],[112.8303,-7.3082],[112.8293,-7.3079],[112.8282,-7.3077],[112.8272,-7.3075],[112.8261,-7.3073],[112.8251,-7.3071],[112.8241,-7.307],[112.8231,-7.3069],[112.8221,-7.3068],[112.8212,-7.3063],[112.8205,-7.3055],[112.8198,-7.3047],[112.8192,-7.3038],[112.8185,-7.3031],[112.8177,-7.3023],[112.8168,-7.3017],[112.8159,-7.3012],[112.815,-7.3008],[112.814,-7.3004],[112.8131,-7.3],[112.8122,-7.2995],[112.8113,-7.2989],[112.8103,-7.2988],[112.8093,-7.299],[112.8083,-7.2995],[112.8075,-7.3002],[112.8068,-7.3011],[112.8063,-7.302],[112.806,-7.303],[112.8059,-7.304],[112.806,-7.3038],[112.8063,-7.3048],[112.807,-7.3056],[112.8078,-7.3063],[112.8085,-7.3072],[112.8081,-7.3082],[112.8072,-7.3087],[112.8062,-7.3087],[112.8052,-7.3083],[112.8042,-7.3079],[112.8033,-7.3075],[112.8023,-7.3075],[112.8013,-7.3077],[112.8024,-7.3075],[112.8034,-7.3076],[112.8044,-7.3079],[112.8053,-7.3084],[112.8063,-7.3087],[112.8073,-7.3086],[112.8082,-7.308],[112.8084,-7.307],[112.8077,-7.3062],[112.8069,-7.3055],[112.8063,-7.3046],[112.806,-7.3036],[112.8061,-7.3025],[112.8065,-7.3016],[112.8071,-7.3007],[112.8078,-7.2999],[112.8086,-7.2993],[112.8095,-7.2989],[112.8105,-7.2988],[112.8115,-7.299],[112.8124,-7.2996],[112.8133,-7.3001],[112.8142,-7.3005],[112.8152,-7.3008],[112.8161,-7.3013],[112.817,-7.3018],[112.8179,-7.3025],[112.8186,-7.3032],[112.8193,-7.304],[112.8199,-7.3048],[112.8206,-7.3057],[112.8214,-7.3064],[112.8223,-7.3069],[112.8233,-7.3069],[112.8243,-7.307],[112.8253,-7.3072],[112.8264,-7.3073],[112.8274,-7.3075],[112.8284,-7.3078],[112.8295,-7.308],[112.8305,-7.3082],[112.8315,-7.3084],[112.8326,-7.3086],[112.8336,-7.3088],[112.8346,-7.3091],[112.8356,-7.3093]]],[[[112.7859,-7.2933],[112.7842,-7.2932],[112.7834,-7.2924],[112.7842,-7.2931],[112.7859,-7.2933]]],[[[112.7835,-7.2913],[112.7825,-7.2908],[112.7823,-7.2895],[112.7815,-7.2886],[112.7821,-7.2894],[112.7826,-7.2906],[112.7835,-7.2913]]],[[[112.75,-7.2537],[112.7502,-7.2547],[112.7505,-7.2558],[112.7502,-7.2548],[112.75,-7.2537]]],[[[112.7688,-7.284],[112.7697,-7.2834],[112.7701,-7.2821],[112.7697,-7.2833],[112.7688,-7.284]]],[[[112.6636,-7.301],[112.6634,-7.302],[112.6632,-7.3033],[112.6626,-7.3043],[112.6623,-7.3053],[112.6623,-7.3063],[112.6631,-7.3071],[112.6631,-7.3088],[112.6634,-7.3075],[112.6624,-7.3071],[112.6623,-7.306],[112.6624,-7.3049],[112.6629,-7.3035],[112.6634,-7.3021],[112.6636,-7.301]]],[[[112.6626,-7.311],[112.6624,-7.3121],[112.6619,-7.3144],[112.6622,-7.3127],[112.6626,-7.311]]],[[[112.6752,-7.2404],[112.6751,-7.2414],[112.6744,-7.2425],[112.675,-7.2416],[112.6752,-7.2404]]],[[[112.8048,-7.3174],[112.8058,-7.3171],[112.808,-7.3167],[112.8062,-7.317],[112.8048,-7.3174]]],[[[112.797,-7.3079],[112.7959,-7.3079],[112.7948,-7.3078],[112.7958,-7.3079],[112.797,-7.3079]]],[[[112.7916,-7.3075],[112.7906,-7.3077],[112.7895,-7.308],[112.7905,-7.3077],[112.7916,-7.3075]]],[[[112.774,-7.2687],[112.7738,-7.2697],[112.7736,-7.2709],[112.7738,-7.2699],[112.774,-7.2687]]],[[[112.6175,-7.223],[112.618,-7.2214],[112.6183,-7.2204],[112.6189,-7.218],[112.6201,-7.218],[112.619,-7.2179],[112.6184,-7.2198],[112.618,-7.2213],[112.6175,-7.223]]],[[[112.7381,-7.2224],[112.7381,-7.2214],[112.738,-7.2204],[112.738,-7.2194],[112.7379,-7.2184],[112.738,-7.2195],[112.738,-7.2205],[112.7381,-7.2215],[112.7381,-7.2224]]],[[[112.6569,-7.1995],[112.6558,-7.1997],[112.6546,-7.2],[112.6556,-7.1998],[112.6569,-7.1995]]],[[[112.6525,-7.201],[112.6515,-7.2019],[112.6506,-7.2026],[112.6499,-7.2034],[112.6489,-7.2036],[112.6478,-7.2042],[112.6487,-7.2038],[112.6496,-7.2033],[112.6504,-7.2027],[112.6513,-7.202],[112.6525,-7.201]]],[[[112.627,-7.212],[112.6259,-7.2116],[112.6256,-7.2103],[112.6256,-7.2114],[112.627,-7.212]]],[[[112.6643,-7.1937],[112.664,-7.1927],[112.665,-7.1921],[112.6657,-7.1933],[112.666,-7.1945],[112.6662,-7.1956],[112.6659,-7.1973],[112.6646,-7.1971],[112.6644,-7.1956],[112.6644,-7.1941],[112.6643,-7.1937]]],[[[112.7329,-7.2999],[112.7318,-7.3003],[112.7305,-7.3007],[112.7316,-7.3003],[112.7329,-7.2999]]],[[[112.7283,-7.3019],[112.7276,-7.3027],[112.7268,-7.304],[112.7276,-7.3028],[112.7283,-7.3019]]],[[[112.7037,-7.2749],[112.7027,-7.2749],[112.7012,-7.2748],[112.7025,-7.2748],[112.7037,-7.2749]]],[[[112.7003,-7.27],[112.7004,-7.2689],[112.7008,-7.2674],[112.7005,-7.2687],[112.7003,-7.27]]],[[[112.701,-7.2664],[112.7012,-7.2652],[112.7014,-7.2636],[112.7016,-7.2616],[112.7014,-7.2628],[112.7012,-7.2649],[112.701,-7.2664]]],[[[112.7961,-7.248],[112.7965,-7.2491],[112.7968,-7.2478],[112.7961,-7.248]]],[[[112.6724,-7.334],[112.6717,-7.3348],[112.6718,-7.336],[112.6708,-7.3366],[112.6718,-7.3362],[112.6717,-7.3351],[112.6724,-7.334]]],[[[112.6629,-7.228],[112.6617,-7.2282],[112.6613,-7.2296],[112.6614,-7.2286],[112.6629,-7.228]]]]}},{"type":"Feature","properties":{"level":"regency","regency":"Sidoarjo"},"geometry":{"type":"MultiPolygon","coordinates":[[[[112.6854,-7.4115],[112.6848,-7.414],[112.6851,-7.4123],[112.6855,-7.4112],[112.6865,-7.4108],[112.6871,-7.41],[112.6864,-7.4108],[112.6855,-7.4114],[112.6843,-7.4109],[112.6852,-7.4115],[112.6854,-7.4115]]],[[[112.5285,-7.4138],[112.5285,-7.4128],[112.5282,-7.4115],[112.5281,-7.4104],[112.5282,-7.4114],[112.5283,-7.4126],[112.5285,-7.4138]]],[[[112.5088,-7.4093],[112.5083,-7.4111],[112.5084,-7.4094],[112.5105,-7.409],[112.5092,-7.4093],[112.5087,-7.4076],[112.5088,-7.4093]]],[[[112.5057,-7.4241],[112.5044,-7.4243],[112.5035,-7.4235],[112.5019,-7.4232],[112.503,-7.4235],[112.5041,-7.4239],[112.5057,-7.4241]]],[[[112.4939,-7.4132],[112.4926,-7.4134],[112.4922,-7.4124],[112.4925,-7.4134],[112.4939,-7.4132]]],[[[112.4973,-7.4229],[112.4962,-7.423],[112.4956,-7.424],[112.4955,-7.4251],[112.4942,-7.426],[112.4924,-7.4263],[112.4922,-7.4275],[112.492,-7.429],[112.4922,-7.4278],[112.4925,-7.4266],[112.4941,-7.426],[112.4953,-7.4258],[112.4956,-7.4244],[112.4957,-7.4229],[112.4973,-7.4229]]],[[[112.4919,-7.4301],[112.4916,-7.4313],[112.4915,-7.4325],[112.4917,-7.4315],[112.4919,-7.4304],[112.4938,-7.4304],[112.4937,-7.4315],[112.4936,-7.4325],[112.4939,-7.4311],[112.4919,-7.4301]]],[[[112.7332,-7.4922],[112.7336,-7.4933],[112.7337,-7.4947],[112.7346,-7.4953],[112.7356,-7.496],[112.7365,-7.4967],[112.7372,-7.4975],[112.7376,-7.4984],[112.7386,-7.4978],[112.7376,-7.4976],[112.7368,-7.497],[112.7359,-7.4962],[112.7348,-7.4955],[112.734,-7.4949],[112.7339,-7.4939],[112.7332,-7.4932],[112.7332,-7.4922]]],[[[112.727,-7.5006],[112.7261,-7.5],[112.725,-7.5005],[112.7239,-7.5007],[112.7238,-7.5017],[112.726,-7.503],[112.7255,-7.5048],[112.7251,-7.5062],[112.7265,-7.5067],[112.7255,-7.5065],[112.7253,-7.5054],[112.7258,-7.5036],[112.7246,-7.5023],[112.7239,-7.5015],[112.7247,-7.5007],[112.7257,-7.5003],[112.727,-7.5006]]],[[[112.7239,-7.4974],[112.7246,-7.4965],[112.7254,-7.495],[112.7263,-7.4935],[112.7275,-7.4918],[112.7277,-7.4901],[112.7275,-7.4888],[112.7275,-7.4871],[112.7271,-7.4887],[112.7271,-7.4898],[112.7276,-7.4911],[112.7265,-7.4932],[112.7258,-7.4941],[112.7249,-7.496],[112.7239,-7.4974]]],[[[112.6417,-7.4971],[112.6414,-7.4982],[112.6436,-7.4989],[112.646,-7.4995],[112.6455,-7.5009],[112.6459,-7.4998],[112.6442,-7.499],[112.6416,-7.4983],[112.6418,-7.4973],[112.6422,-7.4957],[112.6418,-7.4971],[112.6407,-7.497],[112.6395,-7.4967],[112.6378,-7.4964],[112.6389,-7.4966],[112.6399,-7.4968],[112.6414,-7.4971],[112.6417,-7.4971]]],[[[112.7532,-7.546],[112.7544,-7.5459],[112.7533,-7.546],[112.7521,-7.546],[112.7532,-7.546]]],[[[112.756,-7.5511],[112.7571,-7.5513],[112.7575,-7.55],[112.7559,-7.5494],[112.7557,-7.5482],[112.7563,-7.5468],[112.7571,-7.546],[112.7572,-7.5448],[112.7571,-7.5459],[112.7558,-7.5457],[112.7566,-7.5459],[112.7559,-7.5475],[112.7554,-7.549],[112.7567,-7.5496],[112.7574,-7.5507],[112.756,-7.5511]]],[[[112.7683,-7.5482],[112.7685,-7.5494],[112.7682,-7.5506],[112.7685,-7.5496],[112.7683,-7.5482]]],[[[112.7702,-7.5533],[112.7701,-7.5543],[112.7704,-7.5537],[112.7712,-7.5545],[112.7714,-7.5555],[112.7711,-7.554],[112.7702,-7.5533]]],[[[112.7676,-7.5541],[112.7662,-7.5536],[112.7651,-7.5534],[112.7661,-7.5536],[112.7676,-7.5541]]],[[[112.761,-7.5523],[112.7603,-7.5534],[112.7604,-7.5546],[112.7606,-7.5557],[112.7611,-7.5569],[112.7609,-7.5583],[112.7618,-7.5594],[112.7616,-7.5612],[112.7602,-7.5651],[112.7617,-7.5612],[112.7622,-7.5597],[112.7612,-7.5587],[112.7611,-7.5575],[112.7607,-7.5565],[112.7605,-7.5551],[112.7603,-7.5535],[112.761,-7.5523]]],[[[112.7504,-7.5571],[112.75,-7.5583],[112.7496,-7.5604],[112.75,-7.5585],[112.7504,-7.5571]]],[[[112.7436,-7.5632],[112.742,-7.5627],[112.7427,-7.5616],[112.7421,-7.5625],[112.7415,-7.5635],[112.7436,-7.5632]]],[[[112.7418,-7.5586],[112.7421,-7.5575],[112.7421,-7.5562],[112.7417,-7.5573],[112.7418,-7.5586]]],[[[112.7161,-7.3676],[112.7175,-7.3678],[112.7164,-7.3676],[112.7159,-7.3665],[112.7143,-7.366],[112.7137,-7.3652],[112.7134,-7.3642],[112.7125,-7.3636],[112.7113,-7.3618],[112.7116,-7.3639],[112.7127,-7.3638],[112.7136,-7.3647],[112.714,-7.3659],[112.7155,-7.3657],[112.7159,-7.3668],[112.7161,-7.3676]]],[[[112.669,-7.3839],[112.6689,-7.3851],[112.6686,-7.3863],[112.6689,-7.3876],[112.6695,-7.3886],[112.6701,-7.3878],[112.6688,-7.3883],[112.6691,-7.3871],[112.6687,-7.3856],[112.669,-7.3839]]],[[[112.6705,-7.391],[112.6703,-7.392],[112.6692,-7.3916],[112.6683,-7.3907],[112.6661,-7.3897],[112.6678,-7.3905],[112.668,-7.3906],[112.6691,-7.3915],[112.67,-7.3919],[112.6705,-7.391]]],[[[112.8354,-7.3722],[112.8338,-7.3719],[112.8325,-7.3717],[112.8296,-7.3717],[112.8279,-7.372],[112.8265,-7.3722],[112.8247,-7.3726],[112.8227,-7.3724],[112.8239,-7.3726],[112.826,-7.3723],[112.8272,-7.3721],[112.8293,-7.3717],[112.832,-7.3717],[112.8332,-7.3718],[112.8348,-7.3721],[112.8354,-7.3722]]],[[[112.8049,-7.385],[112.8054,-7.3841],[112.8055,-7.3824],[112.8055,-7.3803],[112.8038,-7.38],[112.805,-7.3802],[112.8055,-7.3815],[112.8054,-7.3838],[112.8049,-7.385]]],[[[112.8128,-7.3712],[112.8149,-7.3716],[112.8193,-7.3718],[112.8214,-7.3721],[112.8196,-7.3721],[112.8153,-7.3716],[112.8128,-7.3712]]],[[[112.7588,-7.512],[112.7588,-7.5108],[112.7577,-7.5102],[112.7565,-7.5103],[112.7555,-7.5107],[112.7546,-7.5113],[112.7536,-7.5112],[112.7525,-7.511],[112.7516,-7.5105],[112.7505,-7.5104],[112.7494,-7.5104],[112.7485,-7.5112],[112.748,-7.5124],[112.7473,-7.5134],[112.7463,-7.5137],[112.7453,-7.5144],[112.7439,-7.5148],[112.7421,-7.5142],[112.7419,-7.5153],[112.7409,-7.5163],[112.7399,-7.5166],[112.7385,-7.517],[112.7375,-7.5172],[112.7364,-7.5172],[112.7356,-7.5165],[112.7349,-7.5158],[112.7357,-7.5167],[112.7367,-7.5172],[112.7365,-7.5183],[112.7368,-7.5173],[112.7378,-7.5171],[112.7392,-7.5168],[112.7405,-7.5164],[112.7418,-7.516],[112.7419,-7.5147],[112.7432,-7.5145],[112.745,-7.5152],[112.7454,-7.514],[112.747,-7.5135],[112.7478,-7.5129],[112.7483,-7.5116],[112.7489,-7.5104],[112.75,-7.5103],[112.751,-7.5104],[112.7519,-7.5108],[112.753,-7.511],[112.754,-7.5113],[112.7551,-7.511],[112.7556,-7.5101],[112.7568,-7.5104],[112.7585,-7.5105],[112.7588,-7.512]]],[[[112.7503,-7.5056],[112.7517,-7.5053],[112.7522,-7.5043],[112.7525,-7.5031],[112.7536,-7.5035],[112.7528,-7.5028],[112.7523,-7.5037],[112.7522,-7.5048],[112.7513,-7.5055],[112.7503,-7.5056]]],[[[112.7554,-7.5048],[112.7558,-7.5038],[112.7581,-7.5035],[112.7588,-7.5043],[112.7603,-7.5042],[112.7613,-7.5045],[112.7626,-7.5048],[112.7632,-7.5057],[112.7629,-7.5069],[112.7627,-7.5079],[112.7636,-7.5086],[112.7646,-7.509],[112.7637,-7.5086],[112.7627,-7.5084],[112.7628,-7.5072],[112.7631,-7.5061],[112.7632,-7.5051],[112.7622,-7.5047],[112.7612,-7.5044],[112.7595,-7.5042],[112.7585,-7.5038],[112.7564,-7.5034],[112.7554,-7.5048]]],[[[112.7659,-7.5105],[112.7657,-7.5116],[112.7666,-7.5122],[112.7657,-7.5117],[112.7659,-7.5105]]],[[[112.697,-7.4572],[112.696,-7.4569],[112.695,-7.4566],[112.6939,-7.456],[112.6948,-7.4565],[112.6959,-7.4569],[112.697,-7.4572]]],[[[112.748,-7.4965],[112.752,-7.4973],[112.7525,-7.4963],[112.7529,-7.4946],[112.754,-7.4944],[112.755,-7.4947],[112.7563,-7.4948],[112.7575,-7.4948],[112.7584,-7.4956],[112.7593,-7.4961],[112.7598,-7.4971],[112.7609,-7.4972],[112.7619,-7.4973],[112.7627,-7.4982],[112.7637,-7.4983],[112.7646,-7.4976],[112.7655,-7.4984],[112.7648,-7.4975],[112.7641,-7.4983],[112.7629,-7.499],[112.7624,-7.4981],[112.7617,-7.4973],[112.7605,-7.4972],[112.7596,-7.4965],[112.7587,-7.4957],[112.7577,-7.495],[112.7565,-7.4947],[112.7555,-7.4949],[112.7545,-7.4947],[112.7534,-7.494],[112.7526,-7.4955],[112.7525,-7.4965],[112.7476,-7.4957],[112.7471,-7.4947],[112.7481,-7.4945],[112.7456,-7.4939],[112.7446,-7.4934],[112.745,-7.4925],[112.7446,-7.4915],[112.7444,-7.4905],[112.745,-7.4897],[112.7457,-7.489],[112.7457,-7.4879],[112.7449,-7.4873],[112.744,-7.4866],[112.7426,-7.4868],[112.7419,-7.488],[112.7414,-7.4901],[112.7399,-7.4897],[112.7395,-7.4906],[112.7401,-7.4925],[112.739,-7.4933],[112.7381,-7.4938],[112.738,-7.4921],[112.7376,-7.4933],[112.7387,-7.4935],[112.7396,-7.4931],[112.7403,-7.4911],[112.7395,-7.4904],[112.741,-7.4901],[112.7418,-7.4888],[112.7421,-7.4875],[112.7435,-7.4871],[112.7446,-7.4871],[112.7455,-7.4875],[112.7459,-7.4886],[112.7457,-7.4896],[112.7448,-7.4901],[112.7444,-7.4912],[112.7454,-7.4917],[112.745,-7.4927],[112.7454,-7.4938],[112.7472,-7.4946],[112.7475,-7.4956],[112.748,-7.4965]]],[[[112.7698,-7.5024],[112.7708,-7.5027],[112.7714,-7.5018],[112.7717,-7.5008],[112.7728,-7.501],[112.7739,-7.5012],[112.7749,-7.5011],[112.7758,-7.5016],[112.7754,-7.503],[112.776,-7.5039],[112.7773,-7.504],[112.7763,-7.504],[112.7755,-7.5033],[112.7756,-7.5022],[112.7759,-7.5011],[112.7747,-7.5011],[112.7736,-7.5013],[112.7726,-7.5007],[112.7717,-7.5003],[112.7714,-7.5014],[112.771,-7.5024],[112.7698,-7.5024]]],[[[112.7413,-7.411],[112.7422,-7.4114],[112.7433,-7.4117],[112.7423,-7.4114],[112.7413,-7.411]]],[[[112.7454,-7.4183],[112.7448,-7.4211],[112.7459,-7.4212],[112.7478,-7.4217],[112.7468,-7.4215],[112.7452,-7.421],[112.7454,-7.4183]]],[[[112.741,-7.4193],[112.7397,-7.4184],[112.7387,-7.4175],[112.7377,-7.417],[112.7377,-7.421],[112.7386,-7.4174],[112.7394,-7.418],[112.7401,-7.4189],[112.741,-7.4193]]],[[[112.5406,-7.4416],[112.5417,-7.4418],[112.5432,-7.4421],[112.5432,-7.4431],[112.5438,-7.4423],[112.5449,-7.4426],[112.5458,-7.4431],[112.5473,-7.4431],[112.5482,-7.4434],[112.5492,-7.4436],[112.5503,-7.4439],[112.5513,-7.4441],[112.5523,-7.4445],[112.5533,-7.4451],[112.5544,-7.4458],[112.5549,-7.4452],[112.5552,-7.4441],[112.5556,-7.442],[112.5553,-7.4433],[112.5552,-7.4446],[112.5548,-7.4455],[112.5538,-7.4456],[112.5529,-7.4449],[112.552,-7.4444],[112.551,-7.4441],[112.55,-7.4438],[112.5487,-7.4435],[112.5475,-7.4432],[112.5465,-7.443],[112.5454,-7.4429],[112.5442,-7.4424],[112.5425,-7.442],[112.5414,-7.4417],[112.5409,-7.4397],[112.5407,-7.4412],[112.5398,-7.4407],[112.5389,-7.4402],[112.5381,-7.4395],[112.5379,-7.4385],[112.5368,-7.4383],[112.5358,-7.4382],[112.5347,-7.4384],[112.5337,-7.4386],[112.5322,-7.4387],[112.5333,-7.4385],[112.5342,-7.439],[112.534,-7.4403],[112.5337,-7.4421],[112.5327,-7.4426],[112.5337,-7.4422],[112.5339,-7.4406],[112.5341,-7.4396],[112.5343,-7.4386],[112.5354,-7.4385],[112.5364,-7.4384],[112.5375,-7.4382],[112.5381,-7.439],[112.5386,-7.4399],[112.5392,-7.4409],[112.5403,-7.4408],[112.5406,-7.4416]]],[[[112.6115,-7.3736],[112.6105,-7.374],[112.6094,-7.3745],[112.6104,-7.3741],[112.6115,-7.3736]]],[[[112.6081,-7.3745],[112.6071,-7.3741],[112.6071,-7.3752],[112.6071,-7.3763],[112.6072,-7.3774],[112.6077,-7.3784],[112.6087,-7.3785],[112.6089,-7.3808],[112.6088,-7.3822],[112.6073,-7.3828],[112.6087,-7.3825],[112.6089,-7.3813],[112.6089,-7.3791],[112.6081,-7.3784],[112.6072,-7.3778],[112.6071,-7.3765],[112.6071,-7.3754],[112.6071,-7.3743],[112.6081,-7.3745]]],[[[112.6067,-7.3838],[112.6067,-7.385],[112.6065,-7.3862],[112.6065,-7.3872],[112.6066,-7.3858],[112.6067,-7.3838]]],[[[112.5975,-7.3803],[112.5975,-7.379],[112.5981,-7.3778],[112.598,-7.3766],[112.5994,-7.3767],[112.6001,-7.3759],[112.6009,-7.3752],[112.602,-7.3748],[112.6011,-7.3751],[112.6002,-7.3758],[112.5995,-7.3767],[112.5984,-7.3765],[112.5982,-7.3776],[112.5976,-7.3784],[112.5975,-7.3798],[112.5956,-7.3802],[112.5966,-7.3803],[112.5975,-7.3803]]],[[[112.7057,-7.3452],[112.7047,-7.3449],[112.7037,-7.3447],[112.7027,-7.3445],[112.7016,-7.345],[112.7025,-7.3445],[112.7036,-7.3447],[112.7046,-7.3449],[112.7057,-7.3452]]],[[[112.6457,-7.4205],[112.6445,-7.4204],[112.6432,-7.4199],[112.6427,-7.4186],[112.642,-7.4177],[112.641,-7.4176],[112.6399,-7.418],[112.6394,-7.419],[112.6383,-7.4189],[112.6372,-7.4188],[112.6365,-7.418],[112.6356,-7.4172],[112.6352,-7.4158],[112.6349,-7.4142],[112.6351,-7.4154],[112.6353,-7.4164],[112.636,-7.4174],[112.6364,-7.4185],[112.6374,-7.4187],[112.6389,-7.419],[112.6398,-7.4182],[112.6407,-7.4177],[112.6417,-7.4177],[112.6426,-7.4182],[112.6426,-7.4193],[112.6436,-7.4201],[112.6448,-7.4205],[112.6462,-7.4206],[112.6459,-7.422],[112.6456,-7.4231],[112.6448,-7.4249],[112.6435,-7.4277],[112.6419,-7.4273],[112.6406,-7.4268],[112.6387,-7.4261],[112.6382,-7.4272],[112.6375,-7.4287],[112.6363,-7.4287],[112.6352,-7.4286],[112.6343,-7.4281],[112.6353,-7.4287],[112.6365,-7.4288],[112.6357,-7.4315],[112.6366,-7.4289],[112.6378,-7.4281],[112.6383,-7.4269],[112.6398,-7.4265],[112.6413,-7.427],[112.6428,-7.4275],[112.6419,-7.4287],[112.6421,-7.4297],[112.6426,-7.4277],[112.6446,-7.4251],[112.646,-7.4256],[112.6473,-7.4263],[112.6463,-7.4258],[112.6451,-7.4252],[112.6454,-7.4235],[112.6458,-7.4225],[112.646,-7.4215],[112.6457,-7.4205]]],[[[112.6352,-7.4132],[112.6352,-7.4122],[112.6356,-7.4113],[112.6359,-7.4102],[112.6355,-7.409],[112.6367,-7.4082],[112.6354,-7.4083],[112.6357,-7.4098],[112.6358,-7.4108],[112.6352,-7.4118],[112.6352,-7.4132]]],[[[112.6403,-7.4081],[112.6407,-7.4071],[112.6408,-7.4059],[112.6398,-7.4056],[112.6408,-7.4058],[112.6406,-7.4069],[112.6403,-7.4081]]],[[[112.6419,-7.4074],[112.6431,-7.4076],[112.6441,-7.407],[112.6463,-7.4076],[112.6449,-7.4072],[112.6439,-7.4072],[112.6419,-7.4074]]],[[[112.5686,-7.4393],[112.5682,-7.4402],[112.568,-7.4413],[112.5676,-7.4424],[112.5675,-7.4413],[112.5687,-7.4414],[112.5695,-7.4422],[112.5704,-7.4427],[112.5715,-7.4429],[112.5724,-7.4433],[112.5734,-7.4437],[112.5739,-7.4437],[112.5748,-7.4442],[112.5757,-7.4446],[112.5767,-7.4449],[112.5779,-7.4451],[112.5789,-7.4454],[112.5799,-7.4452],[112.5804,-7.4463],[112.5811,-7.4474],[112.5804,-7.4487],[112.5801,-7.45],[112.5791,-7.4505],[112.5781,-7.4505],[112.5793,-7.4505],[112.5801,-7.4496],[112.5806,-7.4479],[112.5811,-7.4475],[112.5818,-7.4484],[112.5828,-7.4486],[112.5837,-7.4491],[112.5837,-7.4502],[112.5847,-7.4505],[112.5857,-7.4501],[112.5862,-7.4512],[112.5858,-7.4529],[112.5858,-7.4539],[112.5868,-7.4546],[112.5879,-7.4546],[112.5894,-7.4545],[112.5881,-7.4546],[112.5871,-7.4548],[112.5861,-7.4542],[112.5857,-7.4532],[112.5859,-7.4521],[112.5863,-7.4508],[112.5869,-7.4499],[112.5881,-7.4501],[112.5892,-7.4505],[112.5902,-7.4503],[112.5906,-7.4492],[112.5918,-7.4488],[112.5908,-7.4489],[112.5905,-7.45],[112.5896,-7.4506],[112.5885,-7.4503],[112.5875,-7.4499],[112.5863,-7.4501],[112.5853,-7.4503],[112.5842,-7.4505],[112.5836,-7.4496],[112.5833,-7.4486],[112.5821,-7.4486],[112.5813,-7.4478],[112.5807,-7.4469],[112.5802,-7.4459],[112.5793,-7.4452],[112.5783,-7.4451],[112.5773,-7.445],[112.5762,-7.4448],[112.5752,-7.4444],[112.5743,-7.4438],[112.5743,-7.4427],[112.5748,-7.4412],[112.5743,-7.4425],[112.5739,-7.4436],[112.5728,-7.4435],[112.5719,-7.4431],[112.5707,-7.4427],[112.5697,-7.4426],[112.5691,-7.4417],[112.568,-7.4414],[112.5681,-7.4403],[112.5686,-7.4393]]],[[[112.5614,-7.4504],[112.5605,-7.4508],[112.5605,-7.4519],[112.5593,-7.4519],[112.5583,-7.4521],[112.5573,-7.4526],[112.5575,-7.4515],[112.5582,-7.4495],[112.559,-7.4478],[112.5584,-7.4489],[112.5575,-7.4514],[112.5572,-7.4524],[112.5562,-7.4521],[112.5552,-7.4517],[112.5557,-7.4526],[112.5568,-7.4528],[112.558,-7.4522],[112.5591,-7.4519],[112.5601,-7.4521],[112.5605,-7.451],[112.5614,-7.4504]]],[[[112.7606,-7.3499],[112.7596,-7.3503],[112.7587,-7.3507],[112.7587,-7.3494],[112.7585,-7.3484],[112.7587,-7.3501],[112.7597,-7.3503],[112.7606,-7.3499]]],[[[112.7587,-7.3464],[112.7589,-7.3454],[112.7578,-7.3451],[112.7588,-7.3453],[112.7587,-7.3464]]],[[[112.7223,-7.5434],[112.7212,-7.5433],[112.7197,-7.5433],[112.7183,-7.5432],[112.7194,-7.5433],[112.721,-7.5433],[112.7223,-7.5434]]],[[[112.7196,-7.5339],[112.7206,-7.5338],[112.7216,-7.5341],[112.721,-7.5329],[112.7216,-7.5312],[112.7224,-7.5295],[112.7219,-7.5308],[112.7212,-7.5322],[112.7207,-7.5338],[112.7196,-7.5339]]],[[[112.8046,-7.386],[112.8035,-7.386],[112.8025,-7.386],[112.8015,-7.3858],[112.8004,-7.3856],[112.7994,-7.3855],[112.7983,-7.3853],[112.7973,-7.3851],[112.7963,-7.385],[112.7951,-7.3848],[112.7932,-7.3842],[112.7942,-7.3844],[112.7944,-7.3846],[112.7955,-7.3848],[112.7965,-7.385],[112.7975,-7.3852],[112.7986,-7.3853],[112.7996,-7.3855],[112.8006,-7.3857],[112.8017,-7.3858],[112.8027,-7.386],[112.8037,-7.386],[112.8046,-7.386]]],[[[112.7871,-7.3833],[112.7856,-7.3829],[112.785,-7.3837],[112.7849,-7.3847],[112.7847,-7.3857],[112.7837,-7.3863],[112.7824,-7.3861],[112.7818,-7.3871],[112.782,-7.386],[112.7831,-7.3861],[112.7842,-7.3863],[112.7848,-7.3854],[112.7849,-7.3843],[112.785,-7.3833],[112.7871,-7.3833]]],[[[112.7758,-7.3944],[112.7755,-7.3932],[112.7742,-7.3927],[112.7755,-7.3927],[112.7754,-7.3941],[112.7754,-7.3947],[112.7745,-7.3951],[112.7758,-7.3954],[112.7759,-7.3966],[112.7758,-7.3982],[112.7757,-7.3999],[112.7757,-7.4012],[112.7756,-7.4022],[112.7757,-7.4006],[112.7758,-7.399],[112.7758,-7.3975],[112.776,-7.3954],[112.7748,-7.3953],[112.7759,-7.3951],[112.7771,-7.3951],[112.7761,-7.3951],[112.7748,-7.3951],[112.7758,-7.3944]]],[[[112.7706,-7.3923],[112.7706,-7.3912],[112.7707,-7.3892],[112.7699,-7.3906],[112.7697,-7.3916],[112.7698,-7.3931],[112.7696,-7.3941],[112.7685,-7.3943],[112.7675,-7.3939],[112.7662,-7.3935],[112.7642,-7.3935],[112.7661,-7.394],[112.7672,-7.3938],[112.7681,-7.3942],[112.7695,-7.3947],[112.7697,-7.3937],[112.7699,-7.3925],[112.7698,-7.3908],[112.77,-7.3891],[112.7707,-7.3905],[112.7706,-7.3923]]],[[[112.7662,-7.3765],[112.7665,-7.3748],[112.7672,-7.374],[112.7654,-7.3737],[112.7641,-7.3734],[112.763,-7.3726],[112.7629,-7.371],[112.7627,-7.3724],[112.7634,-7.3733],[112.7649,-7.3736],[112.7664,-7.374],[112.7671,-7.3742],[112.7662,-7.3765]]],[[[112.7229,-7.4766],[112.7217,-7.4763],[112.7206,-7.4775],[112.7197,-7.4781],[112.7186,-7.478],[112.7175,-7.4779],[112.7166,-7.4775],[112.7164,-7.4786],[112.7157,-7.4793],[112.7164,-7.4783],[112.7174,-7.4778],[112.7184,-7.478],[112.7189,-7.4781],[112.7201,-7.4781],[112.721,-7.476],[112.7219,-7.4764],[112.7229,-7.4766]]],[[[112.7496,-7.4488],[112.7486,-7.4497],[112.7478,-7.4505],[112.7458,-7.4509],[112.7457,-7.4524],[112.7452,-7.4514],[112.7469,-7.4506],[112.7482,-7.45],[112.7496,-7.4488]]],[[[112.7488,-7.4551],[112.7478,-7.4553],[112.7471,-7.4538],[112.7456,-7.4537],[112.744,-7.4538],[112.745,-7.4537],[112.7463,-7.4536],[112.7475,-7.4545],[112.748,-7.4557],[112.7488,-7.4551]]],[[[112.743,-7.4545],[112.743,-7.4555],[112.744,-7.4557],[112.745,-7.4559],[112.7434,-7.4571],[112.7445,-7.4568],[112.7455,-7.4566],[112.7446,-7.4557],[112.7435,-7.4557],[112.743,-7.4545]]],[[[112.7393,-7.4552],[112.7383,-7.4546],[112.7378,-7.4555],[112.7373,-7.4565],[112.7363,-7.4562],[112.7349,-7.457],[112.734,-7.4566],[112.7339,-7.4552],[112.7328,-7.4556],[112.7336,-7.4547],[112.734,-7.4558],[112.7341,-7.4568],[112.7359,-7.4565],[112.7368,-7.4569],[112.7379,-7.456],[112.7379,-7.4548],[112.7393,-7.4552]]],[[[112.7428,-7.4458],[112.7439,-7.4459],[112.7455,-7.4452],[112.7442,-7.4457],[112.7428,-7.4458]]],[[[112.5169,-7.4083],[112.5158,-7.4084],[112.5138,-7.4086],[112.5156,-7.4085],[112.5169,-7.4083]]],[[[112.6988,-7.4927],[112.6997,-7.4935],[112.6989,-7.4928],[112.6994,-7.491],[112.6998,-7.4897],[112.7002,-7.4881],[112.6998,-7.4896],[112.6994,-7.4909],[112.6988,-7.4927]]],[[[112.7046,-7.5009],[112.7037,-7.5005],[112.7026,-7.5002],[112.7036,-7.5005],[112.7046,-7.5009]]],[[[112.6058,-7.4875],[112.6046,-7.4879],[112.6035,-7.488],[112.6046,-7.488],[112.6057,-7.4876],[112.6058,-7.4875]]],[[[112.5849,-7.4922],[112.5853,-7.4911],[112.5858,-7.4897],[112.5855,-7.4906],[112.5849,-7.4922]]],[[[112.5964,-7.4876],[112.5974,-7.4878],[112.5981,-7.4859],[112.5986,-7.4846],[112.5972,-7.4839],[112.5959,-7.4833],[112.5949,-7.4828],[112.5943,-7.4817],[112.5943,-7.4806],[112.5946,-7.4795],[112.5947,-7.4784],[112.5957,-7.4778],[112.5946,-7.4781],[112.5946,-7.4793],[112.5943,-7.4803],[112.5943,-7.4815],[112.5945,-7.4826],[112.5954,-7.483],[112.597,-7.4838],[112.5981,-7.4844],[112.5982,-7.4857],[112.5976,-7.4874],[112.5964,-7.4876]]],[[[112.7924,-7.3972],[112.7933,-7.3967],[112.7944,-7.3968],[112.7948,-7.3977],[112.7936,-7.3967],[112.7926,-7.3965],[112.7916,-7.397],[112.7903,-7.3968],[112.7916,-7.3971],[112.7924,-7.3972]]],[[[112.7874,-7.4016],[112.7861,-7.401],[112.785,-7.4005],[112.7838,-7.3999],[112.7821,-7.3991],[112.7823,-7.4001],[112.7819,-7.4011],[112.7824,-7.402],[112.7831,-7.4027],[112.7829,-7.4037],[112.7836,-7.4048],[112.7831,-7.4059],[112.7835,-7.405],[112.783,-7.404],[112.7834,-7.403],[112.7826,-7.4025],[112.7823,-7.4015],[112.7822,-7.4004],[112.7821,-7.3994],[112.7833,-7.3997],[112.7845,-7.4002],[112.7858,-7.4009],[112.7874,-7.4016]]],[[[112.7782,-7.3952],[112.7794,-7.3953],[112.7807,-7.3953],[112.7818,-7.3951],[112.7828,-7.395],[112.7838,-7.3955],[112.7848,-7.3957],[112.7859,-7.3959],[112.7869,-7.3961],[112.7856,-7.3959],[112.7846,-7.3956],[112.7835,-7.3954],[112.7826,-7.3951],[112.7814,-7.3951],[112.7803,-7.3954],[112.7782,-7.3952]]],[[[112.7148,-7.4798],[112.7146,-7.4808],[112.7156,-7.4815],[112.7153,-7.4828],[112.7153,-7.4841],[112.7152,-7.4851],[112.7151,-7.4866],[112.7161,-7.4869],[112.7151,-7.4867],[112.7154,-7.4855],[112.7153,-7.4842],[112.7157,-7.483],[112.7155,-7.4818],[112.7149,-7.4809],[112.7148,-7.4798]]],[[[112.6127,-7.4082],[112.6129,-7.4072],[112.613,-7.4059],[112.6129,-7.4071],[112.6127,-7.4082]]],[[[112.6132,-7.4046],[112.6135,-7.4028],[112.6163,-7.4029],[112.6178,-7.4044],[112.6199,-7.4046],[112.6186,-7.4045],[112.6165,-7.4029],[112.6159,-7.4018],[112.6155,-7.4009],[112.6155,-7.3995],[112.6155,-7.3982],[112.6159,-7.3966],[112.6156,-7.3976],[112.6155,-7.3986],[112.6155,-7.4002],[112.6156,-7.4012],[112.6161,-7.4022],[112.6138,-7.4026],[112.6124,-7.4025],[112.6107,-7.4022],[112.6119,-7.4024],[112.6133,-7.4026],[112.6135,-7.4026],[112.6132,-7.4046]]],[[[112.6739,-7.52],[112.675,-7.5203],[112.674,-7.52],[112.6729,-7.5199],[112.6739,-7.52]]],[[[112.6392,-7.4037],[112.6393,-7.4026],[112.6388,-7.4016],[112.6388,-7.4006],[112.6389,-7.3996],[112.6379,-7.3994],[112.6369,-7.3992],[112.6363,-7.3983],[112.6365,-7.3971],[112.6364,-7.3982],[112.6367,-7.3992],[112.6377,-7.3994],[112.639,-7.3996],[112.6388,-7.4009],[112.6392,-7.4019],[112.6383,-7.4024],[112.6393,-7.4025],[112.6392,-7.4037]]],[[[112.6037,-7.4547],[112.6027,-7.4544],[112.6013,-7.454],[112.6025,-7.4544],[112.6037,-7.4547]]],[[[112.6001,-7.4537],[112.599,-7.4534],[112.5978,-7.453],[112.5989,-7.4533],[112.6001,-7.4537]]],[[[112.6014,-7.4481],[112.6024,-7.4482],[112.6034,-7.4489],[112.6026,-7.4482],[112.6014,-7.4481]]],[[[112.793,-7.3876],[112.7956,-7.3881],[112.7954,-7.3892],[112.7956,-7.3882],[112.793,-7.3876]]],[[[112.795,-7.3913],[112.7949,-7.3923],[112.7946,-7.3933],[112.7969,-7.3939],[112.7988,-7.3941],[112.7998,-7.3941],[112.8011,-7.3919],[112.8005,-7.3937],[112.7994,-7.3942],[112.7975,-7.3939],[112.795,-7.3935],[112.7948,-7.3924],[112.795,-7.3913]]],[[[112.801,-7.3994],[112.7999,-7.3989],[112.7988,-7.3986],[112.7975,-7.3982],[112.7986,-7.3985],[112.7998,-7.3989],[112.801,-7.3994]]],[[[112.6824,-7.4377],[112.6836,-7.4378],[112.6826,-7.4378],[112.6824,-7.4367],[112.6823,-7.4356],[112.6818,-7.4343],[112.6814,-7.4333],[112.6818,-7.4342],[112.6822,-7.4352],[112.6824,-7.4363],[112.6825,-7.4375],[112.6813,-7.4374],[112.6824,-7.4377]]],[[[112.6793,-7.4409],[112.6782,-7.4415],[112.6757,-7.4415],[112.6773,-7.4419],[112.6783,-7.4407],[112.6793,-7.4409]]],[[[112.672,-7.4389],[112.6724,-7.4371],[112.673,-7.4351],[112.6717,-7.4348],[112.6708,-7.4345],[112.6724,-7.435],[112.6725,-7.437],[112.672,-7.4389]]],[[[112.6897,-7.4378],[112.6907,-7.4381],[112.6919,-7.4383],[112.693,-7.4384],[112.6934,-7.4363],[112.6929,-7.4384],[112.6915,-7.4383],[112.6904,-7.438],[112.6891,-7.4377],[112.6897,-7.4378]]],[[[112.7722,-7.4158],[112.7713,-7.415],[112.7703,-7.4149],[112.769,-7.4148],[112.7679,-7.4148],[112.7668,-7.4146],[112.765,-7.4143],[112.7651,-7.4129],[112.7648,-7.4118],[112.7643,-7.4109],[112.7632,-7.4106],[112.7644,-7.4106],[112.7647,-7.4116],[112.7649,-7.4127],[112.7651,-7.4138],[112.7659,-7.4145],[112.7674,-7.4147],[112.7688,-7.4149],[112.77,-7.4148],[112.7712,-7.4151],[112.7722,-7.4158]]],[[[112.7806,-7.4204],[112.7824,-7.4207],[112.7838,-7.4213],[112.7827,-7.4208],[112.7806,-7.4204]]],[[[112.7882,-7.4203],[112.7891,-7.4196],[112.7899,-7.4203],[112.7905,-7.4211],[112.7913,-7.4218],[112.7916,-7.4228],[112.7913,-7.4238],[112.7908,-7.4247],[112.7902,-7.4256],[112.7903,-7.4266],[112.7904,-7.4276],[112.7899,-7.4285],[112.789,-7.429],[112.7866,-7.428],[112.788,-7.4289],[112.7876,-7.4299],[112.7876,-7.4309],[112.7873,-7.4319],[112.7877,-7.4328],[112.7877,-7.4338],[112.7881,-7.4348],[112.7887,-7.4357],[112.7891,-7.4367],[112.7891,-7.4377],[112.7898,-7.4384],[112.7906,-7.4391],[112.7916,-7.4395],[112.7927,-7.4396],[112.7937,-7.4394],[112.7952,-7.439],[112.7962,-7.4379],[112.7962,-7.4367],[112.7975,-7.4362],[112.7989,-7.436],[112.7977,-7.436],[112.7965,-7.4362],[112.7962,-7.4372],[112.796,-7.4385],[112.7945,-7.4392],[112.7932,-7.4395],[112.7921,-7.4396],[112.7911,-7.4394],[112.7902,-7.4389],[112.7895,-7.4381],[112.789,-7.4372],[112.789,-7.4362],[112.7884,-7.4353],[112.7879,-7.4344],[112.7877,-7.4333],[112.7875,-7.4323],[112.7875,-7.4313],[112.7875,-7.4303],[112.7879,-7.4294],[112.7888,-7.429],[112.7898,-7.4287],[112.7903,-7.4278],[112.7904,-7.4268],[112.7902,-7.4258],[112.7906,-7.4249],[112.7912,-7.424],[112.7915,-7.423],[112.7915,-7.422],[112.7908,-7.4213],[112.79,-7.4205],[112.7896,-7.4196],[112.7885,-7.4186],[112.7894,-7.4191],[112.7882,-7.4203]]],[[[112.7781,-7.4275],[112.7771,-7.4276],[112.7756,-7.4277],[112.7769,-7.4276],[112.7781,-7.4275]]],[[[112.7691,-7.4254],[112.7681,-7.4257],[112.7679,-7.4271],[112.7679,-7.4282],[112.7678,-7.4294],[112.7686,-7.43],[112.7695,-7.4304],[112.7684,-7.43],[112.7679,-7.4291],[112.7679,-7.428],[112.7679,-7.426],[112.7691,-7.4254]]],[[[112.7576,-7.4186],[112.7572,-7.4176],[112.7565,-7.4167],[112.7571,-7.4176],[112.7576,-7.4186]]],[[[112.7537,-7.4062],[112.7549,-7.4068],[112.7538,-7.4066],[112.7541,-7.4051],[112.7544,-7.4037],[112.7541,-7.4048],[112.7539,-7.406],[112.7526,-7.4059],[112.7513,-7.4056],[112.7506,-7.4065],[112.7502,-7.4087],[112.7506,-7.4069],[112.7509,-7.4058],[112.7521,-7.4058],[112.7531,-7.406],[112.7537,-7.4062]]],[[[112.7555,-7.4234],[112.7549,-7.422],[112.7546,-7.421],[112.7536,-7.4208],[112.7524,-7.4198],[112.7523,-7.4188],[112.7514,-7.418],[112.7505,-7.4185],[112.7495,-7.4191],[112.7487,-7.4209],[112.749,-7.419],[112.75,-7.4186],[112.751,-7.4184],[112.7522,-7.4181],[112.7523,-7.4191],[112.7527,-7.4204],[112.7538,-7.4207],[112.7548,-7.4212],[112.7548,-7.4227],[112.7555,-7.4234]]],[[[112.6642,-7.4652],[112.6644,-7.4641],[112.6653,-7.4637],[112.6655,-7.4627],[112.6647,-7.4621],[112.6639,-7.4614],[112.6628,-7.4609],[112.6615,-7.4604],[112.6605,-7.4599],[112.6605,-7.4584],[112.6606,-7.4573],[112.6608,-7.4562],[112.6621,-7.4557],[112.661,-7.4554],[112.6615,-7.4524],[112.6622,-7.4503],[112.6633,-7.45],[112.6643,-7.4502],[112.6648,-7.4492],[112.6655,-7.4477],[112.6659,-7.4459],[112.6656,-7.447],[112.6652,-7.4485],[112.6647,-7.4496],[112.6636,-7.45],[112.6626,-7.4501],[112.6618,-7.4516],[112.6605,-7.4553],[112.6608,-7.4564],[112.6605,-7.4575],[112.6603,-7.459],[112.6609,-7.4601],[112.6621,-7.4607],[112.6633,-7.4611],[112.6642,-7.4617],[112.6653,-7.4623],[112.6654,-7.4634],[112.6645,-7.4638],[112.6642,-7.4652]]],[[[112.4878,-7.445],[112.4878,-7.4437],[112.4879,-7.4426],[112.488,-7.4414],[112.4879,-7.4425],[112.4878,-7.4435],[112.4878,-7.445]]],[[[112.6878,-7.4871],[112.6871,-7.4888],[112.6867,-7.4898],[112.6862,-7.4908],[112.6848,-7.4911],[112.686,-7.4915],[112.6864,-7.4904],[112.6869,-7.4894],[112.6878,-7.4871]]],[[[112.6759,-7.4879],[112.675,-7.49],[112.6745,-7.4911],[112.6741,-7.4922],[112.6733,-7.4928],[112.672,-7.4925],[112.6708,-7.4918],[112.6716,-7.4924],[112.6726,-7.4927],[112.6725,-7.4928],[112.6735,-7.4926],[112.6742,-7.4917],[112.6747,-7.4906],[112.6759,-7.4879]]],[[[112.6701,-7.4908],[112.669,-7.4905],[112.6678,-7.491],[112.6674,-7.49],[112.667,-7.4884],[112.6669,-7.4895],[112.6674,-7.4907],[112.6686,-7.4905],[112.6701,-7.4908]]],[[[112.6675,-7.4855],[112.6677,-7.4841],[112.6667,-7.4839],[112.6657,-7.4842],[112.6645,-7.4841],[112.6634,-7.4843],[112.6629,-7.489],[112.6618,-7.4889],[112.6607,-7.4886],[112.6601,-7.4896],[112.66,-7.4908],[112.6606,-7.4921],[112.6599,-7.4913],[112.66,-7.4899],[112.6603,-7.4887],[112.6616,-7.4889],[112.6629,-7.4891],[112.6642,-7.4845],[112.6652,-7.4841],[112.6665,-7.4839],[112.6675,-7.4839],[112.6675,-7.4855]]],[[[112.7007,-7.4034],[112.701,-7.4022],[112.7013,-7.4012],[112.7018,-7.4002],[112.7016,-7.3988],[112.701,-7.398],[112.6997,-7.3974],[112.7007,-7.3979],[112.7017,-7.3983],[112.7015,-7.3993],[112.7016,-7.4005],[112.7011,-7.4017],[112.7007,-7.403],[112.7002,-7.4039],[112.7,-7.4051],[112.6979,-7.405],[112.6962,-7.4045],[112.6951,-7.4041],[112.6941,-7.4039],[112.6931,-7.4036],[112.6917,-7.4033],[112.69,-7.4029],[112.6911,-7.4031],[112.6923,-7.4034],[112.6935,-7.4037],[112.6947,-7.404],[112.6959,-7.4044],[112.6971,-7.4048],[112.699,-7.4053],[112.7001,-7.4054],[112.7002,-7.4053],[112.7001,-7.4042],[112.7007,-7.4034]]],[[[112.8239,-7.5093],[112.8237,-7.5105],[112.8233,-7.5115],[112.8227,-7.5132],[112.8218,-7.5154],[112.8225,-7.5138],[112.823,-7.5123],[112.8236,-7.5108],[112.8239,-7.5093]]],[[[112.8189,-7.5199],[112.8159,-7.5212],[112.8148,-7.5219],[112.8141,-7.523],[112.8138,-7.5249],[112.8127,-7.5256],[112.8115,-7.5256],[112.8106,-7.5252],[112.81,-7.5237],[112.8094,-7.5227],[112.8084,-7.5224],[112.8077,-7.5214],[112.8066,-7.5213],[112.805,-7.521],[112.8035,-7.5205],[112.8047,-7.5209],[112.8058,-7.5213],[112.807,-7.5212],[112.808,-7.5216],[112.8087,-7.5224],[112.8097,-7.5231],[112.8103,-7.5244],[112.8108,-7.5255],[112.8119,-7.5256],[112.8132,-7.5256],[112.8138,-7.5253],[112.8144,-7.5268],[112.8152,-7.5287],[112.8157,-7.5298],[112.8153,-7.5313],[112.8159,-7.5328],[112.8156,-7.5317],[112.8151,-7.5304],[112.8157,-7.5293],[112.8146,-7.5275],[112.814,-7.5256],[112.814,-7.5238],[112.8145,-7.5224],[112.8152,-7.5216],[112.8189,-7.5199]]],[[[112.8024,-7.5203],[112.8013,-7.5203],[112.8001,-7.5198],[112.8011,-7.5199],[112.8001,-7.5208],[112.8011,-7.5203],[112.8024,-7.5203]]],[[[112.7937,-7.5156],[112.7939,-7.5145],[112.7941,-7.5133],[112.7946,-7.512],[112.7941,-7.5111],[112.7936,-7.51],[112.7944,-7.5094],[112.7937,-7.5104],[112.7945,-7.5113],[112.7944,-7.5125],[112.794,-7.5136],[112.7939,-7.5146],[112.7937,-7.5156]]],[[[112.7947,-7.508],[112.7951,-7.5067],[112.7959,-7.5059],[112.7961,-7.5047],[112.7959,-7.5058],[112.7951,-7.5066],[112.7947,-7.508]]],[[[112.7956,-7.5026],[112.796,-7.5015],[112.797,-7.5015],[112.7985,-7.5018],[112.7974,-7.5017],[112.7964,-7.5013],[112.7956,-7.5026]]],[[[112.8016,-7.5011],[112.8024,-7.5004],[112.8031,-7.4996],[112.8035,-7.4986],[112.8034,-7.4975],[112.8037,-7.4965],[112.8035,-7.4954],[112.8026,-7.4949],[112.8021,-7.4939],[112.8014,-7.4931],[112.8004,-7.4927],[112.7996,-7.4918],[112.7991,-7.4907],[112.7982,-7.4902],[112.7974,-7.4896],[112.7968,-7.4888],[112.7959,-7.4882],[112.7948,-7.4878],[112.7938,-7.4883],[112.7925,-7.4885],[112.7914,-7.4887],[112.7906,-7.4881],[112.7896,-7.4884],[112.7886,-7.4881],[112.7875,-7.4877],[112.7867,-7.4869],[112.7855,-7.4865],[112.7865,-7.4867],[112.7871,-7.4876],[112.7882,-7.4879],[112.7891,-7.4886],[112.7902,-7.4881],[112.7912,-7.4886],[112.7922,-7.4885],[112.7933,-7.4886],[112.7941,-7.4879],[112.7952,-7.4879],[112.7961,-7.4883],[112.7971,-7.4892],[112.7979,-7.4899],[112.7989,-7.4905],[112.7994,-7.4914],[112.8001,-7.4925],[112.8011,-7.493],[112.802,-7.4936],[112.8024,-7.4946],[112.8032,-7.4953],[112.8038,-7.4962],[112.8034,-7.4972],[112.8034,-7.4982],[112.8033,-7.4992],[112.8026,-7.5003],[112.8016,-7.5011]]],[[[112.7843,-7.4857],[112.7834,-7.4851],[112.7826,-7.4843],[112.7834,-7.485],[112.7843,-7.4857]]],[[[112.7804,-7.484],[112.7799,-7.485],[112.7792,-7.4858],[112.7781,-7.4861],[112.7791,-7.4859],[112.7799,-7.4851],[112.7804,-7.484]]],[[[112.7764,-7.4851],[112.7752,-7.4844],[112.774,-7.4845],[112.773,-7.4851],[112.7723,-7.486],[112.7727,-7.4875],[112.7734,-7.4883],[112.7737,-7.4894],[112.7737,-7.4904],[112.7735,-7.4917],[112.7724,-7.4917],[112.7714,-7.4912],[112.7709,-7.4903],[112.7703,-7.4895],[112.7711,-7.4903],[112.7716,-7.4914],[112.7727,-7.4916],[112.7737,-7.4911],[112.7736,-7.4899],[112.7731,-7.4889],[112.7729,-7.4877],[112.7724,-7.4866],[112.7724,-7.4855],[112.7733,-7.4848],[112.7744,-7.4845],[112.7756,-7.4845],[112.7764,-7.4851]]],[[[112.7623,-7.4783],[112.7617,-7.4773],[112.7603,-7.4773],[112.7593,-7.4778],[112.7588,-7.4763],[112.7577,-7.4764],[112.7571,-7.4755],[112.7559,-7.4753],[112.7548,-7.475],[112.7538,-7.475],[112.753,-7.4744],[112.7539,-7.475],[112.7551,-7.475],[112.7562,-7.4753],[112.7572,-7.4757],[112.7584,-7.4762],[112.7587,-7.4773],[112.7598,-7.4779],[112.7611,-7.4773],[112.7623,-7.4773],[112.7623,-7.4783]]],[[[112.7443,-7.4716],[112.7422,-7.4715],[112.7419,-7.4724],[112.7443,-7.4716]]],[[[112.7399,-7.4723],[112.7389,-7.4722],[112.7378,-7.4723],[112.7368,-7.4723],[112.7357,-7.4722],[112.7347,-7.4724],[112.7339,-7.4731],[112.7329,-7.4729],[112.7318,-7.4722],[112.7308,-7.4717],[112.7317,-7.4722],[112.7324,-7.4729],[112.7336,-7.4731],[112.7343,-7.4723],[112.7353,-7.4725],[112.7364,-7.4724],[112.7375,-7.4723],[112.7387,-7.4722],[112.7399,-7.4723]]],[[[112.7336,-7.3905],[112.734,-7.3914],[112.7336,-7.3925],[112.7337,-7.3939],[112.7338,-7.3928],[112.7341,-7.3918],[112.7336,-7.3905]]],[[[112.5752,-7.4664],[112.5742,-7.4663],[112.5732,-7.4665],[112.5723,-7.4659],[112.5713,-7.4659],[112.5705,-7.4653],[112.5698,-7.4645],[112.5691,-7.4637],[112.5685,-7.4628],[112.5675,-7.463],[112.5664,-7.4631],[112.5652,-7.4639],[112.564,-7.464],[112.5651,-7.4642],[112.5656,-7.4631],[112.5666,-7.4631],[112.5678,-7.4629],[112.5688,-7.4633],[112.5695,-7.4641],[112.5701,-7.4649],[112.5709,-7.4656],[112.5712,-7.4668],[112.5709,-7.4678],[112.57,-7.4683],[112.5693,-7.4694],[112.5696,-7.4684],[112.5706,-7.4682],[112.5711,-7.4673],[112.5714,-7.4662],[112.5725,-7.4659],[112.5735,-7.466],[112.5744,-7.4666],[112.5752,-7.4664]]],[[[112.5743,-7.4797],[112.5733,-7.4796],[112.5729,-7.4807],[112.5733,-7.4797],[112.5743,-7.4797]]],[[[112.7169,-7.4905],[112.7158,-7.4901],[112.7152,-7.4892],[112.7158,-7.49],[112.7169,-7.4905]]],[[[112.7142,-7.4887],[112.7132,-7.4884],[112.7126,-7.4901],[112.7132,-7.4883],[112.7142,-7.4887]]],[[[112.6495,-7.5043],[112.6471,-7.5036],[112.6485,-7.504],[112.6495,-7.5043]]],[[[112.6469,-7.4924],[112.6481,-7.4922],[112.6507,-7.4922],[112.6483,-7.4919],[112.6469,-7.4924]]],[[[112.6979,-7.3623],[112.6967,-7.3623],[112.6966,-7.3638],[112.6963,-7.3627],[112.6979,-7.3623]]],[[[112.698,-7.3668],[112.6979,-7.3678],[112.6979,-7.3691],[112.6979,-7.368],[112.698,-7.3668]]],[[[112.7271,-7.5079],[112.7267,-7.509],[112.7262,-7.5102],[112.7255,-7.512],[112.7261,-7.5104],[112.7266,-7.5093],[112.7271,-7.5079]]],[[[112.7282,-7.5152],[112.7291,-7.5158],[112.7301,-7.5164],[112.7292,-7.5159],[112.7282,-7.5152]]],[[[112.72,-7.5091],[112.7202,-7.5081],[112.7206,-7.5067],[112.7202,-7.5079],[112.72,-7.5091]]],[[[112.756,-7.4007],[112.7554,-7.4016],[112.7546,-7.4026],[112.7553,-7.4017],[112.756,-7.4007]]],[[[112.6714,-7.3671],[112.6704,-7.3674],[112.6693,-7.3669],[112.6703,-7.3673],[112.6714,-7.3671]]],[[[112.5546,-7.4211],[112.5546,-7.4223],[112.5534,-7.4225],[112.5524,-7.4224],[112.5542,-7.4226],[112.5546,-7.4211]]],[[[112.5244,-7.4315],[112.5239,-7.4329],[112.5236,-7.4342],[112.5233,-7.4355],[112.5231,-7.4369],[112.5227,-7.4388],[112.5219,-7.4395],[112.5212,-7.4385],[112.52,-7.4381],[112.5177,-7.4381],[112.5164,-7.4382],[112.5153,-7.4389],[112.5164,-7.4389],[112.5175,-7.4381],[112.5192,-7.438],[112.5209,-7.4383],[112.5211,-7.4393],[112.5221,-7.4395],[112.5227,-7.4393],[112.5244,-7.4394],[112.5256,-7.4392],[112.5272,-7.4392],[112.5287,-7.4392],[112.5276,-7.4392],[112.5265,-7.4392],[112.5248,-7.4393],[112.5237,-7.4394],[112.5227,-7.4395],[112.523,-7.4377],[112.5232,-7.4362],[112.5234,-7.4351],[112.5237,-7.4337],[112.5244,-7.4315]]],[[[112.6132,-7.4713],[112.612,-7.4711],[112.611,-7.4708],[112.612,-7.471],[112.6132,-7.4713]]],[[[112.6285,-7.3942],[112.6274,-7.3942],[112.6261,-7.3941],[112.6255,-7.3951],[112.6255,-7.3962],[112.6257,-7.3972],[112.6256,-7.3984],[112.6257,-7.3974],[112.6255,-7.3964],[112.6251,-7.3953],[112.6262,-7.3948],[112.6272,-7.3942],[112.6285,-7.3942]]],[[[112.6199,-7.3931],[112.6202,-7.3917],[112.62,-7.3927],[112.6189,-7.3928],[112.6179,-7.3923],[112.6167,-7.3922],[112.6177,-7.3922],[112.6187,-7.3926],[112.6198,-7.3931],[112.6199,-7.3931]]],[[[112.712,-7.5369],[112.7114,-7.5378],[112.7106,-7.5387],[112.7113,-7.5379],[112.712,-7.5369]]],[[[112.6145,-7.455],[112.6134,-7.455],[112.6133,-7.4561],[112.6133,-7.4551],[112.6145,-7.455]]],[[[112.7388,-7.5563],[112.7382,-7.558],[112.7367,-7.5575],[112.7349,-7.5593],[112.7358,-7.5573],[112.7379,-7.5579],[112.7388,-7.5563]]],[[[112.7343,-7.5535],[112.7331,-7.5528],[112.731,-7.5518],[112.7323,-7.5524],[112.7343,-7.5535]]],[[[112.6555,-7.5219],[112.6542,-7.5215],[112.6532,-7.5214],[112.6555,-7.5219]]],[[[112.5882,-7.4142],[112.5886,-7.4132],[112.5887,-7.4122],[112.5887,-7.4111],[112.5889,-7.41],[112.5888,-7.411],[112.5887,-7.4121],[112.5887,-7.4131],[112.5882,-7.4142]]],[[[112.6352,-7.4373],[112.6364,-7.4376],[112.6356,-7.4385],[112.6346,-7.4394],[112.6354,-7.4386],[112.6364,-7.4378],[112.6385,-7.4381],[112.6367,-7.4378],[112.6352,-7.4373]]],[[[112.6379,-7.4397],[112.6375,-7.4413],[112.6372,-7.4424],[112.6369,-7.4436],[112.6392,-7.4452],[112.64,-7.4458],[112.641,-7.4454],[112.6413,-7.4469],[112.6413,-7.4483],[112.6418,-7.4493],[112.6407,-7.4489],[112.6395,-7.4489],[112.6378,-7.4492],[112.6391,-7.449],[112.6404,-7.4488],[112.6417,-7.4494],[112.6433,-7.45],[112.6423,-7.4498],[112.6414,-7.4486],[112.6413,-7.4471],[112.6412,-7.4459],[112.6402,-7.4457],[112.6392,-7.4454],[112.6368,-7.444],[112.637,-7.4429],[112.6375,-7.4415],[112.6379,-7.4397]]],[[[112.7018,-7.4156],[112.7007,-7.4152],[112.7001,-7.4142],[112.6996,-7.4123],[112.6993,-7.414],[112.7001,-7.4151],[112.7012,-7.4154],[112.7018,-7.4156]]],[[[112.6953,-7.4106],[112.6953,-7.412],[112.6952,-7.4133],[112.6965,-7.4134],[112.6982,-7.4138],[112.6981,-7.4149],[112.6992,-7.4153],[112.7001,-7.416],[112.7012,-7.4168],[112.7024,-7.4172],[112.7025,-7.4193],[112.703,-7.4179],[112.703,-7.4167],[112.7018,-7.4171],[112.7008,-7.4166],[112.7001,-7.4156],[112.6989,-7.4152],[112.6982,-7.4144],[112.6971,-7.4136],[112.696,-7.4133],[112.6952,-7.4126],[112.6953,-7.4106]]],[[[112.6878,-7.4092],[112.6888,-7.4077],[112.6895,-7.4067],[112.6898,-7.4051],[112.6899,-7.4041],[112.6896,-7.4061],[112.6893,-7.407],[112.6878,-7.4092]]],[[[112.6967,-7.5409],[112.6956,-7.5408],[112.6946,-7.5413],[112.6955,-7.5408],[112.6967,-7.5409]]],[[[112.687,-7.5409],[112.6854,-7.5406],[112.684,-7.5404],[112.6852,-7.5406],[112.687,-7.5409]]],[[[112.806,-7.4404],[112.8051,-7.4399],[112.8041,-7.4391],[112.8036,-7.4376],[112.8039,-7.4388],[112.8049,-7.4397],[112.806,-7.4404]]],[[[112.7356,-7.5119],[112.7368,-7.5118],[112.7377,-7.5114],[112.7366,-7.5118],[112.7357,-7.5112],[112.7345,-7.5117],[112.7331,-7.5115],[112.7344,-7.5117],[112.7354,-7.5118],[112.7356,-7.5119]]],[[[112.7296,-7.5076],[112.7305,-7.5081],[112.7306,-7.5092],[112.7311,-7.5102],[112.7306,-7.5093],[112.7305,-7.5082],[112.7296,-7.5076]]],[[[112.5631,-7.4527],[112.5621,-7.4531],[112.5616,-7.4542],[112.5612,-7.4554],[112.5609,-7.4565],[112.5612,-7.4555],[112.5615,-7.4544],[112.562,-7.4532],[112.5631,-7.4527]]],[[[112.6364,-7.5098],[112.635,-7.5096],[112.6344,-7.5107],[112.6346,-7.5095],[112.6364,-7.5098]]],[[[112.6762,-7.5294],[112.6753,-7.531],[112.6744,-7.5327],[112.6738,-7.5341],[112.6744,-7.5328],[112.6749,-7.5317],[112.6757,-7.5302],[112.6766,-7.5296],[112.6758,-7.529],[112.6762,-7.5294]]],[[[112.6732,-7.5352],[112.6723,-7.5347],[112.6714,-7.5371],[112.6709,-7.5381],[112.6715,-7.5372],[112.6728,-7.5352],[112.6732,-7.5352]]],[[[112.67,-7.5325],[112.6693,-7.5317],[112.6685,-7.5308],[112.6692,-7.5316],[112.67,-7.5325]]],[[[112.6716,-7.5247],[112.6723,-7.5255],[112.6738,-7.5272],[112.6729,-7.5262],[112.6716,-7.5247]]],[[[112.7414,-7.537],[112.7418,-7.5382],[112.7423,-7.5372],[112.7427,-7.5361],[112.7445,-7.5341],[112.7461,-7.5342],[112.745,-7.5336],[112.743,-7.5352],[112.7426,-7.5364],[112.7414,-7.537]]],[[[112.6691,-7.4203],[112.6688,-7.4193],[112.6678,-7.4187],[112.6669,-7.4177],[112.6675,-7.4186],[112.6684,-7.4192],[112.6691,-7.4203]]],[[[112.6656,-7.4148],[112.6666,-7.4149],[112.6678,-7.4126],[112.6673,-7.4143],[112.666,-7.4147],[112.6654,-7.4136],[112.6655,-7.4125],[112.6644,-7.4121],[112.6654,-7.4123],[112.6654,-7.4135],[112.6656,-7.4148]]],[[[112.7211,-7.4814],[112.7221,-7.4816],[112.7232,-7.4823],[112.7224,-7.4817],[112.7211,-7.4814]]],[[[112.717,-7.5573],[112.716,-7.5579],[112.7138,-7.5579],[112.7151,-7.5579],[112.717,-7.5573]]],[[[112.7664,-7.5712],[112.7674,-7.5714],[112.7684,-7.5698],[112.7685,-7.5683],[112.7694,-7.5671],[112.7708,-7.5668],[112.7698,-7.5669],[112.7689,-7.5683],[112.7685,-7.5692],[112.7678,-7.571],[112.7664,-7.5712]]],[[[112.6531,-7.5312],[112.6528,-7.5326],[112.6526,-7.5338],[112.6524,-7.5348],[112.6512,-7.5351],[112.6501,-7.5348],[112.6491,-7.5347],[112.6495,-7.5357],[112.6467,-7.5348],[112.6495,-7.536],[112.6489,-7.5349],[112.6499,-7.5347],[112.651,-7.535],[112.6521,-7.5351],[112.6525,-7.5342],[112.6527,-7.533],[112.6531,-7.5312]]],[[[112.7331,-7.3559],[112.7316,-7.3557],[112.7304,-7.3555],[112.7315,-7.3557],[112.7331,-7.3559]]],[[[112.7098,-7.3513],[112.7096,-7.3523],[112.7092,-7.3539],[112.7098,-7.356],[112.71,-7.357],[112.7101,-7.358],[112.7098,-7.3567],[112.7099,-7.3544],[112.7094,-7.3532],[112.7098,-7.3513]]],[[[112.5693,-7.4213],[112.568,-7.4212],[112.5667,-7.4211],[112.566,-7.4221],[112.5661,-7.421],[112.5673,-7.4212],[112.5693,-7.4213]]],[[[112.5654,-7.4094],[112.5666,-7.4096],[112.568,-7.4097],[112.5669,-7.4096],[112.5654,-7.4094]]],[[[112.7493,-7.4398],[112.7499,-7.4407],[112.7504,-7.4416],[112.7518,-7.4418],[112.7532,-7.4423],[112.7543,-7.4426],[112.7554,-7.4432],[112.7569,-7.4431],[112.7578,-7.4426],[112.7591,-7.4425],[112.7599,-7.4432],[112.7605,-7.4441],[112.7613,-7.4447],[112.7623,-7.4449],[112.7633,-7.4451],[112.7643,-7.4456],[112.7652,-7.446],[112.766,-7.4466],[112.765,-7.4459],[112.7639,-7.4455],[112.763,-7.445],[112.762,-7.4449],[112.761,-7.4446],[112.7602,-7.4436],[112.7596,-7.4428],[112.7582,-7.4424],[112.7572,-7.4429],[112.7563,-7.4434],[112.7552,-7.443],[112.7538,-7.4426],[112.7527,-7.4421],[112.7511,-7.4419],[112.7501,-7.4412],[112.7496,-7.4401],[112.7485,-7.4391],[112.7474,-7.4385],[112.7461,-7.438],[112.7455,-7.4368],[112.7444,-7.4366],[112.743,-7.4361],[112.7424,-7.4351],[112.7417,-7.4335],[112.7423,-7.4348],[112.7427,-7.4357],[112.7436,-7.4363],[112.7448,-7.4365],[112.7457,-7.4372],[112.7466,-7.4383],[112.7478,-7.4387],[112.7493,-7.4396],[112.7484,-7.4401],[112.7479,-7.441],[112.7487,-7.4399],[112.7493,-7.4398]]],[[[112.735,-7.4371],[112.7366,-7.438],[112.7376,-7.4377],[112.735,-7.4371]]],[[[112.6469,-7.4813],[112.6474,-7.4804],[112.6485,-7.4809],[112.6495,-7.4819],[112.6488,-7.4811],[112.6478,-7.4806],[112.6465,-7.4797],[112.645,-7.4789],[112.6456,-7.478],[112.6446,-7.4786],[112.6457,-7.4793],[112.6472,-7.4803],[112.6469,-7.4813]]],[[[112.6405,-7.4764],[112.6415,-7.477],[112.6425,-7.4775],[112.6437,-7.478],[112.6426,-7.4775],[112.6416,-7.4771],[112.6405,-7.4764]]],[[[112.6832,-7.4975],[112.6837,-7.4964],[112.6843,-7.4951],[112.6849,-7.4941],[112.6856,-7.4925],[112.6852,-7.4935],[112.6847,-7.4945],[112.6839,-7.4959],[112.6832,-7.4975]]],[[[112.558,-7.4632],[112.557,-7.4635],[112.5562,-7.4642],[112.555,-7.4652],[112.5543,-7.4664],[112.5548,-7.4654],[112.556,-7.4644],[112.5569,-7.4637],[112.558,-7.4632]]],[[[112.6365,-7.3853],[112.6358,-7.3863],[112.6347,-7.387],[112.6356,-7.3865],[112.6366,-7.386],[112.6376,-7.3868],[112.638,-7.3878],[112.6393,-7.3879],[112.6381,-7.388],[112.6376,-7.387],[112.6368,-7.3863],[112.6365,-7.3853]]],[[[112.4775,-7.4352],[112.4774,-7.4362],[112.4744,-7.4362],[112.4773,-7.4363],[112.4775,-7.4352]]],[[[112.4733,-7.4361],[112.472,-7.436],[112.4702,-7.4353],[112.4712,-7.4358],[112.4726,-7.4361],[112.4719,-7.4392],[112.4724,-7.4366],[112.4733,-7.4361]]],[[[112.6242,-7.5005],[112.6243,-7.5016],[112.6244,-7.5026],[112.626,-7.5031],[112.6249,-7.5029],[112.6242,-7.502],[112.6242,-7.5005]]],[[[112.6179,-7.5139],[112.6182,-7.5126],[112.6172,-7.5116],[112.6158,-7.511],[112.6148,-7.5105],[112.6138,-7.51],[112.6146,-7.5094],[112.6158,-7.5088],[112.6168,-7.5083],[112.6177,-7.5078],[112.617,-7.5065],[112.6174,-7.5054],[112.617,-7.5064],[112.6178,-7.5072],[112.6171,-7.5081],[112.6161,-7.5086],[112.6151,-7.5092],[112.6141,-7.5095],[112.6128,-7.5086],[112.6121,-7.5079],[112.6133,-7.5092],[112.6141,-7.5104],[112.6152,-7.5107],[112.6165,-7.5113],[112.618,-7.5124],[112.6179,-7.5139]]],[[[112.7687,-7.5314],[112.7702,-7.5316],[112.7716,-7.5328],[112.7707,-7.5323],[112.7695,-7.5314],[112.7679,-7.5314],[112.7687,-7.5314]]],[[[112.7698,-7.5416],[112.7688,-7.5417],[112.7676,-7.5419],[112.765,-7.5416],[112.7667,-7.5418],[112.7683,-7.5418],[112.7698,-7.5416]]],[[[112.759,-7.5408],[112.7589,-7.5392],[112.7586,-7.5402],[112.7563,-7.5405],[112.7579,-7.5407],[112.759,-7.5408]]],[[[112.7592,-7.5379],[112.7595,-7.5368],[112.7598,-7.5352],[112.7615,-7.533],[112.7598,-7.5343],[112.7596,-7.5362],[112.7592,-7.5379]]],[[[112.8139,-7.5494],[112.815,-7.549],[112.8167,-7.5478],[112.8158,-7.5485],[112.8139,-7.5494]]],[[[112.8198,-7.5386],[112.8198,-7.5375],[112.8196,-7.5362],[112.819,-7.5348],[112.8194,-7.5357],[112.8199,-7.5371],[112.8198,-7.5386]]],[[[112.7316,-7.3621],[112.7314,-7.3606],[112.7315,-7.3593],[112.7317,-7.3567],[112.7315,-7.3587],[112.7315,-7.36],[112.7315,-7.3611],[112.7316,-7.3621]]],[[[112.6306,-7.4237],[112.6296,-7.4236],[112.6284,-7.4234],[112.6295,-7.4236],[112.6306,-7.4237]]],[[[112.7131,-7.4706],[112.712,-7.4706],[112.7111,-7.4701],[112.7101,-7.4699],[112.7112,-7.4701],[112.7121,-7.4706],[112.7131,-7.4706]]],[[[112.693,-7.3793],[112.693,-7.3812],[112.6936,-7.3821],[112.6952,-7.3828],[112.6941,-7.3822],[112.6931,-7.3819],[112.6932,-7.3803],[112.693,-7.3793]]],[[[112.7241,-7.3564],[112.7237,-7.358],[112.7224,-7.3582],[112.7234,-7.3584],[112.7241,-7.3564]]],[[[112.4935,-7.4336],[112.4965,-7.434],[112.4977,-7.4341],[112.4988,-7.4337],[112.5003,-7.4335],[112.5022,-7.4345],[112.5031,-7.4356],[112.5031,-7.4368],[112.5041,-7.4379],[112.503,-7.4377],[112.5032,-7.4356],[112.5023,-7.435],[112.5008,-7.4342],[112.4996,-7.4338],[112.4981,-7.434],[112.4969,-7.4341],[112.4935,-7.4336]]],[[[112.7548,-7.3641],[112.7558,-7.3642],[112.7568,-7.3644],[112.7581,-7.3645],[112.7594,-7.3641],[112.7582,-7.3642],[112.7571,-7.3644],[112.756,-7.3642],[112.7548,-7.3641]]],[[[112.761,-7.3642],[112.7615,-7.3652],[112.7626,-7.3656],[112.7616,-7.3652],[112.761,-7.3642]]],[[[112.6651,-7.405],[112.6638,-7.4054],[112.6636,-7.4066],[112.6631,-7.4079],[112.6627,-7.4093],[112.6624,-7.4106],[112.6614,-7.4114],[112.6604,-7.4109],[112.6595,-7.4103],[112.6598,-7.4114],[112.6609,-7.4112],[112.662,-7.4115],[112.6622,-7.4115],[112.6625,-7.4101],[112.6628,-7.4088],[112.6635,-7.4074],[112.6638,-7.4055],[112.6651,-7.405]]],[[[112.7668,-7.5226],[112.766,-7.5234],[112.765,-7.5234],[112.7638,-7.5224],[112.7628,-7.522],[112.7619,-7.5215],[112.7609,-7.5206],[112.76,-7.5201],[112.7591,-7.5194],[112.7581,-7.5195],[112.7593,-7.5195],[112.7605,-7.5204],[112.7614,-7.521],[112.7624,-7.5215],[112.7633,-7.5221],[112.7644,-7.5227],[112.7655,-7.5234],[112.7668,-7.5226]]],[[[112.7544,-7.5203],[112.7534,-7.5203],[112.7523,-7.5209],[112.7532,-7.5205],[112.7544,-7.5203]]],[[[112.8157,-7.5368],[112.8141,-7.5375],[112.813,-7.5381],[112.8115,-7.5385],[112.8125,-7.5383],[112.8136,-7.5378],[112.8151,-7.537],[112.8157,-7.5368]]],[[[112.8101,-7.5385],[112.8088,-7.5385],[112.8073,-7.5383],[112.806,-7.5379],[112.8046,-7.5377],[112.8036,-7.5373],[112.8026,-7.5368],[112.8016,-7.5366],[112.8029,-7.5369],[112.8041,-7.5375],[112.8055,-7.5379],[112.8065,-7.5381],[112.8079,-7.5383],[112.8101,-7.5385]]],[[[112.7947,-7.5361],[112.7934,-7.5361],[112.7918,-7.536],[112.7894,-7.5352],[112.7882,-7.5347],[112.787,-7.5339],[112.786,-7.5332],[112.7852,-7.5325],[112.7841,-7.5325],[112.7832,-7.5334],[112.7821,-7.5339],[112.7798,-7.5345],[112.7794,-7.5336],[112.7812,-7.534],[112.7827,-7.5338],[112.7835,-7.5331],[112.7843,-7.5324],[112.7856,-7.5327],[112.7865,-7.5336],[112.7877,-7.5344],[112.7891,-7.5351],[112.7911,-7.5358],[112.7925,-7.536],[112.7947,-7.5361]]],[[[112.7789,-7.5327],[112.7779,-7.5324],[112.777,-7.5331],[112.7754,-7.5329],[112.7767,-7.5332],[112.7777,-7.5326],[112.7789,-7.5327]]],[[[112.7481,-7.5345],[112.7493,-7.5348],[112.7501,-7.5339],[112.7495,-7.5348],[112.7481,-7.5345]]],[[[112.7511,-7.5321],[112.7523,-7.5309],[112.7521,-7.5293],[112.7535,-7.5286],[112.7542,-7.5278],[112.7551,-7.5265],[112.7564,-7.5264],[112.7575,-7.5261],[112.7583,-7.5254],[112.7598,-7.5261],[112.7609,-7.5264],[112.7622,-7.5271],[112.7632,-7.5271],[112.7645,-7.527],[112.7659,-7.5273],[112.7668,-7.5279],[112.7677,-7.5274],[112.7686,-7.5268],[112.7699,-7.5265],[112.7713,-7.5265],[112.7729,-7.5261],[112.774,-7.5257],[112.7749,-7.5271],[112.7757,-7.5278],[112.7775,-7.5274],[112.7788,-7.5269],[112.7798,-7.5272],[112.7807,-7.5282],[112.7817,-7.5285],[112.7829,-7.5283],[112.7842,-7.5275],[112.7855,-7.5275],[112.7845,-7.5274],[112.7832,-7.528],[112.7823,-7.5284],[112.7813,-7.5283],[112.7802,-7.5278],[112.7795,-7.5269],[112.778,-7.5271],[112.7766,-7.5277],[112.7752,-7.5275],[112.7745,-7.5261],[112.7735,-7.5258],[112.7721,-7.5264],[112.7707,-7.5265],[112.7694,-7.5266],[112.768,-7.5271],[112.7672,-7.5278],[112.7661,-7.5275],[112.7652,-7.5267],[112.7641,-7.5271],[112.7626,-7.5271],[112.7615,-7.5267],[112.7604,-7.5262],[112.7592,-7.5256],[112.758,-7.5255],[112.7571,-7.526],[112.7559,-7.5264],[112.7546,-7.5272],[112.7542,-7.5281],[112.7528,-7.5287],[112.752,-7.5301],[112.7521,-7.5322],[112.7511,-7.5321]]],[[[112.7966,-7.5231],[112.7984,-7.5224],[112.7976,-7.523],[112.7966,-7.5231]]],[[[112.6279,-7.3734],[112.6275,-7.3749],[112.6267,-7.3758],[112.6275,-7.375],[112.6279,-7.3734]]],[[[112.7446,-7.5322],[112.7453,-7.5315],[112.7458,-7.5304],[112.7464,-7.5294],[112.7475,-7.5303],[112.7481,-7.5293],[112.7476,-7.5303],[112.7468,-7.5297],[112.7459,-7.5303],[112.7454,-7.5313],[112.7446,-7.5322]]],[[[112.5935,-7.3933],[112.5934,-7.3918],[112.5935,-7.3908],[112.5947,-7.3906],[112.5968,-7.3903],[112.5956,-7.3905],[112.5942,-7.3906],[112.5932,-7.391],[112.5934,-7.391],[112.5935,-7.3933]]],[[[112.7848,-7.3719],[112.7844,-7.3729],[112.7831,-7.3732],[112.7842,-7.373],[112.7848,-7.3719]]],[[[112.7368,-7.4242],[112.7371,-7.4232],[112.7374,-7.422],[112.7371,-7.4231],[112.7368,-7.4242]]],[[[112.7557,-7.383],[112.7528,-7.3826],[112.7517,-7.3826],[112.7506,-7.383],[112.7491,-7.3828],[112.7504,-7.383],[112.7514,-7.3831],[112.7519,-7.3826],[112.7557,-7.383]]],[[[112.7506,-7.3826],[112.7507,-7.3815],[112.751,-7.3803],[112.7504,-7.3785],[112.7506,-7.3796],[112.7509,-7.381],[112.7506,-7.3826]]],[[[112.5179,-7.4152],[112.5184,-7.4161],[112.5187,-7.4178],[112.5184,-7.4162],[112.5179,-7.4152]]],[[[112.772,-7.5582],[112.7722,-7.5593],[112.7727,-7.5602],[112.7745,-7.566],[112.773,-7.5607],[112.7725,-7.5598],[112.772,-7.5582]]],[[[112.7736,-7.3647],[112.7747,-7.3645],[112.7757,-7.3643],[112.7767,-7.3643],[112.7776,-7.3647],[112.7765,-7.3643],[112.775,-7.3645],[112.7736,-7.3647]]],[[[112.6841,-7.4556],[112.6846,-7.4547],[112.6857,-7.4546],[112.6869,-7.4546],[112.6874,-7.4527],[112.6871,-7.4538],[112.6863,-7.4546],[112.6853,-7.4545],[112.6841,-7.4556]]],[[[112.7979,-7.358],[112.7978,-7.3569],[112.7967,-7.3566],[112.7978,-7.3567],[112.7979,-7.358]]],[[[112.7819,-7.3481],[112.7827,-7.3474],[112.7842,-7.3478],[112.7829,-7.3475],[112.7819,-7.3481]]],[[[112.7715,-7.3482],[112.7724,-7.3476],[112.7726,-7.3462],[112.7724,-7.3475],[112.7715,-7.3482]]],[[[112.7729,-7.3448],[112.7733,-7.3438],[112.7735,-7.3428],[112.7747,-7.3425],[112.7736,-7.3424],[112.7734,-7.3434],[112.7729,-7.3448]]]]}}]}